Time_s,V_NoComp_pu,V_Capacitor_pu,V_STATCOM_pu,Q_STATCOM_MVAr,Q_Capacitor_MVAr,Qcmd_MVAr,V_CapBus_pu
0,0.895808243152976,1.02047693101511,1.03,9.73450116972825,15.6205975010102,9.73450116972825,1.02047693101511
0.001,0.895808243152976,1.02047693101511,1.03,9.73450116972825,15.6205975010102,9.73450116972825,1.02047693101511
0.002,0.895808243152976,1.02047693101511,1.03,9.73450116972825,15.6205975010102,9.73450116972825,1.02047693101511
0.003,0.895808243152976,1.02047693101511,1.03,9.73450116972825,15.6205975010102,9.73450116972825,1.02047693101511
0.004,0.895808243152976,1.02047693101511,1.03,9.73450116972825,15.6205975010102,9.73450116972825,1.02047693101511
0.005,0.895808243152976,1.02047693101511,1.03,9.73450116972825,15.6205975010102,9.73450116972825,1.02047693101511
0.006,0.895808243152976,1.02047693101511,1.03,9.73450116972825,15.6205975010102,9.73450116972825,1.02047693101511
0.007,0.895808243152976,1.02047693101511,1.03,9.73450116972825,15.6205975010102,9.73450116972825,1.02047693101511
0.008,0.895808243152976,1.02047693101511,1.03,9.73450116972825,15.6205975010102,9.73450116972825,1.02047693101511
0.009,0.895808243152976,1.02047693101511,1.03,9.73450116972825,15.6205975010102,9.73450116972825,1.02047693101511
0.01,0.895808243152976,1.02047693101511,1.03,9.73450116972825,15.6205975010102,9.73450116972825,1.02047693101511
0.011,0.895808243152976,1.02047693101511,1.03,9.73450116972825,15.6205975010102,9.73450116972825,1.02047693101511
0.012,0.895808243152976,1.02047693101511,1.03,9.73450116972825,15.6205975010102,9.73450116972825,1.02047693101511
0.013,0.895808243152976,1.02047693101511,1.03,9.73450116972825,15.6205975010102,9.73450116972825,1.02047693101511
0.014,0.895808243152976,1.02047693101511,1.03,9.73450116972825,15.6205975010102,9.73450116972825,1.02047693101511
0.015,0.895808243152976,1.02047693101511,1.03,9.73450116972825,15.6205975010102,9.73450116972825,1.02047693101511
0.016,0.895808243152976,1.02047693101511,1.03,9.73450116972825,15.6205975010102,9.73450116972825,1.02047693101511
0.017,0.895808243152976,1.02047693101511,1.03,9.73450116972825,15.6205975010102,9.73450116972825,1.02047693101511
0.018,0.895808243152976,1.02047693101511,1.03,9.73450116972825,15.6205975010102,9.73450116972825,1.02047693101511
0.019,0.895808243152976,1.02047693101511,1.03,9.73450116972825,15.6205975010102,9.73450116972825,1.02047693101511
0.02,0.895808243152976,1.02047693101511,1.03,9.73450116972825,15.6205975010102,9.73450116972825,1.02047693101511
0.021,0.895808243152976,1.02047693101511,1.03,9.73450116972825,15.6205975010102,9.73450116972825,1.02047693101511
0.022,0.895808243152976,1.02047693101511,1.03,9.73450116972825,15.6205975010102,9.73450116972825,1.02047693101511
0.023,0.895808243152976,1.02047693101511,1.03,9.73450116972825,15.6205975010102,9.73450116972825,1.02047693101511
0.024,0.895808243152976,1.02047693101511,1.03,9.73450116972825,15.6205975010102,9.73450116972825,1.02047693101511
0.025,0.895808243152976,1.02047693101511,1.03,9.73450116972825,15.6205975010102,9.73450116972825,1.02047693101511
0.026,0.895808243152976,1.02047693101511,1.03,9.73450116972825,15.6205975010102,9.73450116972825,1.02047693101511
0.027,0.895808243152976,1.02047693101511,1.03,9.73450116972825,15.6205975010102,9.73450116972825,1.02047693101511
0.028,0.895808243152976,1.02047693101511,1.03,9.73450116972825,15.6205975010102,9.73450116972825,1.02047693101511
0.029,0.895808243152976,1.02047693101511,1.03,9.73450116972825,15.6205975010102,9.73450116972825,1.02047693101511
0.03,0.895808243152976,1.02047693101511,1.03,9.73450116972825,15.6205975010102,9.73450116972825,1.02047693101511
0.031,0.895808243152976,1.02047693101511,1.03,9.73450116972825,15.6205975010102,9.73450116972825,1.02047693101511
0.032,0.895808243152976,1.02047693101511,1.03,9.73450116972825,15.6205975010102,9.73450116972825,1.02047693101511
0.033,0.895808243152976,1.02047693101511,1.03,9.73450116972825,15.6205975010102,9.73450116972825,1.02047693101511
0.034,0.895808243152976,1.02047693101511,1.03,9.73450116972825,15.6205975010102,9.73450116972825,1.02047693101511
0.035,0.895808243152976,1.02047693101511,1.03,9.73450116972825,15.6205975010102,9.73450116972825,1.02047693101511
0.036,0.895808243152976,1.02047693101511,1.03,9.73450116972825,15.6205975010102,9.73450116972825,1.02047693101511
0.037,0.895808243152976,1.02047693101511,1.03,9.73450116972825,15.6205975010102,9.73450116972825,1.02047693101511
0.038,0.895808243152976,1.02047693101511,1.03,9.73450116972825,15.6205975010102,9.73450116972825,1.02047693101511
0.039,0.895808243152976,1.02047693101511,1.03,9.73450116972825,15.6205975010102,9.73450116972825,1.02047693101511
0.04,0.895808243152976,1.02047693101511,1.03,9.73450116972825,15.6205975010102,9.73450116972825,1.02047693101511
0.041,0.895808243152976,1.02047693101511,1.03,9.73450116972825,15.6205975010102,9.73450116972825,1.02047693101511
0.042,0.895808243152976,1.02047693101511,1.03,9.73450116972825,15.6205975010102,9.73450116972825,1.02047693101511
0.043,0.895808243152976,1.02047693101511,1.03,9.73450116972825,15.6205975010102,9.73450116972825,1.02047693101511
0.044,0.895808243152976,1.02047693101511,1.03,9.73450116972825,15.6205975010102,9.73450116972825,1.02047693101511
0.045,0.895808243152976,1.02047693101511,1.03,9.73450116972825,15.6205975010102,9.73450116972825,1.02047693101511
0.046,0.895808243152976,1.02047693101511,1.03,9.73450116972825,15.6205975010102,9.73450116972825,1.02047693101511
0.047,0.895808243152976,1.02047693101511,1.03,9.73450116972825,15.6205975010102,9.73450116972825,1.02047693101511
0.048,0.895808243152976,1.02047693101511,1.03,9.73450116972825,15.6205975010102,9.73450116972825,1.02047693101511
0.049,0.895808243152976,1.02047693101511,1.03,9.73450116972825,15.6205975010102,9.73450116972825,1.02047693101511
0.05,0.895808243152976,1.02047693101511,1.03,9.73450116972825,15.6205975010102,9.73450116972825,1.02047693101511
0.051,0.895808243152976,1.02047693101511,1.03,9.73450116972825,15.6205975010102,9.73450116972825,1.02047693101511
0.052,0.895808243152976,1.02047693101511,1.03,9.73450116972825,15.6205975010102,9.73450116972825,1.02047693101511
0.053,0.895808243152976,1.02047693101511,1.03,9.73450116972825,15.6205975010102,9.73450116972825,1.02047693101511
0.054,0.895808243152976,1.02047693101511,1.03,9.73450116972825,15.6205975010102,9.73450116972825,1.02047693101511
0.055,0.895808243152976,1.02047693101511,1.03,9.73450116972825,15.6205975010102,9.73450116972825,1.02047693101511
0.056,0.895808243152976,1.02047693101511,1.03,9.73450116972825,15.6205975010102,9.73450116972825,1.02047693101511
0.057,0.895808243152976,1.02047693101511,1.03,9.73450116972825,15.6205975010102,9.73450116972825,1.02047693101511
0.058,0.895808243152976,1.02047693101511,1.03,9.73450116972825,15.6205975010102,9.73450116972825,1.02047693101511
0.059,0.895808243152976,1.02047693101511,1.03,9.73450116972825,15.6205975010102,9.73450116972825,1.02047693101511
0.06,0.895808243152976,1.02047693101511,1.03,9.73450116972825,15.6205975010102,9.73450116972825,1.02047693101511
0.061,0.895808243152976,1.02047693101511,1.03,9.73450116972825,15.6205975010102,9.73450116972825,1.02047693101511
0.062,0.895808243152976,1.02047693101511,1.03,9.73450116972825,15.6205975010102,9.73450116972825,1.02047693101511
0.063,0.895808243152976,1.02047693101511,1.03,9.73450116972825,15.6205975010102,9.73450116972825,1.02047693101511
0.064,0.895808243152976,1.02047693101511,1.03,9.73450116972825,15.6205975010102,9.73450116972825,1.02047693101511
0.065,0.895808243152976,1.02047693101511,1.03,9.73450116972825,15.6205975010102,9.73450116972825,1.02047693101511
0.066,0.895808243152976,1.02047693101511,1.03,9.73450116972825,15.6205975010102,9.73450116972825,1.02047693101511
0.067,0.895808243152976,1.02047693101511,1.03,9.73450116972825,15.6205975010102,9.73450116972825,1.02047693101511
0.068,0.895808243152976,1.02047693101511,1.03,9.73450116972825,15.6205975010102,9.73450116972825,1.02047693101511
0.069,0.895808243152976,1.02047693101511,1.03,9.73450116972825,15.6205975010102,9.73450116972825,1.02047693101511
0.07,0.895808243152976,1.02047693101511,1.03,9.73450116972825,15.6205975010102,9.73450116972825,1.02047693101511
0.071,0.895808243152976,1.02047693101511,1.03,9.73450116972825,15.6205975010102,9.73450116972825,1.02047693101511
0.072,0.895808243152976,1.02047693101511,1.03,9.73450116972825,15.6205975010102,9.73450116972825,1.02047693101511
0.073,0.895808243152976,1.02047693101511,1.03,9.73450116972825,15.6205975010102,9.73450116972825,1.02047693101511
0.074,0.895808243152976,1.02047693101511,1.03,9.73450116972825,15.6205975010102,9.73450116972825,1.02047693101511
0.075,0.895808243152976,1.02047693101511,1.03,9.73450116972825,15.6205975010102,9.73450116972825,1.02047693101511
0.076,0.895808243152976,1.02047693101511,1.03,9.73450116972825,15.6205975010102,9.73450116972825,1.02047693101511
0.077,0.895808243152976,1.02047693101511,1.03,9.73450116972825,15.6205975010102,9.73450116972825,1.02047693101511
0.078,0.895808243152976,1.02047693101511,1.03,9.73450116972825,15.6205975010102,9.73450116972825,1.02047693101511
0.079,0.895808243152976,1.02047693101511,1.03,9.73450116972825,15.6205975010102,9.73450116972825,1.02047693101511
0.08,0.895808243152976,1.02047693101511,1.03,9.73450116972825,15.6205975010102,9.73450116972825,1.02047693101511
0.081,0.895808243152976,1.02047693101511,1.03,9.73450116972825,15.6205975010102,9.73450116972825,1.02047693101511
0.082,0.895808243152976,1.02047693101511,1.03,9.73450116972825,15.6205975010102,9.73450116972825,1.02047693101511
0.083,0.895808243152976,1.02047693101511,1.03,9.73450116972825,15.6205975010102,9.73450116972825,1.02047693101511
0.084,0.895808243152976,1.02047693101511,1.03,9.73450116972825,15.6205975010102,9.73450116972825,1.02047693101511
0.085,0.895808243152976,1.02047693101511,1.03,9.73450116972825,15.6205975010102,9.73450116972825,1.02047693101511
0.086,0.895808243152976,1.02047693101511,1.03,9.73450116972825,15.6205975010102,9.73450116972825,1.02047693101511
0.087,0.895808243152976,1.02047693101511,1.03,9.73450116972825,15.6205975010102,9.73450116972825,1.02047693101511
0.088,0.895808243152976,1.02047693101511,1.03,9.73450116972825,15.6205975010102,9.73450116972825,1.02047693101511
0.089,0.895808243152976,1.02047693101511,1.03,9.73450116972825,15.6205975010102,9.73450116972825,1.02047693101511
0.09,0.895808243152976,1.02047693101511,1.03,9.73450116972825,15.6205975010102,9.73450116972825,1.02047693101511
0.091,0.895808243152976,1.02047693101511,1.03,9.73450116972825,15.6205975010102,9.73450116972825,1.02047693101511
0.092,0.895808243152976,1.02047693101511,1.03,9.73450116972825,15.6205975010102,9.73450116972825,1.02047693101511
0.093,0.895808243152976,1.02047693101511,1.03,9.73450116972825,15.6205975010102,9.73450116972825,1.02047693101511
0.094,0.895808243152976,1.02047693101511,1.03,9.73450116972825,15.6205975010102,9.73450116972825,1.02047693101511
0.095,0.895808243152976,1.02047693101511,1.03,9.73450116972825,15.6205975010102,9.73450116972825,1.02047693101511
0.096,0.895808243152976,1.02047693101511,1.03,9.73450116972825,15.6205975010102,9.73450116972825,1.02047693101511
0.097,0.895808243152976,1.02047693101511,1.03,9.73450116972825,15.6205975010102,9.73450116972825,1.02047693101511
0.098,0.895808243152976,1.02047693101511,1.03,9.73450116972825,15.6205975010102,9.73450116972825,1.02047693101511
0.099,0.895808243152976,1.02047693101511,1.03,9.73450116972825,15.6205975010102,9.73450116972825,1.02047693101511
0.1,0.895808243152976,1.02047693101511,1.03,9.73450116972825,15.6205975010102,9.73450116972825,1.02047693101511
0.101,0.895808243152976,1.02047693101511,1.03,9.73450116972825,15.6205975010102,9.73450116972825,1.02047693101511
0.102,0.895808243152976,1.02047693101511,1.03,9.73450116972825,15.6205975010102,9.73450116972825,1.02047693101511
0.103,0.895808243152976,1.02047693101511,1.03,9.73450116972825,15.6205975010102,9.73450116972825,1.02047693101511
0.104,0.895808243152976,1.02047693101511,1.03,9.73450116972825,15.6205975010102,9.73450116972825,1.02047693101511
0.105,0.895808243152976,1.02047693101511,1.03,9.73450116972825,15.6205975010102,9.73450116972825,1.02047693101511
0.106,0.895808243152976,1.02047693101511,1.03,9.73450116972825,15.6205975010102,9.73450116972825,1.02047693101511
0.107,0.895808243152976,1.02047693101511,1.03,9.73450116972825,15.6205975010102,9.73450116972825,1.02047693101511
0.108,0.895808243152976,1.02047693101511,1.03,9.73450116972825,15.6205975010102,9.73450116972825,1.02047693101511
0.109,0.895808243152976,1.02047693101511,1.03,9.73450116972825,15.6205975010102,9.73450116972825,1.02047693101511
0.11,0.895808243152976,1.02047693101511,1.03,9.73450116972825,15.6205975010102,9.73450116972825,1.02047693101511
0.111,0.895808243152976,1.02047693101511,1.03,9.73450116972825,15.6205975010102,9.73450116972825,1.02047693101511
0.112,0.895808243152976,1.02047693101511,1.03,9.73450116972825,15.6205975010102,9.73450116972825,1.02047693101511
0.113,0.895808243152976,1.02047693101511,1.03,9.73450116972825,15.6205975010102,9.73450116972825,1.02047693101511
0.114,0.895808243152976,1.02047693101511,1.03,9.73450116972825,15.6205975010102,9.73450116972825,1.02047693101511
0.115,0.895808243152976,1.02047693101511,1.03,9.73450116972825,15.6205975010102,9.73450116972825,1.02047693101511
0.116,0.895808243152976,1.02047693101511,1.03,9.73450116972825,15.6205975010102,9.73450116972825,1.02047693101511
0.117,0.895808243152976,1.02047693101511,1.03,9.73450116972825,15.6205975010102,9.73450116972825,1.02047693101511
0.118,0.895808243152976,1.02047693101511,1.03,9.73450116972825,15.6205975010102,9.73450116972825,1.02047693101511
0.119,0.895808243152976,1.02047693101511,1.03,9.73450116972825,15.6205975010102,9.73450116972825,1.02047693101511
0.12,0.895808243152976,1.02047693101511,1.03,9.73450116972825,15.6205975010102,9.73450116972825,1.02047693101511
0.121,0.895808243152976,1.02047693101511,1.03,9.73450116972825,15.6205975010102,9.73450116972825,1.02047693101511
0.122,0.895808243152976,1.02047693101511,1.03,9.73450116972825,15.6205975010102,9.73450116972825,1.02047693101511
0.123,0.895808243152976,1.02047693101511,1.03,9.73450116972825,15.6205975010102,9.73450116972825,1.02047693101511
0.124,0.895808243152976,1.02047693101511,1.03,9.73450116972825,15.6205975010102,9.73450116972825,1.02047693101511
0.125,0.895808243152976,1.02047693101511,1.03,9.73450116972825,15.6205975010102,9.73450116972825,1.02047693101511
0.126,0.895808243152976,1.02047693101511,1.03,9.73450116972825,15.6205975010102,9.73450116972825,1.02047693101511
0.127,0.895808243152976,1.02047693101511,1.03,9.73450116972825,15.6205975010102,9.73450116972825,1.02047693101511
0.128,0.895808243152976,1.02047693101511,1.03,9.73450116972825,15.6205975010102,9.73450116972825,1.02047693101511
0.129,0.895808243152976,1.02047693101511,1.03,9.73450116972825,15.6205975010102,9.73450116972825,1.02047693101511
0.13,0.895808243152976,1.02047693101511,1.03,9.73450116972825,15.6205975010102,9.73450116972825,1.02047693101511
0.131,0.895808243152976,1.02047693101511,1.03,9.73450116972825,15.6205975010102,9.73450116972825,1.02047693101511
0.132,0.895808243152976,1.02047693101511,1.03,9.73450116972825,15.6205975010102,9.73450116972825,1.02047693101511
0.133,0.895808243152976,1.02047693101511,1.03,9.73450116972825,15.6205975010102,9.73450116972825,1.02047693101511
0.134,0.895808243152976,1.02047693101511,1.03,9.73450116972825,15.6205975010102,9.73450116972825,1.02047693101511
0.135,0.895808243152976,1.02047693101511,1.03,9.73450116972825,15.6205975010102,9.73450116972825,1.02047693101511
0.136,0.895808243152976,1.02047693101511,1.03,9.73450116972825,15.6205975010102,9.73450116972825,1.02047693101511
0.137,0.895808243152976,1.02047693101511,1.03,9.73450116972825,15.6205975010102,9.73450116972825,1.02047693101511
0.138,0.895808243152976,1.02047693101511,1.03,9.73450116972825,15.6205975010102,9.73450116972825,1.02047693101511
0.139,0.895808243152976,1.02047693101511,1.03,9.73450116972825,15.6205975010102,9.73450116972825,1.02047693101511
0.14,0.895808243152976,1.02047693101511,1.03,9.73450116972825,15.6205975010102,9.73450116972825,1.02047693101511
0.141,0.895808243152976,1.02047693101511,1.03,9.73450116972825,15.6205975010102,9.73450116972825,1.02047693101511
0.142,0.895808243152976,1.02047693101511,1.03,9.73450116972825,15.6205975010102,9.73450116972825,1.02047693101511
0.143,0.895808243152976,1.02047693101511,1.03,9.73450116972825,15.6205975010102,9.73450116972825,1.02047693101511
0.144,0.895808243152976,1.02047693101511,1.03,9.73450116972825,15.6205975010102,9.73450116972825,1.02047693101511
0.145,0.895808243152976,1.02047693101511,1.03,9.73450116972825,15.6205975010102,9.73450116972825,1.02047693101511
0.146,0.895808243152976,1.02047693101511,1.03,9.73450116972825,15.6205975010102,9.73450116972825,1.02047693101511
0.147,0.895808243152976,1.02047693101511,1.03,9.73450116972825,15.6205975010102,9.73450116972825,1.02047693101511
0.148,0.895808243152976,1.02047693101511,1.03,9.73450116972825,15.6205975010102,9.73450116972825,1.02047693101511
0.149,0.895808243152976,1.02047693101511,1.03,9.73450116972825,15.6205975010102,9.73450116972825,1.02047693101511
0.15,0.895808243152976,1.02047693101511,1.03,9.73450116972825,15.6205975010102,9.73450116972825,1.02047693101511
0.151,0.895808243152976,1.02047693101511,1.03,9.73450116972825,15.6205975010102,9.73450116972825,1.02047693101511
0.152,0.895808243152976,1.02047693101511,1.03,9.73450116972825,15.6205975010102,9.73450116972825,1.02047693101511
0.153,0.895808243152976,1.02047693101511,1.03,9.73450116972825,15.6205975010102,9.73450116972825,1.02047693101511
0.154,0.895808243152976,1.02047693101511,1.03,9.73450116972825,15.6205975010102,9.73450116972825,1.02047693101511
0.155,0.895808243152976,1.02047693101511,1.03,9.73450116972825,15.6205975010102,9.73450116972825,1.02047693101511
0.156,0.895808243152976,1.02047693101511,1.03,9.73450116972825,15.6205975010102,9.73450116972825,1.02047693101511
0.157,0.895808243152976,1.02047693101511,1.03,9.73450116972825,15.6205975010102,9.73450116972825,1.02047693101511
0.158,0.895808243152976,1.02047693101511,1.03,9.73450116972825,15.6205975010102,9.73450116972825,1.02047693101511
0.159,0.895808243152976,1.02047693101511,1.03,9.73450116972825,15.6205975010102,9.73450116972825,1.02047693101511
0.16,0.895808243152976,1.02047693101511,1.03,9.73450116972825,15.6205975010102,9.73450116972825,1.02047693101511
0.161,0.895808243152976,1.02047693101511,1.03,9.73450116972825,15.6205975010102,9.73450116972825,1.02047693101511
0.162,0.895808243152976,1.02047693101511,1.03,9.73450116972825,15.6205975010102,9.73450116972825,1.02047693101511
0.163,0.895808243152976,1.02047693101511,1.03,9.73450116972825,15.6205975010102,9.73450116972825,1.02047693101511
0.164,0.895808243152976,1.02047693101511,1.03,9.73450116972825,15.6205975010102,9.73450116972825,1.02047693101511
0.165,0.895808243152976,1.02047693101511,1.03,9.73450116972825,15.6205975010102,9.73450116972825,1.02047693101511
0.166,0.895808243152976,1.02047693101511,1.03,9.73450116972825,15.6205975010102,9.73450116972825,1.02047693101511
0.167,0.895808243152976,1.02047693101511,1.03,9.73450116972825,15.6205975010102,9.73450116972825,1.02047693101511
0.168,0.895808243152976,1.02047693101511,1.03,9.73450116972825,15.6205975010102,9.73450116972825,1.02047693101511
0.169,0.895808243152976,1.02047693101511,1.03,9.73450116972825,15.6205975010102,9.73450116972825,1.02047693101511
0.17,0.895808243152976,1.02047693101511,1.03,9.73450116972825,15.6205975010102,9.73450116972825,1.02047693101511
0.171,0.895808243152976,1.02047693101511,1.03,9.73450116972825,15.6205975010102,9.73450116972825,1.02047693101511
0.172,0.895808243152976,1.02047693101511,1.03,9.73450116972825,15.6205975010102,9.73450116972825,1.02047693101511
0.173,0.895808243152976,1.02047693101511,1.03,9.73450116972825,15.6205975010102,9.73450116972825,1.02047693101511
0.174,0.895808243152976,1.02047693101511,1.03,9.73450116972825,15.6205975010102,9.73450116972825,1.02047693101511
0.175,0.895808243152976,1.02047693101511,1.03,9.73450116972825,15.6205975010102,9.73450116972825,1.02047693101511
0.176,0.895808243152976,1.02047693101511,1.03,9.73450116972825,15.6205975010102,9.73450116972825,1.02047693101511
0.177,0.895808243152976,1.02047693101511,1.03,9.73450116972825,15.6205975010102,9.73450116972825,1.02047693101511
0.178,0.895808243152976,1.02047693101511,1.03,9.73450116972825,15.6205975010102,9.73450116972825,1.02047693101511
0.179,0.895808243152976,1.02047693101511,1.03,9.73450116972825,15.6205975010102,9.73450116972825,1.02047693101511
0.18,0.895808243152976,1.02047693101511,1.03,9.73450116972825,15.6205975010102,9.73450116972825,1.02047693101511
0.181,0.895808243152976,1.02047693101511,1.03,9.73450116972825,15.6205975010102,9.73450116972825,1.02047693101511
0.182,0.895808243152976,1.02047693101511,1.03,9.73450116972825,15.6205975010102,9.73450116972825,1.02047693101511
0.183,0.895808243152976,1.02047693101511,1.03,9.73450116972825,15.6205975010102,9.73450116972825,1.02047693101511
0.184,0.895808243152976,1.02047693101511,1.03,9.73450116972825,15.6205975010102,9.73450116972825,1.02047693101511
0.185,0.895808243152976,1.02047693101511,1.03,9.73450116972825,15.6205975010102,9.73450116972825,1.02047693101511
0.186,0.895808243152976,1.02047693101511,1.03,9.73450116972825,15.6205975010102,9.73450116972825,1.02047693101511
0.187,0.895808243152976,1.02047693101511,1.03,9.73450116972825,15.6205975010102,9.73450116972825,1.02047693101511
0.188,0.895808243152976,1.02047693101511,1.03,9.73450116972825,15.6205975010102,9.73450116972825,1.02047693101511
0.189,0.895808243152976,1.02047693101511,1.03,9.73450116972825,15.6205975010102,9.73450116972825,1.02047693101511
0.19,0.895808243152976,1.02047693101511,1.03,9.73450116972825,15.6205975010102,9.73450116972825,1.02047693101511
0.191,0.895808243152976,1.02047693101511,1.03,9.73450116972825,15.6205975010102,9.73450116972825,1.02047693101511
0.192,0.895808243152976,1.02047693101511,1.03,9.73450116972825,15.6205975010102,9.73450116972825,1.02047693101511
0.193,0.895808243152976,1.02047693101511,1.03,9.73450116972825,15.6205975010102,9.73450116972825,1.02047693101511
0.194,0.895808243152976,1.02047693101511,1.03,9.73450116972825,15.6205975010102,9.73450116972825,1.02047693101511
0.195,0.895808243152976,1.02047693101511,1.03,9.73450116972825,15.6205975010102,9.73450116972825,1.02047693101511
0.196,0.895808243152976,1.02047693101511,1.03,9.73450116972825,15.6205975010102,9.73450116972825,1.02047693101511
0.197,0.895808243152976,1.02047693101511,1.03,9.73450116972825,15.6205975010102,9.73450116972825,1.02047693101511
0.198,0.895808243152976,1.02047693101511,1.03,9.73450116972825,15.6205975010102,9.73450116972825,1.02047693101511
0.199,0.895808243152976,1.02047693101511,1.03,9.73450116972825,15.6205975010102,9.73450116972825,1.02047693101511
0.2,0.895808243152976,1.02047693101511,1.03,9.73450116972825,15.6205975010102,9.73450116972825,1.02047693101511
0.201,0.895808243152976,1.02047693101511,1.03,9.73450116972825,15.6205975010102,9.73450116972825,1.02047693101511
0.202,0.895808243152976,1.02047693101511,1.03,9.73450116972825,15.6205975010102,9.73450116972825,1.02047693101511
0.203,0.895808243152976,1.02047693101511,1.03,9.73450116972825,15.6205975010102,9.73450116972825,1.02047693101511
0.204,0.895808243152976,1.02047693101511,1.03,9.73450116972825,15.6205975010102,9.73450116972825,1.02047693101511
0.205,0.895808243152976,1.02047693101511,1.03,9.73450116972825,15.6205975010102,9.73450116972825,1.02047693101511
0.206,0.895808243152976,1.02047693101511,1.03,9.73450116972825,15.6205975010102,9.73450116972825,1.02047693101511
0.207,0.895808243152976,1.02047693101511,1.03,9.73450116972825,15.6205975010102,9.73450116972825,1.02047693101511
0.208,0.895808243152976,1.02047693101511,1.03,9.73450116972825,15.6205975010102,9.73450116972825,1.02047693101511
0.209,0.895808243152976,1.02047693101511,1.03,9.73450116972825,15.6205975010102,9.73450116972825,1.02047693101511
0.21,0.895808243152976,1.02047693101511,1.03,9.73450116972825,15.6205975010102,9.73450116972825,1.02047693101511
0.211,0.895808243152976,1.02047693101511,1.03,9.73450116972825,15.6205975010102,9.73450116972825,1.02047693101511
0.212,0.895808243152976,1.02047693101511,1.03,9.73450116972825,15.6205975010102,9.73450116972825,1.02047693101511
0.213,0.895808243152976,1.02047693101511,1.03,9.73450116972825,15.6205975010102,9.73450116972825,1.02047693101511
0.214,0.895808243152976,1.02047693101511,1.03,9.73450116972825,15.6205975010102,9.73450116972825,1.02047693101511
0.215,0.895808243152976,1.02047693101511,1.03,9.73450116972825,15.6205975010102,9.73450116972825,1.02047693101511
0.216,0.895808243152976,1.02047693101511,1.03,9.73450116972825,15.6205975010102,9.73450116972825,1.02047693101511
0.217,0.895808243152976,1.02047693101511,1.03,9.73450116972825,15.6205975010102,9.73450116972825,1.02047693101511
0.218,0.895808243152976,1.02047693101511,1.03,9.73450116972825,15.6205975010102,9.73450116972825,1.02047693101511
0.219,0.895808243152976,1.02047693101511,1.03,9.73450116972825,15.6205975010102,9.73450116972825,1.02047693101511
0.22,0.895808243152976,1.02047693101511,1.03,9.73450116972825,15.6205975010102,9.73450116972825,1.02047693101511
0.221,0.895808243152976,1.02047693101511,1.03,9.73450116972825,15.6205975010102,9.73450116972825,1.02047693101511
0.222,0.895808243152976,1.02047693101511,1.03,9.73450116972825,15.6205975010102,9.73450116972825,1.02047693101511
0.223,0.895808243152976,1.02047693101511,1.03,9.73450116972825,15.6205975010102,9.73450116972825,1.02047693101511
0.224,0.895808243152976,1.02047693101511,1.03,9.73450116972825,15.6205975010102,9.73450116972825,1.02047693101511
0.225,0.895808243152976,1.02047693101511,1.03,9.73450116972825,15.6205975010102,9.73450116972825,1.02047693101511
0.226,0.895808243152976,1.02047693101511,1.03,9.73450116972825,15.6205975010102,9.73450116972825,1.02047693101511
0.227,0.895808243152976,1.02047693101511,1.03,9.73450116972825,15.6205975010102,9.73450116972825,1.02047693101511
0.228,0.895808243152976,1.02047693101511,1.03,9.73450116972825,15.6205975010102,9.73450116972825,1.02047693101511
0.229,0.895808243152976,1.02047693101511,1.03,9.73450116972825,15.6205975010102,9.73450116972825,1.02047693101511
0.23,0.895808243152976,1.02047693101511,1.03,9.73450116972825,15.6205975010102,9.73450116972825,1.02047693101511
0.231,0.895808243152976,1.02047693101511,1.03,9.73450116972825,15.6205975010102,9.73450116972825,1.02047693101511
0.232,0.895808243152976,1.02047693101511,1.03,9.73450116972825,15.6205975010102,9.73450116972825,1.02047693101511
0.233,0.895808243152976,1.02047693101511,1.03,9.73450116972825,15.6205975010102,9.73450116972825,1.02047693101511
0.234,0.895808243152976,1.02047693101511,1.03,9.73450116972825,15.6205975010102,9.73450116972825,1.02047693101511
0.235,0.895808243152976,1.02047693101511,1.03,9.73450116972825,15.6205975010102,9.73450116972825,1.02047693101511
0.236,0.895808243152976,1.02047693101511,1.03,9.73450116972825,15.6205975010102,9.73450116972825,1.02047693101511
0.237,0.895808243152976,1.02047693101511,1.03,9.73450116972825,15.6205975010102,9.73450116972825,1.02047693101511
0.238,0.895808243152976,1.02047693101511,1.03,9.73450116972825,15.6205975010102,9.73450116972825,1.02047693101511
0.239,0.895808243152976,1.02047693101511,1.03,9.73450116972825,15.6205975010102,9.73450116972825,1.02047693101511
0.24,0.895808243152976,1.02047693101511,1.03,9.73450116972825,15.6205975010102,9.73450116972825,1.02047693101511
0.241,0.895808243152976,1.02047693101511,1.03,9.73450116972825,15.6205975010102,9.73450116972825,1.02047693101511
0.242,0.895808243152976,1.02047693101511,1.03,9.73450116972825,15.6205975010102,9.73450116972825,1.02047693101511
0.243,0.895808243152976,1.02047693101511,1.03,9.73450116972825,15.6205975010102,9.73450116972825,1.02047693101511
0.244,0.895808243152976,1.02047693101511,1.03,9.73450116972825,15.6205975010102,9.73450116972825,1.02047693101511
0.245,0.895808243152976,1.02047693101511,1.03,9.73450116972825,15.6205975010102,9.73450116972825,1.02047693101511
0.246,0.895808243152976,1.02047693101511,1.03,9.73450116972825,15.6205975010102,9.73450116972825,1.02047693101511
0.247,0.895808243152976,1.02047693101511,1.03,9.73450116972825,15.6205975010102,9.73450116972825,1.02047693101511
0.248,0.895808243152976,1.02047693101511,1.03,9.73450116972825,15.6205975010102,9.73450116972825,1.02047693101511
0.249,0.895808243152976,1.02047693101511,1.03,9.73450116972825,15.6205975010102,9.73450116972825,1.02047693101511
0.25,0.895808243152976,1.02047693101511,1.03,9.73450116972825,15.6205975010102,9.73450116972825,1.02047693101511
0.251,0.895808243152976,1.02047693101511,1.03,9.73450116972825,15.6205975010102,9.73450116972825,1.02047693101511
0.252,0.895808243152976,1.02047693101511,1.03,9.73450116972825,15.6205975010102,9.73450116972825,1.02047693101511
0.253,0.895808243152976,1.02047693101511,1.03,9.73450116972825,15.6205975010102,9.73450116972825,1.02047693101511
0.254,0.895808243152976,1.02047693101511,1.03,9.73450116972825,15.6205975010102,9.73450116972825,1.02047693101511
0.255,0.895808243152976,1.02047693101511,1.03,9.73450116972825,15.6205975010102,9.73450116972825,1.02047693101511
0.256,0.895808243152976,1.02047693101511,1.03,9.73450116972825,15.6205975010102,9.73450116972825,1.02047693101511
0.257,0.895808243152976,1.02047693101511,1.03,9.73450116972825,15.6205975010102,9.73450116972825,1.02047693101511
0.258,0.895808243152976,1.02047693101511,1.03,9.73450116972825,15.6205975010102,9.73450116972825,1.02047693101511
0.259,0.895808243152976,1.02047693101511,1.03,9.73450116972825,15.6205975010102,9.73450116972825,1.02047693101511
0.26,0.895808243152976,1.02047693101511,1.03,9.73450116972825,15.6205975010102,9.73450116972825,1.02047693101511
0.261,0.895808243152976,1.02047693101511,1.03,9.73450116972825,15.6205975010102,9.73450116972825,1.02047693101511
0.262,0.895808243152976,1.02047693101511,1.03,9.73450116972825,15.6205975010102,9.73450116972825,1.02047693101511
0.263,0.895808243152976,1.02047693101511,1.03,9.73450116972825,15.6205975010102,9.73450116972825,1.02047693101511
0.264,0.895808243152976,1.02047693101511,1.03,9.73450116972825,15.6205975010102,9.73450116972825,1.02047693101511
0.265,0.895808243152976,1.02047693101511,1.03,9.73450116972825,15.6205975010102,9.73450116972825,1.02047693101511
0.266,0.895808243152976,1.02047693101511,1.03,9.73450116972825,15.6205975010102,9.73450116972825,1.02047693101511
0.267,0.895808243152976,1.02047693101511,1.03,9.73450116972825,15.6205975010102,9.73450116972825,1.02047693101511
0.268,0.895808243152976,1.02047693101511,1.03,9.73450116972825,15.6205975010102,9.73450116972825,1.02047693101511
0.269,0.895808243152976,1.02047693101511,1.03,9.73450116972825,15.6205975010102,9.73450116972825,1.02047693101511
0.27,0.895808243152976,1.02047693101511,1.03,9.73450116972825,15.6205975010102,9.73450116972825,1.02047693101511
0.271,0.895808243152976,1.02047693101511,1.03,9.73450116972825,15.6205975010102,9.73450116972825,1.02047693101511
0.272,0.895808243152976,1.02047693101511,1.03,9.73450116972825,15.6205975010102,9.73450116972825,1.02047693101511
0.273,0.895808243152976,1.02047693101511,1.03,9.73450116972825,15.6205975010102,9.73450116972825,1.02047693101511
0.274,0.895808243152976,1.02047693101511,1.03,9.73450116972825,15.6205975010102,9.73450116972825,1.02047693101511
0.275,0.895808243152976,1.02047693101511,1.03,9.73450116972825,15.6205975010102,9.73450116972825,1.02047693101511
0.276,0.895808243152976,1.02047693101511,1.03,9.73450116972825,15.6205975010102,9.73450116972825,1.02047693101511
0.277,0.895808243152976,1.02047693101511,1.03,9.73450116972825,15.6205975010102,9.73450116972825,1.02047693101511
0.278,0.895808243152976,1.02047693101511,1.03,9.73450116972825,15.6205975010102,9.73450116972825,1.02047693101511
0.279,0.895808243152976,1.02047693101511,1.03,9.73450116972825,15.6205975010102,9.73450116972825,1.02047693101511
0.28,0.895808243152976,1.02047693101511,1.03,9.73450116972825,15.6205975010102,9.73450116972825,1.02047693101511
0.281,0.895808243152976,1.02047693101511,1.03,9.73450116972825,15.6205975010102,9.73450116972825,1.02047693101511
0.282,0.895808243152976,1.02047693101511,1.03,9.73450116972825,15.6205975010102,9.73450116972825,1.02047693101511
0.283,0.895808243152976,1.02047693101511,1.03,9.73450116972825,15.6205975010102,9.73450116972825,1.02047693101511
0.284,0.895808243152976,1.02047693101511,1.03,9.73450116972825,15.6205975010102,9.73450116972825,1.02047693101511
0.285,0.895808243152976,1.02047693101511,1.03,9.73450116972825,15.6205975010102,9.73450116972825,1.02047693101511
0.286,0.895808243152976,1.02047693101511,1.03,9.73450116972825,15.6205975010102,9.73450116972825,1.02047693101511
0.287,0.895808243152976,1.02047693101511,1.03,9.73450116972825,15.6205975010102,9.73450116972825,1.02047693101511
0.288,0.895808243152976,1.02047693101511,1.03,9.73450116972825,15.6205975010102,9.73450116972825,1.02047693101511
0.289,0.895808243152976,1.02047693101511,1.03,9.73450116972825,15.6205975010102,9.73450116972825,1.02047693101511
0.29,0.895808243152976,1.02047693101511,1.03,9.73450116972825,15.6205975010102,9.73450116972825,1.02047693101511
0.291,0.895808243152976,1.02047693101511,1.03,9.73450116972825,15.6205975010102,9.73450116972825,1.02047693101511
0.292,0.895808243152976,1.02047693101511,1.03,9.73450116972825,15.6205975010102,9.73450116972825,1.02047693101511
0.293,0.895808243152976,1.02047693101511,1.03,9.73450116972825,15.6205975010102,9.73450116972825,1.02047693101511
0.294,0.895808243152976,1.02047693101511,1.03,9.73450116972825,15.6205975010102,9.73450116972825,1.02047693101511
0.295,0.895808243152976,1.02047693101511,1.03,9.73450116972825,15.6205975010102,9.73450116972825,1.02047693101511
0.296,0.895808243152976,1.02047693101511,1.03,9.73450116972825,15.6205975010102,9.73450116972825,1.02047693101511
0.297,0.895808243152976,1.02047693101511,1.03,9.73450116972825,15.6205975010102,9.73450116972825,1.02047693101511
0.298,0.895808243152976,1.02047693101511,1.03,9.73450116972825,15.6205975010102,9.73450116972825,1.02047693101511
0.299,0.895808243152976,1.02047693101511,1.03,9.73450116972825,15.6205975010102,9.73450116972825,1.02047693101511
0.3,0.895808243152976,1.02047693101511,1.03,9.73450116972825,15.6205975010102,9.73450116972825,1.02047693101511
0.301,0.895808243152976,1.02047693101511,1.03,9.73450116972825,15.6205975010102,9.73450116972825,1.02047693101511
0.302,0.895808243152976,1.02047693101511,1.03,9.73450116972825,15.6205975010102,9.73450116972825,1.02047693101511
0.303,0.895808243152976,1.02047693101511,1.03,9.73450116972825,15.6205975010102,9.73450116972825,1.02047693101511
0.304,0.895808243152976,1.02047693101511,1.03,9.73450116972825,15.6205975010102,9.73450116972825,1.02047693101511
0.305,0.895808243152976,1.02047693101511,1.03,9.73450116972825,15.6205975010102,9.73450116972825,1.02047693101511
0.306,0.895808243152976,1.02047693101511,1.03,9.73450116972825,15.6205975010102,9.73450116972825,1.02047693101511
0.307,0.895808243152976,1.02047693101511,1.03,9.73450116972825,15.6205975010102,9.73450116972825,1.02047693101511
0.308,0.895808243152976,1.02047693101511,1.03,9.73450116972825,15.6205975010102,9.73450116972825,1.02047693101511
0.309,0.895808243152976,1.02047693101511,1.03,9.73450116972825,15.6205975010102,9.73450116972825,1.02047693101511
0.31,0.895808243152976,1.02047693101511,1.03,9.73450116972825,15.6205975010102,9.73450116972825,1.02047693101511
0.311,0.895808243152976,1.02047693101511,1.03,9.73450116972825,15.6205975010102,9.73450116972825,1.02047693101511
0.312,0.895808243152976,1.02047693101511,1.03,9.73450116972825,15.6205975010102,9.73450116972825,1.02047693101511
0.313,0.895808243152976,1.02047693101511,1.03,9.73450116972825,15.6205975010102,9.73450116972825,1.02047693101511
0.314,0.895808243152976,1.02047693101511,1.03,9.73450116972825,15.6205975010102,9.73450116972825,1.02047693101511
0.315,0.895808243152976,1.02047693101511,1.03,9.73450116972825,15.6205975010102,9.73450116972825,1.02047693101511
0.316,0.895808243152976,1.02047693101511,1.03,9.73450116972825,15.6205975010102,9.73450116972825,1.02047693101511
0.317,0.895808243152976,1.02047693101511,1.03,9.73450116972825,15.6205975010102,9.73450116972825,1.02047693101511
0.318,0.895808243152976,1.02047693101511,1.03,9.73450116972825,15.6205975010102,9.73450116972825,1.02047693101511
0.319,0.895808243152976,1.02047693101511,1.03,9.73450116972825,15.6205975010102,9.73450116972825,1.02047693101511
0.32,0.895808243152976,1.02047693101511,1.03,9.73450116972825,15.6205975010102,9.73450116972825,1.02047693101511
0.321,0.895808243152976,1.02047693101511,1.03,9.73450116972825,15.6205975010102,9.73450116972825,1.02047693101511
0.322,0.895808243152976,1.02047693101511,1.03,9.73450116972825,15.6205975010102,9.73450116972825,1.02047693101511
0.323,0.895808243152976,1.02047693101511,1.03,9.73450116972825,15.6205975010102,9.73450116972825,1.02047693101511
0.324,0.895808243152976,1.02047693101511,1.03,9.73450116972825,15.6205975010102,9.73450116972825,1.02047693101511
0.325,0.895808243152976,1.02047693101511,1.03,9.73450116972825,15.6205975010102,9.73450116972825,1.02047693101511
0.326,0.895808243152976,1.02047693101511,1.03,9.73450116972825,15.6205975010102,9.73450116972825,1.02047693101511
0.327,0.895808243152976,1.02047693101511,1.03,9.73450116972825,15.6205975010102,9.73450116972825,1.02047693101511
0.328,0.895808243152976,1.02047693101511,1.03,9.73450116972825,15.6205975010102,9.73450116972825,1.02047693101511
0.329,0.895808243152976,1.02047693101511,1.03,9.73450116972825,15.6205975010102,9.73450116972825,1.02047693101511
0.33,0.895808243152976,1.02047693101511,1.03,9.73450116972825,15.6205975010102,9.73450116972825,1.02047693101511
0.331,0.895808243152976,1.02047693101511,1.03,9.73450116972825,15.6205975010102,9.73450116972825,1.02047693101511
0.332,0.895808243152976,1.02047693101511,1.03,9.73450116972825,15.6205975010102,9.73450116972825,1.02047693101511
0.333,0.895808243152976,1.02047693101511,1.03,9.73450116972825,15.6205975010102,9.73450116972825,1.02047693101511
0.334,0.895808243152976,1.02047693101511,1.03,9.73450116972825,15.6205975010102,9.73450116972825,1.02047693101511
0.335,0.895808243152976,1.02047693101511,1.03,9.73450116972825,15.6205975010102,9.73450116972825,1.02047693101511
0.336,0.895808243152976,1.02047693101511,1.03,9.73450116972825,15.6205975010102,9.73450116972825,1.02047693101511
0.337,0.895808243152976,1.02047693101511,1.03,9.73450116972825,15.6205975010102,9.73450116972825,1.02047693101511
0.338,0.895808243152976,1.02047693101511,1.03,9.73450116972825,15.6205975010102,9.73450116972825,1.02047693101511
0.339,0.895808243152976,1.02047693101511,1.03,9.73450116972825,15.6205975010102,9.73450116972825,1.02047693101511
0.34,0.895808243152976,1.02047693101511,1.03,9.73450116972825,15.6205975010102,9.73450116972825,1.02047693101511
0.341,0.895808243152976,1.02047693101511,1.03,9.73450116972825,15.6205975010102,9.73450116972825,1.02047693101511
0.342,0.895808243152976,1.02047693101511,1.03,9.73450116972825,15.6205975010102,9.73450116972825,1.02047693101511
0.343,0.895808243152976,1.02047693101511,1.03,9.73450116972825,15.6205975010102,9.73450116972825,1.02047693101511
0.344,0.895808243152976,1.02047693101511,1.03,9.73450116972825,15.6205975010102,9.73450116972825,1.02047693101511
0.345,0.895808243152976,1.02047693101511,1.03,9.73450116972825,15.6205975010102,9.73450116972825,1.02047693101511
0.346,0.895808243152976,1.02047693101511,1.03,9.73450116972825,15.6205975010102,9.73450116972825,1.02047693101511
0.347,0.895808243152976,1.02047693101511,1.03,9.73450116972825,15.6205975010102,9.73450116972825,1.02047693101511
0.348,0.895808243152976,1.02047693101511,1.03,9.73450116972825,15.6205975010102,9.73450116972825,1.02047693101511
0.349,0.895808243152976,1.02047693101511,1.03,9.73450116972825,15.6205975010102,9.73450116972825,1.02047693101511
0.35,0.895808243152976,1.02047693101511,1.03,9.73450116972825,15.6205975010102,9.73450116972825,1.02047693101511
0.351,0.895808243152976,1.02047693101511,1.03,9.73450116972825,15.6205975010102,9.73450116972825,1.02047693101511
0.352,0.895808243152976,1.02047693101511,1.03,9.73450116972825,15.6205975010102,9.73450116972825,1.02047693101511
0.353,0.895808243152976,1.02047693101511,1.03,9.73450116972825,15.6205975010102,9.73450116972825,1.02047693101511
0.354,0.895808243152976,1.02047693101511,1.03,9.73450116972825,15.6205975010102,9.73450116972825,1.02047693101511
0.355,0.895808243152976,1.02047693101511,1.03,9.73450116972825,15.6205975010102,9.73450116972825,1.02047693101511
0.356,0.895808243152976,1.02047693101511,1.03,9.73450116972825,15.6205975010102,9.73450116972825,1.02047693101511
0.357,0.895808243152976,1.02047693101511,1.03,9.73450116972825,15.6205975010102,9.73450116972825,1.02047693101511
0.358,0.895808243152976,1.02047693101511,1.03,9.73450116972825,15.6205975010102,9.73450116972825,1.02047693101511
0.359,0.895808243152976,1.02047693101511,1.03,9.73450116972825,15.6205975010102,9.73450116972825,1.02047693101511
0.36,0.895808243152976,1.02047693101511,1.03,9.73450116972825,15.6205975010102,9.73450116972825,1.02047693101511
0.361,0.895808243152976,1.02047693101511,1.03,9.73450116972825,15.6205975010102,9.73450116972825,1.02047693101511
0.362,0.895808243152976,1.02047693101511,1.03,9.73450116972825,15.6205975010102,9.73450116972825,1.02047693101511
0.363,0.895808243152976,1.02047693101511,1.03,9.73450116972825,15.6205975010102,9.73450116972825,1.02047693101511
0.364,0.895808243152976,1.02047693101511,1.03,9.73450116972825,15.6205975010102,9.73450116972825,1.02047693101511
0.365,0.895808243152976,1.02047693101511,1.03,9.73450116972825,15.6205975010102,9.73450116972825,1.02047693101511
0.366,0.895808243152976,1.02047693101511,1.03,9.73450116972825,15.6205975010102,9.73450116972825,1.02047693101511
0.367,0.895808243152976,1.02047693101511,1.03,9.73450116972825,15.6205975010102,9.73450116972825,1.02047693101511
0.368,0.895808243152976,1.02047693101511,1.03,9.73450116972825,15.6205975010102,9.73450116972825,1.02047693101511
0.369,0.895808243152976,1.02047693101511,1.03,9.73450116972825,15.6205975010102,9.73450116972825,1.02047693101511
0.37,0.895808243152976,1.02047693101511,1.03,9.73450116972825,15.6205975010102,9.73450116972825,1.02047693101511
0.371,0.895808243152976,1.02047693101511,1.03,9.73450116972825,15.6205975010102,9.73450116972825,1.02047693101511
0.372,0.895808243152976,1.02047693101511,1.03,9.73450116972825,15.6205975010102,9.73450116972825,1.02047693101511
0.373,0.895808243152976,1.02047693101511,1.03,9.73450116972825,15.6205975010102,9.73450116972825,1.02047693101511
0.374,0.895808243152976,1.02047693101511,1.03,9.73450116972825,15.6205975010102,9.73450116972825,1.02047693101511
0.375,0.895808243152976,1.02047693101511,1.03,9.73450116972825,15.6205975010102,9.73450116972825,1.02047693101511
0.376,0.895808243152976,1.02047693101511,1.03,9.73450116972825,15.6205975010102,9.73450116972825,1.02047693101511
0.377,0.895808243152976,1.02047693101511,1.03,9.73450116972825,15.6205975010102,9.73450116972825,1.02047693101511
0.378,0.895808243152976,1.02047693101511,1.03,9.73450116972825,15.6205975010102,9.73450116972825,1.02047693101511
0.379,0.895808243152976,1.02047693101511,1.03,9.73450116972825,15.6205975010102,9.73450116972825,1.02047693101511
0.38,0.895808243152976,1.02047693101511,1.03,9.73450116972825,15.6205975010102,9.73450116972825,1.02047693101511
0.381,0.895808243152976,1.02047693101511,1.03,9.73450116972825,15.6205975010102,9.73450116972825,1.02047693101511
0.382,0.895808243152976,1.02047693101511,1.03,9.73450116972825,15.6205975010102,9.73450116972825,1.02047693101511
0.383,0.895808243152976,1.02047693101511,1.03,9.73450116972825,15.6205975010102,9.73450116972825,1.02047693101511
0.384,0.895808243152976,1.02047693101511,1.03,9.73450116972825,15.6205975010102,9.73450116972825,1.02047693101511
0.385,0.895808243152976,1.02047693101511,1.03,9.73450116972825,15.6205975010102,9.73450116972825,1.02047693101511
0.386,0.895808243152976,1.02047693101511,1.03,9.73450116972825,15.6205975010102,9.73450116972825,1.02047693101511
0.387,0.895808243152976,1.02047693101511,1.03,9.73450116972825,15.6205975010102,9.73450116972825,1.02047693101511
0.388,0.895808243152976,1.02047693101511,1.03,9.73450116972825,15.6205975010102,9.73450116972825,1.02047693101511
0.389,0.895808243152976,1.02047693101511,1.03,9.73450116972825,15.6205975010102,9.73450116972825,1.02047693101511
0.39,0.895808243152976,1.02047693101511,1.03,9.73450116972825,15.6205975010102,9.73450116972825,1.02047693101511
0.391,0.895808243152976,1.02047693101511,1.03,9.73450116972825,15.6205975010102,9.73450116972825,1.02047693101511
0.392,0.895808243152976,1.02047693101511,1.03,9.73450116972825,15.6205975010102,9.73450116972825,1.02047693101511
0.393,0.895808243152976,1.02047693101511,1.03,9.73450116972825,15.6205975010102,9.73450116972825,1.02047693101511
0.394,0.895808243152976,1.02047693101511,1.03,9.73450116972825,15.6205975010102,9.73450116972825,1.02047693101511
0.395,0.895808243152976,1.02047693101511,1.03,9.73450116972825,15.6205975010102,9.73450116972825,1.02047693101511
0.396,0.895808243152976,1.02047693101511,1.03,9.73450116972825,15.6205975010102,9.73450116972825,1.02047693101511
0.397,0.895808243152976,1.02047693101511,1.03,9.73450116972825,15.6205975010102,9.73450116972825,1.02047693101511
0.398,0.895808243152976,1.02047693101511,1.03,9.73450116972825,15.6205975010102,9.73450116972825,1.02047693101511
0.399,0.895808243152976,1.02047693101511,1.03,9.73450116972825,15.6205975010102,9.73450116972825,1.02047693101511
0.4,0.895808243152976,1.02047693101511,1.03,9.73450116972825,15.6205975010102,9.73450116972825,1.02047693101511
0.401,0.895808243152976,1.02047693101511,1.03,9.73450116972825,15.6205975010102,9.73450116972825,1.02047693101511
0.402,0.895808243152976,1.02047693101511,1.03,9.73450116972825,15.6205975010102,9.73450116972825,1.02047693101511
0.403,0.895808243152976,1.02047693101511,1.03,9.73450116972825,15.6205975010102,9.73450116972825,1.02047693101511
0.404,0.895808243152976,1.02047693101511,1.03,9.73450116972825,15.6205975010102,9.73450116972825,1.02047693101511
0.405,0.895808243152976,1.02047693101511,1.03,9.73450116972825,15.6205975010102,9.73450116972825,1.02047693101511
0.406,0.895808243152976,1.02047693101511,1.03,9.73450116972825,15.6205975010102,9.73450116972825,1.02047693101511
0.407,0.895808243152976,1.02047693101511,1.03,9.73450116972825,15.6205975010102,9.73450116972825,1.02047693101511
0.408,0.895808243152976,1.02047693101511,1.03,9.73450116972825,15.6205975010102,9.73450116972825,1.02047693101511
0.409,0.895808243152976,1.02047693101511,1.03,9.73450116972825,15.6205975010102,9.73450116972825,1.02047693101511
0.41,0.895808243152976,1.02047693101511,1.03,9.73450116972825,15.6205975010102,9.73450116972825,1.02047693101511
0.411,0.895808243152976,1.02047693101511,1.03,9.73450116972825,15.6205975010102,9.73450116972825,1.02047693101511
0.412,0.895808243152976,1.02047693101511,1.03,9.73450116972825,15.6205975010102,9.73450116972825,1.02047693101511
0.413,0.895808243152976,1.02047693101511,1.03,9.73450116972825,15.6205975010102,9.73450116972825,1.02047693101511
0.414,0.895808243152976,1.02047693101511,1.03,9.73450116972825,15.6205975010102,9.73450116972825,1.02047693101511
0.415,0.895808243152976,1.02047693101511,1.03,9.73450116972825,15.6205975010102,9.73450116972825,1.02047693101511
0.416,0.895808243152976,1.02047693101511,1.03,9.73450116972825,15.6205975010102,9.73450116972825,1.02047693101511
0.417,0.895808243152976,1.02047693101511,1.03,9.73450116972825,15.6205975010102,9.73450116972825,1.02047693101511
0.418,0.895808243152976,1.02047693101511,1.03,9.73450116972825,15.6205975010102,9.73450116972825,1.02047693101511
0.419,0.895808243152976,1.02047693101511,1.03,9.73450116972825,15.6205975010102,9.73450116972825,1.02047693101511
0.42,0.895808243152976,1.02047693101511,1.03,9.73450116972825,15.6205975010102,9.73450116972825,1.02047693101511
0.421,0.895808243152976,1.02047693101511,1.03,9.73450116972825,15.6205975010102,9.73450116972825,1.02047693101511
0.422,0.895808243152976,1.02047693101511,1.03,9.73450116972825,15.6205975010102,9.73450116972825,1.02047693101511
0.423,0.895808243152976,1.02047693101511,1.03,9.73450116972825,15.6205975010102,9.73450116972825,1.02047693101511
0.424,0.895808243152976,1.02047693101511,1.03,9.73450116972825,15.6205975010102,9.73450116972825,1.02047693101511
0.425,0.895808243152976,1.02047693101511,1.03,9.73450116972825,15.6205975010102,9.73450116972825,1.02047693101511
0.426,0.895808243152976,1.02047693101511,1.03,9.73450116972825,15.6205975010102,9.73450116972825,1.02047693101511
0.427,0.895808243152976,1.02047693101511,1.03,9.73450116972825,15.6205975010102,9.73450116972825,1.02047693101511
0.428,0.895808243152976,1.02047693101511,1.03,9.73450116972825,15.6205975010102,9.73450116972825,1.02047693101511
0.429,0.895808243152976,1.02047693101511,1.03,9.73450116972825,15.6205975010102,9.73450116972825,1.02047693101511
0.43,0.895808243152976,1.02047693101511,1.03,9.73450116972825,15.6205975010102,9.73450116972825,1.02047693101511
0.431,0.895808243152976,1.02047693101511,1.03,9.73450116972825,15.6205975010102,9.73450116972825,1.02047693101511
0.432,0.895808243152976,1.02047693101511,1.03,9.73450116972825,15.6205975010102,9.73450116972825,1.02047693101511
0.433,0.895808243152976,1.02047693101511,1.03,9.73450116972825,15.6205975010102,9.73450116972825,1.02047693101511
0.434,0.895808243152976,1.02047693101511,1.03,9.73450116972825,15.6205975010102,9.73450116972825,1.02047693101511
0.435,0.895808243152976,1.02047693101511,1.03,9.73450116972825,15.6205975010102,9.73450116972825,1.02047693101511
0.436,0.895808243152976,1.02047693101511,1.03,9.73450116972825,15.6205975010102,9.73450116972825,1.02047693101511
0.437,0.895808243152976,1.02047693101511,1.03,9.73450116972825,15.6205975010102,9.73450116972825,1.02047693101511
0.438,0.895808243152976,1.02047693101511,1.03,9.73450116972825,15.6205975010102,9.73450116972825,1.02047693101511
0.439,0.895808243152976,1.02047693101511,1.03,9.73450116972825,15.6205975010102,9.73450116972825,1.02047693101511
0.44,0.895808243152976,1.02047693101511,1.03,9.73450116972825,15.6205975010102,9.73450116972825,1.02047693101511
0.441,0.895808243152976,1.02047693101511,1.03,9.73450116972825,15.6205975010102,9.73450116972825,1.02047693101511
0.442,0.895808243152976,1.02047693101511,1.03,9.73450116972825,15.6205975010102,9.73450116972825,1.02047693101511
0.443,0.895808243152976,1.02047693101511,1.03,9.73450116972825,15.6205975010102,9.73450116972825,1.02047693101511
0.444,0.895808243152976,1.02047693101511,1.03,9.73450116972825,15.6205975010102,9.73450116972825,1.02047693101511
0.445,0.895808243152976,1.02047693101511,1.03,9.73450116972825,15.6205975010102,9.73450116972825,1.02047693101511
0.446,0.895808243152976,1.02047693101511,1.03,9.73450116972825,15.6205975010102,9.73450116972825,1.02047693101511
0.447,0.895808243152976,1.02047693101511,1.03,9.73450116972825,15.6205975010102,9.73450116972825,1.02047693101511
0.448,0.895808243152976,1.02047693101511,1.03,9.73450116972825,15.6205975010102,9.73450116972825,1.02047693101511
0.449,0.895808243152976,1.02047693101511,1.03,9.73450116972825,15.6205975010102,9.73450116972825,1.02047693101511
0.45,0.895808243152976,1.02047693101511,1.03,9.73450116972825,15.6205975010102,9.73450116972825,1.02047693101511
0.451,0.895808243152976,1.02047693101511,1.03,9.73450116972825,15.6205975010102,9.73450116972825,1.02047693101511
0.452,0.895808243152976,1.02047693101511,1.03,9.73450116972825,15.6205975010102,9.73450116972825,1.02047693101511
0.453,0.895808243152976,1.02047693101511,1.03,9.73450116972825,15.6205975010102,9.73450116972825,1.02047693101511
0.454,0.895808243152976,1.02047693101511,1.03,9.73450116972825,15.6205975010102,9.73450116972825,1.02047693101511
0.455,0.895808243152976,1.02047693101511,1.03,9.73450116972825,15.6205975010102,9.73450116972825,1.02047693101511
0.456,0.895808243152976,1.02047693101511,1.03,9.73450116972825,15.6205975010102,9.73450116972825,1.02047693101511
0.457,0.895808243152976,1.02047693101511,1.03,9.73450116972825,15.6205975010102,9.73450116972825,1.02047693101511
0.458,0.895808243152976,1.02047693101511,1.03,9.73450116972825,15.6205975010102,9.73450116972825,1.02047693101511
0.459,0.895808243152976,1.02047693101511,1.03,9.73450116972825,15.6205975010102,9.73450116972825,1.02047693101511
0.46,0.895808243152976,1.02047693101511,1.03,9.73450116972825,15.6205975010102,9.73450116972825,1.02047693101511
0.461,0.895808243152976,1.02047693101511,1.03,9.73450116972825,15.6205975010102,9.73450116972825,1.02047693101511
0.462,0.895808243152976,1.02047693101511,1.03,9.73450116972825,15.6205975010102,9.73450116972825,1.02047693101511
0.463,0.895808243152976,1.02047693101511,1.03,9.73450116972825,15.6205975010102,9.73450116972825,1.02047693101511
0.464,0.895808243152976,1.02047693101511,1.03,9.73450116972825,15.6205975010102,9.73450116972825,1.02047693101511
0.465,0.895808243152976,1.02047693101511,1.03,9.73450116972825,15.6205975010102,9.73450116972825,1.02047693101511
0.466,0.895808243152976,1.02047693101511,1.03,9.73450116972825,15.6205975010102,9.73450116972825,1.02047693101511
0.467,0.895808243152976,1.02047693101511,1.03,9.73450116972825,15.6205975010102,9.73450116972825,1.02047693101511
0.468,0.895808243152976,1.02047693101511,1.03,9.73450116972825,15.6205975010102,9.73450116972825,1.02047693101511
0.469,0.895808243152976,1.02047693101511,1.03,9.73450116972825,15.6205975010102,9.73450116972825,1.02047693101511
0.47,0.895808243152976,1.02047693101511,1.03,9.73450116972825,15.6205975010102,9.73450116972825,1.02047693101511
0.471,0.895808243152976,1.02047693101511,1.03,9.73450116972825,15.6205975010102,9.73450116972825,1.02047693101511
0.472,0.895808243152976,1.02047693101511,1.03,9.73450116972825,15.6205975010102,9.73450116972825,1.02047693101511
0.473,0.895808243152976,1.02047693101511,1.03,9.73450116972825,15.6205975010102,9.73450116972825,1.02047693101511
0.474,0.895808243152976,1.02047693101511,1.03,9.73450116972825,15.6205975010102,9.73450116972825,1.02047693101511
0.475,0.895808243152976,1.02047693101511,1.03,9.73450116972825,15.6205975010102,9.73450116972825,1.02047693101511
0.476,0.895808243152976,1.02047693101511,1.03,9.73450116972825,15.6205975010102,9.73450116972825,1.02047693101511
0.477,0.895808243152976,1.02047693101511,1.03,9.73450116972825,15.6205975010102,9.73450116972825,1.02047693101511
0.478,0.895808243152976,1.02047693101511,1.03,9.73450116972825,15.6205975010102,9.73450116972825,1.02047693101511
0.479,0.895808243152976,1.02047693101511,1.03,9.73450116972825,15.6205975010102,9.73450116972825,1.02047693101511
0.48,0.895808243152976,1.02047693101511,1.03,9.73450116972825,15.6205975010102,9.73450116972825,1.02047693101511
0.481,0.895808243152976,1.02047693101511,1.03,9.73450116972825,15.6205975010102,9.73450116972825,1.02047693101511
0.482,0.895808243152976,1.02047693101511,1.03,9.73450116972825,15.6205975010102,9.73450116972825,1.02047693101511
0.483,0.895808243152976,1.02047693101511,1.03,9.73450116972825,15.6205975010102,9.73450116972825,1.02047693101511
0.484,0.895808243152976,1.02047693101511,1.03,9.73450116972825,15.6205975010102,9.73450116972825,1.02047693101511
0.485,0.895808243152976,1.02047693101511,1.03,9.73450116972825,15.6205975010102,9.73450116972825,1.02047693101511
0.486,0.895808243152976,1.02047693101511,1.03,9.73450116972825,15.6205975010102,9.73450116972825,1.02047693101511
0.487,0.895808243152976,1.02047693101511,1.03,9.73450116972825,15.6205975010102,9.73450116972825,1.02047693101511
0.488,0.895808243152976,1.02047693101511,1.03,9.73450116972825,15.6205975010102,9.73450116972825,1.02047693101511
0.489,0.895808243152976,1.02047693101511,1.03,9.73450116972825,15.6205975010102,9.73450116972825,1.02047693101511
0.49,0.895808243152976,1.02047693101511,1.03,9.73450116972825,15.6205975010102,9.73450116972825,1.02047693101511
0.491,0.895808243152976,1.02047693101511,1.03,9.73450116972825,15.6205975010102,9.73450116972825,1.02047693101511
0.492,0.895808243152976,1.02047693101511,1.03,9.73450116972825,15.6205975010102,9.73450116972825,1.02047693101511
0.493,0.895808243152976,1.02047693101511,1.03,9.73450116972825,15.6205975010102,9.73450116972825,1.02047693101511
0.494,0.895808243152976,1.02047693101511,1.03,9.73450116972825,15.6205975010102,9.73450116972825,1.02047693101511
0.495,0.895808243152976,1.02047693101511,1.03,9.73450116972825,15.6205975010102,9.73450116972825,1.02047693101511
0.496,0.895808243152976,1.02047693101511,1.03,9.73450116972825,15.6205975010102,9.73450116972825,1.02047693101511
0.497,0.895808243152976,1.02047693101511,1.03,9.73450116972825,15.6205975010102,9.73450116972825,1.02047693101511
0.498,0.895808243152976,1.02047693101511,1.03,9.73450116972825,15.6205975010102,9.73450116972825,1.02047693101511
0.499,0.895808243152976,1.02047693101511,1.03,9.73450116972825,15.6205975010102,9.73450116972825,1.02047693101511
0.5,0.895808243152976,1.02047693101511,1.03,9.73450116972825,15.6205975010102,9.73450116972825,1.02047693101511
0.501,0.895808243152976,1.02047693101511,1.03,9.73450116972825,15.6205975010102,9.73450116972825,1.02047693101511
0.502,0.895808243152976,1.02047693101511,1.03,9.73450116972825,15.6205975010102,9.73450116972825,1.02047693101511
0.503,0.895808243152976,1.02047693101511,1.03,9.73450116972825,15.6205975010102,9.73450116972825,1.02047693101511
0.504,0.895808243152976,1.02047693101511,1.03,9.73450116972825,15.6205975010102,9.73450116972825,1.02047693101511
0.505,0.895808243152976,1.02047693101511,1.03,9.73450116972825,15.6205975010102,9.73450116972825,1.02047693101511
0.506,0.895808243152976,1.02047693101511,1.03,9.73450116972825,15.6205975010102,9.73450116972825,1.02047693101511
0.507,0.895808243152976,1.02047693101511,1.03,9.73450116972825,15.6205975010102,9.73450116972825,1.02047693101511
0.508,0.895808243152976,1.02047693101511,1.03,9.73450116972825,15.6205975010102,9.73450116972825,1.02047693101511
0.509,0.895808243152976,1.02047693101511,1.03,9.73450116972825,15.6205975010102,9.73450116972825,1.02047693101511
0.51,0.895808243152976,1.02047693101511,1.03,9.73450116972825,15.6205975010102,9.73450116972825,1.02047693101511
0.511,0.895808243152976,1.02047693101511,1.03,9.73450116972825,15.6205975010102,9.73450116972825,1.02047693101511
0.512,0.895808243152976,1.02047693101511,1.03,9.73450116972825,15.6205975010102,9.73450116972825,1.02047693101511
0.513,0.895808243152976,1.02047693101511,1.03,9.73450116972825,15.6205975010102,9.73450116972825,1.02047693101511
0.514,0.895808243152976,1.02047693101511,1.03,9.73450116972825,15.6205975010102,9.73450116972825,1.02047693101511
0.515,0.895808243152976,1.02047693101511,1.03,9.73450116972825,15.6205975010102,9.73450116972825,1.02047693101511
0.516,0.895808243152976,1.02047693101511,1.03,9.73450116972825,15.6205975010102,9.73450116972825,1.02047693101511
0.517,0.895808243152976,1.02047693101511,1.03,9.73450116972825,15.6205975010102,9.73450116972825,1.02047693101511
0.518,0.895808243152976,1.02047693101511,1.03,9.73450116972825,15.6205975010102,9.73450116972825,1.02047693101511
0.519,0.895808243152976,1.02047693101511,1.03,9.73450116972825,15.6205975010102,9.73450116972825,1.02047693101511
0.52,0.895808243152976,1.02047693101511,1.03,9.73450116972825,15.6205975010102,9.73450116972825,1.02047693101511
0.521,0.895808243152976,1.02047693101511,1.03,9.73450116972825,15.6205975010102,9.73450116972825,1.02047693101511
0.522,0.895808243152976,1.02047693101511,1.03,9.73450116972825,15.6205975010102,9.73450116972825,1.02047693101511
0.523,0.895808243152976,1.02047693101511,1.03,9.73450116972825,15.6205975010102,9.73450116972825,1.02047693101511
0.524,0.895808243152976,1.02047693101511,1.03,9.73450116972825,15.6205975010102,9.73450116972825,1.02047693101511
0.525,0.895808243152976,1.02047693101511,1.03,9.73450116972825,15.6205975010102,9.73450116972825,1.02047693101511
0.526,0.895808243152976,1.02047693101511,1.03,9.73450116972825,15.6205975010102,9.73450116972825,1.02047693101511
0.527,0.895808243152976,1.02047693101511,1.03,9.73450116972825,15.6205975010102,9.73450116972825,1.02047693101511
0.528,0.895808243152976,1.02047693101511,1.03,9.73450116972825,15.6205975010102,9.73450116972825,1.02047693101511
0.529,0.895808243152976,1.02047693101511,1.03,9.73450116972825,15.6205975010102,9.73450116972825,1.02047693101511
0.53,0.895808243152976,1.02047693101511,1.03,9.73450116972825,15.6205975010102,9.73450116972825,1.02047693101511
0.531,0.895808243152976,1.02047693101511,1.03,9.73450116972825,15.6205975010102,9.73450116972825,1.02047693101511
0.532,0.895808243152976,1.02047693101511,1.03,9.73450116972825,15.6205975010102,9.73450116972825,1.02047693101511
0.533,0.895808243152976,1.02047693101511,1.03,9.73450116972825,15.6205975010102,9.73450116972825,1.02047693101511
0.534,0.895808243152976,1.02047693101511,1.03,9.73450116972825,15.6205975010102,9.73450116972825,1.02047693101511
0.535,0.895808243152976,1.02047693101511,1.03,9.73450116972825,15.6205975010102,9.73450116972825,1.02047693101511
0.536,0.895808243152976,1.02047693101511,1.03,9.73450116972825,15.6205975010102,9.73450116972825,1.02047693101511
0.537,0.895808243152976,1.02047693101511,1.03,9.73450116972825,15.6205975010102,9.73450116972825,1.02047693101511
0.538,0.895808243152976,1.02047693101511,1.03,9.73450116972825,15.6205975010102,9.73450116972825,1.02047693101511
0.539,0.895808243152976,1.02047693101511,1.03,9.73450116972825,15.6205975010102,9.73450116972825,1.02047693101511
0.54,0.895808243152976,1.02047693101511,1.03,9.73450116972825,15.6205975010102,9.73450116972825,1.02047693101511
0.541,0.895808243152976,1.02047693101511,1.03,9.73450116972825,15.6205975010102,9.73450116972825,1.02047693101511
0.542,0.895808243152976,1.02047693101511,1.03,9.73450116972825,15.6205975010102,9.73450116972825,1.02047693101511
0.543,0.895808243152976,1.02047693101511,1.03,9.73450116972825,15.6205975010102,9.73450116972825,1.02047693101511
0.544,0.895808243152976,1.02047693101511,1.03,9.73450116972825,15.6205975010102,9.73450116972825,1.02047693101511
0.545,0.895808243152976,1.02047693101511,1.03,9.73450116972825,15.6205975010102,9.73450116972825,1.02047693101511
0.546,0.895808243152976,1.02047693101511,1.03,9.73450116972825,15.6205975010102,9.73450116972825,1.02047693101511
0.547,0.895808243152976,1.02047693101511,1.03,9.73450116972825,15.6205975010102,9.73450116972825,1.02047693101511
0.548,0.895808243152976,1.02047693101511,1.03,9.73450116972825,15.6205975010102,9.73450116972825,1.02047693101511
0.549,0.895808243152976,1.02047693101511,1.03,9.73450116972825,15.6205975010102,9.73450116972825,1.02047693101511
0.55,0.895808243152976,1.02047693101511,1.03,9.73450116972825,15.6205975010102,9.73450116972825,1.02047693101511
0.551,0.895808243152976,1.02047693101511,1.03,9.73450116972825,15.6205975010102,9.73450116972825,1.02047693101511
0.552,0.895808243152976,1.02047693101511,1.03,9.73450116972825,15.6205975010102,9.73450116972825,1.02047693101511
0.553,0.895808243152976,1.02047693101511,1.03,9.73450116972825,15.6205975010102,9.73450116972825,1.02047693101511
0.554,0.895808243152976,1.02047693101511,1.03,9.73450116972825,15.6205975010102,9.73450116972825,1.02047693101511
0.555,0.895808243152976,1.02047693101511,1.03,9.73450116972825,15.6205975010102,9.73450116972825,1.02047693101511
0.556,0.895808243152976,1.02047693101511,1.03,9.73450116972825,15.6205975010102,9.73450116972825,1.02047693101511
0.557,0.895808243152976,1.02047693101511,1.03,9.73450116972825,15.6205975010102,9.73450116972825,1.02047693101511
0.558,0.895808243152976,1.02047693101511,1.03,9.73450116972825,15.6205975010102,9.73450116972825,1.02047693101511
0.559,0.895808243152976,1.02047693101511,1.03,9.73450116972825,15.6205975010102,9.73450116972825,1.02047693101511
0.56,0.895808243152976,1.02047693101511,1.03,9.73450116972825,15.6205975010102,9.73450116972825,1.02047693101511
0.561,0.895808243152976,1.02047693101511,1.03,9.73450116972825,15.6205975010102,9.73450116972825,1.02047693101511
0.562,0.895808243152976,1.02047693101511,1.03,9.73450116972825,15.6205975010102,9.73450116972825,1.02047693101511
0.563,0.895808243152976,1.02047693101511,1.03,9.73450116972825,15.6205975010102,9.73450116972825,1.02047693101511
0.564,0.895808243152976,1.02047693101511,1.03,9.73450116972825,15.6205975010102,9.73450116972825,1.02047693101511
0.565,0.895808243152976,1.02047693101511,1.03,9.73450116972825,15.6205975010102,9.73450116972825,1.02047693101511
0.566,0.895808243152976,1.02047693101511,1.03,9.73450116972825,15.6205975010102,9.73450116972825,1.02047693101511
0.567,0.895808243152976,1.02047693101511,1.03,9.73450116972825,15.6205975010102,9.73450116972825,1.02047693101511
0.568,0.895808243152976,1.02047693101511,1.03,9.73450116972825,15.6205975010102,9.73450116972825,1.02047693101511
0.569,0.895808243152976,1.02047693101511,1.03,9.73450116972825,15.6205975010102,9.73450116972825,1.02047693101511
0.57,0.895808243152976,1.02047693101511,1.03,9.73450116972825,15.6205975010102,9.73450116972825,1.02047693101511
0.571,0.895808243152976,1.02047693101511,1.03,9.73450116972825,15.6205975010102,9.73450116972825,1.02047693101511
0.572,0.895808243152976,1.02047693101511,1.03,9.73450116972825,15.6205975010102,9.73450116972825,1.02047693101511
0.573,0.895808243152976,1.02047693101511,1.03,9.73450116972825,15.6205975010102,9.73450116972825,1.02047693101511
0.574,0.895808243152976,1.02047693101511,1.03,9.73450116972825,15.6205975010102,9.73450116972825,1.02047693101511
0.575,0.895808243152976,1.02047693101511,1.03,9.73450116972825,15.6205975010102,9.73450116972825,1.02047693101511
0.576,0.895808243152976,1.02047693101511,1.03,9.73450116972825,15.6205975010102,9.73450116972825,1.02047693101511
0.577,0.895808243152976,1.02047693101511,1.03,9.73450116972825,15.6205975010102,9.73450116972825,1.02047693101511
0.578,0.895808243152976,1.02047693101511,1.03,9.73450116972825,15.6205975010102,9.73450116972825,1.02047693101511
0.579,0.895808243152976,1.02047693101511,1.03,9.73450116972825,15.6205975010102,9.73450116972825,1.02047693101511
0.58,0.895808243152976,1.02047693101511,1.03,9.73450116972825,15.6205975010102,9.73450116972825,1.02047693101511
0.581,0.895808243152976,1.02047693101511,1.03,9.73450116972825,15.6205975010102,9.73450116972825,1.02047693101511
0.582,0.895808243152976,1.02047693101511,1.03,9.73450116972825,15.6205975010102,9.73450116972825,1.02047693101511
0.583,0.895808243152976,1.02047693101511,1.03,9.73450116972825,15.6205975010102,9.73450116972825,1.02047693101511
0.584,0.895808243152976,1.02047693101511,1.03,9.73450116972825,15.6205975010102,9.73450116972825,1.02047693101511
0.585,0.895808243152976,1.02047693101511,1.03,9.73450116972825,15.6205975010102,9.73450116972825,1.02047693101511
0.586,0.895808243152976,1.02047693101511,1.03,9.73450116972825,15.6205975010102,9.73450116972825,1.02047693101511
0.587,0.895808243152976,1.02047693101511,1.03,9.73450116972825,15.6205975010102,9.73450116972825,1.02047693101511
0.588,0.895808243152976,1.02047693101511,1.03,9.73450116972825,15.6205975010102,9.73450116972825,1.02047693101511
0.589,0.895808243152976,1.02047693101511,1.03,9.73450116972825,15.6205975010102,9.73450116972825,1.02047693101511
0.59,0.895808243152976,1.02047693101511,1.03,9.73450116972825,15.6205975010102,9.73450116972825,1.02047693101511
0.591,0.895808243152976,1.02047693101511,1.03,9.73450116972825,15.6205975010102,9.73450116972825,1.02047693101511
0.592,0.895808243152976,1.02047693101511,1.03,9.73450116972825,15.6205975010102,9.73450116972825,1.02047693101511
0.593,0.895808243152976,1.02047693101511,1.03,9.73450116972825,15.6205975010102,9.73450116972825,1.02047693101511
0.594,0.895808243152976,1.02047693101511,1.03,9.73450116972825,15.6205975010102,9.73450116972825,1.02047693101511
0.595,0.895808243152976,1.02047693101511,1.03,9.73450116972825,15.6205975010102,9.73450116972825,1.02047693101511
0.596,0.895808243152976,1.02047693101511,1.03,9.73450116972825,15.6205975010102,9.73450116972825,1.02047693101511
0.597,0.895808243152976,1.02047693101511,1.03,9.73450116972825,15.6205975010102,9.73450116972825,1.02047693101511
0.598,0.895808243152976,1.02047693101511,1.03,9.73450116972825,15.6205975010102,9.73450116972825,1.02047693101511
0.599,0.895808243152976,1.02047693101511,1.03,9.73450116972825,15.6205975010102,9.73450116972825,1.02047693101511
0.6,0.895808243152976,1.02047693101511,1.03,9.73450116972825,15.6205975010102,9.73450116972825,1.02047693101511
0.601,0.895808243152976,1.02047693101511,1.03,9.73450116972825,15.6205975010102,9.73450116972825,1.02047693101511
0.602,0.895808243152976,1.02047693101511,1.03,9.73450116972825,15.6205975010102,9.73450116972825,1.02047693101511
0.603,0.895808243152976,1.02047693101511,1.03,9.73450116972825,15.6205975010102,9.73450116972825,1.02047693101511
0.604,0.895808243152976,1.02047693101511,1.03,9.73450116972825,15.6205975010102,9.73450116972825,1.02047693101511
0.605,0.895808243152976,1.02047693101511,1.03,9.73450116972825,15.6205975010102,9.73450116972825,1.02047693101511
0.606,0.895808243152976,1.02047693101511,1.03,9.73450116972825,15.6205975010102,9.73450116972825,1.02047693101511
0.607,0.895808243152976,1.02047693101511,1.03,9.73450116972825,15.6205975010102,9.73450116972825,1.02047693101511
0.608,0.895808243152976,1.02047693101511,1.03,9.73450116972825,15.6205975010102,9.73450116972825,1.02047693101511
0.609,0.895808243152976,1.02047693101511,1.03,9.73450116972825,15.6205975010102,9.73450116972825,1.02047693101511
0.61,0.895808243152976,1.02047693101511,1.03,9.73450116972825,15.6205975010102,9.73450116972825,1.02047693101511
0.611,0.895808243152976,1.02047693101511,1.03,9.73450116972825,15.6205975010102,9.73450116972825,1.02047693101511
0.612,0.895808243152976,1.02047693101511,1.03,9.73450116972825,15.6205975010102,9.73450116972825,1.02047693101511
0.613,0.895808243152976,1.02047693101511,1.03,9.73450116972825,15.6205975010102,9.73450116972825,1.02047693101511
0.614,0.895808243152976,1.02047693101511,1.03,9.73450116972825,15.6205975010102,9.73450116972825,1.02047693101511
0.615,0.895808243152976,1.02047693101511,1.03,9.73450116972825,15.6205975010102,9.73450116972825,1.02047693101511
0.616,0.895808243152976,1.02047693101511,1.03,9.73450116972825,15.6205975010102,9.73450116972825,1.02047693101511
0.617,0.895808243152976,1.02047693101511,1.03,9.73450116972825,15.6205975010102,9.73450116972825,1.02047693101511
0.618,0.895808243152976,1.02047693101511,1.03,9.73450116972825,15.6205975010102,9.73450116972825,1.02047693101511
0.619,0.895808243152976,1.02047693101511,1.03,9.73450116972825,15.6205975010102,9.73450116972825,1.02047693101511
0.62,0.895808243152976,1.02047693101511,1.03,9.73450116972825,15.6205975010102,9.73450116972825,1.02047693101511
0.621,0.895808243152976,1.02047693101511,1.03,9.73450116972825,15.6205975010102,9.73450116972825,1.02047693101511
0.622,0.895808243152976,1.02047693101511,1.03,9.73450116972825,15.6205975010102,9.73450116972825,1.02047693101511
0.623,0.895808243152976,1.02047693101511,1.03,9.73450116972825,15.6205975010102,9.73450116972825,1.02047693101511
0.624,0.895808243152976,1.02047693101511,1.03,9.73450116972825,15.6205975010102,9.73450116972825,1.02047693101511
0.625,0.895808243152976,1.02047693101511,1.03,9.73450116972825,15.6205975010102,9.73450116972825,1.02047693101511
0.626,0.895808243152976,1.02047693101511,1.03,9.73450116972825,15.6205975010102,9.73450116972825,1.02047693101511
0.627,0.895808243152976,1.02047693101511,1.03,9.73450116972825,15.6205975010102,9.73450116972825,1.02047693101511
0.628,0.895808243152976,1.02047693101511,1.03,9.73450116972825,15.6205975010102,9.73450116972825,1.02047693101511
0.629,0.895808243152976,1.02047693101511,1.03,9.73450116972825,15.6205975010102,9.73450116972825,1.02047693101511
0.63,0.895808243152976,1.02047693101511,1.03,9.73450116972825,15.6205975010102,9.73450116972825,1.02047693101511
0.631,0.895808243152976,1.02047693101511,1.03,9.73450116972825,15.6205975010102,9.73450116972825,1.02047693101511
0.632,0.895808243152976,1.02047693101511,1.03,9.73450116972825,15.6205975010102,9.73450116972825,1.02047693101511
0.633,0.895808243152976,1.02047693101511,1.03,9.73450116972825,15.6205975010102,9.73450116972825,1.02047693101511
0.634,0.895808243152976,1.02047693101511,1.03,9.73450116972825,15.6205975010102,9.73450116972825,1.02047693101511
0.635,0.895808243152976,1.02047693101511,1.03,9.73450116972825,15.6205975010102,9.73450116972825,1.02047693101511
0.636,0.895808243152976,1.02047693101511,1.03,9.73450116972825,15.6205975010102,9.73450116972825,1.02047693101511
0.637,0.895808243152976,1.02047693101511,1.03,9.73450116972825,15.6205975010102,9.73450116972825,1.02047693101511
0.638,0.895808243152976,1.02047693101511,1.03,9.73450116972825,15.6205975010102,9.73450116972825,1.02047693101511
0.639,0.895808243152976,1.02047693101511,1.03,9.73450116972825,15.6205975010102,9.73450116972825,1.02047693101511
0.64,0.895808243152976,1.02047693101511,1.03,9.73450116972825,15.6205975010102,9.73450116972825,1.02047693101511
0.641,0.895808243152976,1.02047693101511,1.03,9.73450116972825,15.6205975010102,9.73450116972825,1.02047693101511
0.642,0.895808243152976,1.02047693101511,1.03,9.73450116972825,15.6205975010102,9.73450116972825,1.02047693101511
0.643,0.895808243152976,1.02047693101511,1.03,9.73450116972825,15.6205975010102,9.73450116972825,1.02047693101511
0.644,0.895808243152976,1.02047693101511,1.03,9.73450116972825,15.6205975010102,9.73450116972825,1.02047693101511
0.645,0.895808243152976,1.02047693101511,1.03,9.73450116972825,15.6205975010102,9.73450116972825,1.02047693101511
0.646,0.895808243152976,1.02047693101511,1.03,9.73450116972825,15.6205975010102,9.73450116972825,1.02047693101511
0.647,0.895808243152976,1.02047693101511,1.03,9.73450116972825,15.6205975010102,9.73450116972825,1.02047693101511
0.648,0.895808243152976,1.02047693101511,1.03,9.73450116972825,15.6205975010102,9.73450116972825,1.02047693101511
0.649,0.895808243152976,1.02047693101511,1.03,9.73450116972825,15.6205975010102,9.73450116972825,1.02047693101511
0.65,0.895808243152976,1.02047693101511,1.03,9.73450116972825,15.6205975010102,9.73450116972825,1.02047693101511
0.651,0.895808243152976,1.02047693101511,1.03,9.73450116972825,15.6205975010102,9.73450116972825,1.02047693101511
0.652,0.895808243152976,1.02047693101511,1.03,9.73450116972825,15.6205975010102,9.73450116972825,1.02047693101511
0.653,0.895808243152976,1.02047693101511,1.03,9.73450116972825,15.6205975010102,9.73450116972825,1.02047693101511
0.654,0.895808243152976,1.02047693101511,1.03,9.73450116972825,15.6205975010102,9.73450116972825,1.02047693101511
0.655,0.895808243152976,1.02047693101511,1.03,9.73450116972825,15.6205975010102,9.73450116972825,1.02047693101511
0.656,0.895808243152976,1.02047693101511,1.03,9.73450116972825,15.6205975010102,9.73450116972825,1.02047693101511
0.657,0.895808243152976,1.02047693101511,1.03,9.73450116972825,15.6205975010102,9.73450116972825,1.02047693101511
0.658,0.895808243152976,1.02047693101511,1.03,9.73450116972825,15.6205975010102,9.73450116972825,1.02047693101511
0.659,0.895808243152976,1.02047693101511,1.03,9.73450116972825,15.6205975010102,9.73450116972825,1.02047693101511
0.66,0.895808243152976,1.02047693101511,1.03,9.73450116972825,15.6205975010102,9.73450116972825,1.02047693101511
0.661,0.895808243152976,1.02047693101511,1.03,9.73450116972825,15.6205975010102,9.73450116972825,1.02047693101511
0.662,0.895808243152976,1.02047693101511,1.03,9.73450116972825,15.6205975010102,9.73450116972825,1.02047693101511
0.663,0.895808243152976,1.02047693101511,1.03,9.73450116972825,15.6205975010102,9.73450116972825,1.02047693101511
0.664,0.895808243152976,1.02047693101511,1.03,9.73450116972825,15.6205975010102,9.73450116972825,1.02047693101511
0.665,0.895808243152976,1.02047693101511,1.03,9.73450116972825,15.6205975010102,9.73450116972825,1.02047693101511
0.666,0.895808243152976,1.02047693101511,1.03,9.73450116972825,15.6205975010102,9.73450116972825,1.02047693101511
0.667,0.895808243152976,1.02047693101511,1.03,9.73450116972825,15.6205975010102,9.73450116972825,1.02047693101511
0.668,0.895808243152976,1.02047693101511,1.03,9.73450116972825,15.6205975010102,9.73450116972825,1.02047693101511
0.669,0.895808243152976,1.02047693101511,1.03,9.73450116972825,15.6205975010102,9.73450116972825,1.02047693101511
0.67,0.895808243152976,1.02047693101511,1.03,9.73450116972825,15.6205975010102,9.73450116972825,1.02047693101511
0.671,0.895808243152976,1.02047693101511,1.03,9.73450116972825,15.6205975010102,9.73450116972825,1.02047693101511
0.672,0.895808243152976,1.02047693101511,1.03,9.73450116972825,15.6205975010102,9.73450116972825,1.02047693101511
0.673,0.895808243152976,1.02047693101511,1.03,9.73450116972825,15.6205975010102,9.73450116972825,1.02047693101511
0.674,0.895808243152976,1.02047693101511,1.03,9.73450116972825,15.6205975010102,9.73450116972825,1.02047693101511
0.675,0.895808243152976,1.02047693101511,1.03,9.73450116972825,15.6205975010102,9.73450116972825,1.02047693101511
0.676,0.895808243152976,1.02047693101511,1.03,9.73450116972825,15.6205975010102,9.73450116972825,1.02047693101511
0.677,0.895808243152976,1.02047693101511,1.03,9.73450116972825,15.6205975010102,9.73450116972825,1.02047693101511
0.678,0.895808243152976,1.02047693101511,1.03,9.73450116972825,15.6205975010102,9.73450116972825,1.02047693101511
0.679,0.895808243152976,1.02047693101511,1.03,9.73450116972825,15.6205975010102,9.73450116972825,1.02047693101511
0.68,0.895808243152976,1.02047693101511,1.03,9.73450116972825,15.6205975010102,9.73450116972825,1.02047693101511
0.681,0.895808243152976,1.02047693101511,1.03,9.73450116972825,15.6205975010102,9.73450116972825,1.02047693101511
0.682,0.895808243152976,1.02047693101511,1.03,9.73450116972825,15.6205975010102,9.73450116972825,1.02047693101511
0.683,0.895808243152976,1.02047693101511,1.03,9.73450116972825,15.6205975010102,9.73450116972825,1.02047693101511
0.684,0.895808243152976,1.02047693101511,1.03,9.73450116972825,15.6205975010102,9.73450116972825,1.02047693101511
0.685,0.895808243152976,1.02047693101511,1.03,9.73450116972825,15.6205975010102,9.73450116972825,1.02047693101511
0.686,0.895808243152976,1.02047693101511,1.03,9.73450116972825,15.6205975010102,9.73450116972825,1.02047693101511
0.687,0.895808243152976,1.02047693101511,1.03,9.73450116972825,15.6205975010102,9.73450116972825,1.02047693101511
0.688,0.895808243152976,1.02047693101511,1.03,9.73450116972825,15.6205975010102,9.73450116972825,1.02047693101511
0.689,0.895808243152976,1.02047693101511,1.03,9.73450116972825,15.6205975010102,9.73450116972825,1.02047693101511
0.69,0.895808243152976,1.02047693101511,1.03,9.73450116972825,15.6205975010102,9.73450116972825,1.02047693101511
0.691,0.895808243152976,1.02047693101511,1.03,9.73450116972825,15.6205975010102,9.73450116972825,1.02047693101511
0.692,0.895808243152976,1.02047693101511,1.03,9.73450116972825,15.6205975010102,9.73450116972825,1.02047693101511
0.693,0.895808243152976,1.02047693101511,1.03,9.73450116972825,15.6205975010102,9.73450116972825,1.02047693101511
0.694,0.895808243152976,1.02047693101511,1.03,9.73450116972825,15.6205975010102,9.73450116972825,1.02047693101511
0.695,0.895808243152976,1.02047693101511,1.03,9.73450116972825,15.6205975010102,9.73450116972825,1.02047693101511
0.696,0.895808243152976,1.02047693101511,1.03,9.73450116972825,15.6205975010102,9.73450116972825,1.02047693101511
0.697,0.895808243152976,1.02047693101511,1.03,9.73450116972825,15.6205975010102,9.73450116972825,1.02047693101511
0.698,0.895808243152976,1.02047693101511,1.03,9.73450116972825,15.6205975010102,9.73450116972825,1.02047693101511
0.699,0.895808243152976,1.02047693101511,1.03,9.73450116972825,15.6205975010102,9.73450116972825,1.02047693101511
0.7,0.895808243152976,1.02047693101511,1.03,9.73450116972825,15.6205975010102,9.73450116972825,1.02047693101511
0.701,0.895808243152976,1.02047693101511,1.03,9.73450116972825,15.6205975010102,9.73450116972825,1.02047693101511
0.702,0.895808243152976,1.02047693101511,1.03,9.73450116972825,15.6205975010102,9.73450116972825,1.02047693101511
0.703,0.895808243152976,1.02047693101511,1.03,9.73450116972825,15.6205975010102,9.73450116972825,1.02047693101511
0.704,0.895808243152976,1.02047693101511,1.03,9.73450116972825,15.6205975010102,9.73450116972825,1.02047693101511
0.705,0.895808243152976,1.02047693101511,1.03,9.73450116972825,15.6205975010102,9.73450116972825,1.02047693101511
0.706,0.895808243152976,1.02047693101511,1.03,9.73450116972825,15.6205975010102,9.73450116972825,1.02047693101511
0.707,0.895808243152976,1.02047693101511,1.03,9.73450116972825,15.6205975010102,9.73450116972825,1.02047693101511
0.708,0.895808243152976,1.02047693101511,1.03,9.73450116972825,15.6205975010102,9.73450116972825,1.02047693101511
0.709,0.895808243152976,1.02047693101511,1.03,9.73450116972825,15.6205975010102,9.73450116972825,1.02047693101511
0.71,0.895808243152976,1.02047693101511,1.03,9.73450116972825,15.6205975010102,9.73450116972825,1.02047693101511
0.711,0.895808243152976,1.02047693101511,1.03,9.73450116972825,15.6205975010102,9.73450116972825,1.02047693101511
0.712,0.895808243152976,1.02047693101511,1.03,9.73450116972825,15.6205975010102,9.73450116972825,1.02047693101511
0.713,0.895808243152976,1.02047693101511,1.03,9.73450116972825,15.6205975010102,9.73450116972825,1.02047693101511
0.714,0.895808243152976,1.02047693101511,1.03,9.73450116972825,15.6205975010102,9.73450116972825,1.02047693101511
0.715,0.895808243152976,1.02047693101511,1.03,9.73450116972825,15.6205975010102,9.73450116972825,1.02047693101511
0.716,0.895808243152976,1.02047693101511,1.03,9.73450116972825,15.6205975010102,9.73450116972825,1.02047693101511
0.717,0.895808243152976,1.02047693101511,1.03,9.73450116972825,15.6205975010102,9.73450116972825,1.02047693101511
0.718,0.895808243152976,1.02047693101511,1.03,9.73450116972825,15.6205975010102,9.73450116972825,1.02047693101511
0.719,0.895808243152976,1.02047693101511,1.03,9.73450116972825,15.6205975010102,9.73450116972825,1.02047693101511
0.72,0.895808243152976,1.02047693101511,1.03,9.73450116972825,15.6205975010102,9.73450116972825,1.02047693101511
0.721,0.895808243152976,1.02047693101511,1.03,9.73450116972825,15.6205975010102,9.73450116972825,1.02047693101511
0.722,0.895808243152976,1.02047693101511,1.03,9.73450116972825,15.6205975010102,9.73450116972825,1.02047693101511
0.723,0.895808243152976,1.02047693101511,1.03,9.73450116972825,15.6205975010102,9.73450116972825,1.02047693101511
0.724,0.895808243152976,1.02047693101511,1.03,9.73450116972825,15.6205975010102,9.73450116972825,1.02047693101511
0.725,0.895808243152976,1.02047693101511,1.03,9.73450116972825,15.6205975010102,9.73450116972825,1.02047693101511
0.726,0.895808243152976,1.02047693101511,1.03,9.73450116972825,15.6205975010102,9.73450116972825,1.02047693101511
0.727,0.895808243152976,1.02047693101511,1.03,9.73450116972825,15.6205975010102,9.73450116972825,1.02047693101511
0.728,0.895808243152976,1.02047693101511,1.03,9.73450116972825,15.6205975010102,9.73450116972825,1.02047693101511
0.729,0.895808243152976,1.02047693101511,1.03,9.73450116972825,15.6205975010102,9.73450116972825,1.02047693101511
0.73,0.895808243152976,1.02047693101511,1.03,9.73450116972825,15.6205975010102,9.73450116972825,1.02047693101511
0.731,0.895808243152976,1.02047693101511,1.03,9.73450116972825,15.6205975010102,9.73450116972825,1.02047693101511
0.732,0.895808243152976,1.02047693101511,1.03,9.73450116972825,15.6205975010102,9.73450116972825,1.02047693101511
0.733,0.895808243152976,1.02047693101511,1.03,9.73450116972825,15.6205975010102,9.73450116972825,1.02047693101511
0.734,0.895808243152976,1.02047693101511,1.03,9.73450116972825,15.6205975010102,9.73450116972825,1.02047693101511
0.735,0.895808243152976,1.02047693101511,1.03,9.73450116972825,15.6205975010102,9.73450116972825,1.02047693101511
0.736,0.895808243152976,1.02047693101511,1.03,9.73450116972825,15.6205975010102,9.73450116972825,1.02047693101511
0.737,0.895808243152976,1.02047693101511,1.03,9.73450116972825,15.6205975010102,9.73450116972825,1.02047693101511
0.738,0.895808243152976,1.02047693101511,1.03,9.73450116972825,15.6205975010102,9.73450116972825,1.02047693101511
0.739,0.895808243152976,1.02047693101511,1.03,9.73450116972825,15.6205975010102,9.73450116972825,1.02047693101511
0.74,0.895808243152976,1.02047693101511,1.03,9.73450116972825,15.6205975010102,9.73450116972825,1.02047693101511
0.741,0.895808243152976,1.02047693101511,1.03,9.73450116972825,15.6205975010102,9.73450116972825,1.02047693101511
0.742,0.895808243152976,1.02047693101511,1.03,9.73450116972825,15.6205975010102,9.73450116972825,1.02047693101511
0.743,0.895808243152976,1.02047693101511,1.03,9.73450116972825,15.6205975010102,9.73450116972825,1.02047693101511
0.744,0.895808243152976,1.02047693101511,1.03,9.73450116972825,15.6205975010102,9.73450116972825,1.02047693101511
0.745,0.895808243152976,1.02047693101511,1.03,9.73450116972825,15.6205975010102,9.73450116972825,1.02047693101511
0.746,0.895808243152976,1.02047693101511,1.03,9.73450116972825,15.6205975010102,9.73450116972825,1.02047693101511
0.747,0.895808243152976,1.02047693101511,1.03,9.73450116972825,15.6205975010102,9.73450116972825,1.02047693101511
0.748,0.895808243152976,1.02047693101511,1.03,9.73450116972825,15.6205975010102,9.73450116972825,1.02047693101511
0.749,0.895808243152976,1.02047693101511,1.03,9.73450116972825,15.6205975010102,9.73450116972825,1.02047693101511
0.75,0.895808243152976,1.02047693101511,1.03,9.73450116972825,15.6205975010102,9.73450116972825,1.02047693101511
0.751,0.895808243152976,1.02047693101511,1.03,9.73450116972825,15.6205975010102,9.73450116972825,1.02047693101511
0.752,0.895808243152976,1.02047693101511,1.03,9.73450116972825,15.6205975010102,9.73450116972825,1.02047693101511
0.753,0.895808243152976,1.02047693101511,1.03,9.73450116972825,15.6205975010102,9.73450116972825,1.02047693101511
0.754,0.895808243152976,1.02047693101511,1.03,9.73450116972825,15.6205975010102,9.73450116972825,1.02047693101511
0.755,0.895808243152976,1.02047693101511,1.03,9.73450116972825,15.6205975010102,9.73450116972825,1.02047693101511
0.756,0.895808243152976,1.02047693101511,1.03,9.73450116972825,15.6205975010102,9.73450116972825,1.02047693101511
0.757,0.895808243152976,1.02047693101511,1.03,9.73450116972825,15.6205975010102,9.73450116972825,1.02047693101511
0.758,0.895808243152976,1.02047693101511,1.03,9.73450116972825,15.6205975010102,9.73450116972825,1.02047693101511
0.759,0.895808243152976,1.02047693101511,1.03,9.73450116972825,15.6205975010102,9.73450116972825,1.02047693101511
0.76,0.895808243152976,1.02047693101511,1.03,9.73450116972825,15.6205975010102,9.73450116972825,1.02047693101511
0.761,0.895808243152976,1.02047693101511,1.03,9.73450116972825,15.6205975010102,9.73450116972825,1.02047693101511
0.762,0.895808243152976,1.02047693101511,1.03,9.73450116972825,15.6205975010102,9.73450116972825,1.02047693101511
0.763,0.895808243152976,1.02047693101511,1.03,9.73450116972825,15.6205975010102,9.73450116972825,1.02047693101511
0.764,0.895808243152976,1.02047693101511,1.03,9.73450116972825,15.6205975010102,9.73450116972825,1.02047693101511
0.765,0.895808243152976,1.02047693101511,1.03,9.73450116972825,15.6205975010102,9.73450116972825,1.02047693101511
0.766,0.895808243152976,1.02047693101511,1.03,9.73450116972825,15.6205975010102,9.73450116972825,1.02047693101511
0.767,0.895808243152976,1.02047693101511,1.03,9.73450116972825,15.6205975010102,9.73450116972825,1.02047693101511
0.768,0.895808243152976,1.02047693101511,1.03,9.73450116972825,15.6205975010102,9.73450116972825,1.02047693101511
0.769,0.895808243152976,1.02047693101511,1.03,9.73450116972825,15.6205975010102,9.73450116972825,1.02047693101511
0.77,0.895808243152976,1.02047693101511,1.03,9.73450116972825,15.6205975010102,9.73450116972825,1.02047693101511
0.771,0.895808243152976,1.02047693101511,1.03,9.73450116972825,15.6205975010102,9.73450116972825,1.02047693101511
0.772,0.895808243152976,1.02047693101511,1.03,9.73450116972825,15.6205975010102,9.73450116972825,1.02047693101511
0.773,0.895808243152976,1.02047693101511,1.03,9.73450116972825,15.6205975010102,9.73450116972825,1.02047693101511
0.774,0.895808243152976,1.02047693101511,1.03,9.73450116972825,15.6205975010102,9.73450116972825,1.02047693101511
0.775,0.895808243152976,1.02047693101511,1.03,9.73450116972825,15.6205975010102,9.73450116972825,1.02047693101511
0.776,0.895808243152976,1.02047693101511,1.03,9.73450116972825,15.6205975010102,9.73450116972825,1.02047693101511
0.777,0.895808243152976,1.02047693101511,1.03,9.73450116972825,15.6205975010102,9.73450116972825,1.02047693101511
0.778,0.895808243152976,1.02047693101511,1.03,9.73450116972825,15.6205975010102,9.73450116972825,1.02047693101511
0.779,0.895808243152976,1.02047693101511,1.03,9.73450116972825,15.6205975010102,9.73450116972825,1.02047693101511
0.78,0.895808243152976,1.02047693101511,1.03,9.73450116972825,15.6205975010102,9.73450116972825,1.02047693101511
0.781,0.895808243152976,1.02047693101511,1.03,9.73450116972825,15.6205975010102,9.73450116972825,1.02047693101511
0.782,0.895808243152976,1.02047693101511,1.03,9.73450116972825,15.6205975010102,9.73450116972825,1.02047693101511
0.783,0.895808243152976,1.02047693101511,1.03,9.73450116972825,15.6205975010102,9.73450116972825,1.02047693101511
0.784,0.895808243152976,1.02047693101511,1.03,9.73450116972825,15.6205975010102,9.73450116972825,1.02047693101511
0.785,0.895808243152976,1.02047693101511,1.03,9.73450116972825,15.6205975010102,9.73450116972825,1.02047693101511
0.786,0.895808243152976,1.02047693101511,1.03,9.73450116972825,15.6205975010102,9.73450116972825,1.02047693101511
0.787,0.895808243152976,1.02047693101511,1.03,9.73450116972825,15.6205975010102,9.73450116972825,1.02047693101511
0.788,0.895808243152976,1.02047693101511,1.03,9.73450116972825,15.6205975010102,9.73450116972825,1.02047693101511
0.789,0.895808243152976,1.02047693101511,1.03,9.73450116972825,15.6205975010102,9.73450116972825,1.02047693101511
0.79,0.895808243152976,1.02047693101511,1.03,9.73450116972825,15.6205975010102,9.73450116972825,1.02047693101511
0.791,0.895808243152976,1.02047693101511,1.03,9.73450116972825,15.6205975010102,9.73450116972825,1.02047693101511
0.792,0.895808243152976,1.02047693101511,1.03,9.73450116972825,15.6205975010102,9.73450116972825,1.02047693101511
0.793,0.895808243152976,1.02047693101511,1.03,9.73450116972825,15.6205975010102,9.73450116972825,1.02047693101511
0.794,0.895808243152976,1.02047693101511,1.03,9.73450116972825,15.6205975010102,9.73450116972825,1.02047693101511
0.795,0.895808243152976,1.02047693101511,1.03,9.73450116972825,15.6205975010102,9.73450116972825,1.02047693101511
0.796,0.895808243152976,1.02047693101511,1.03,9.73450116972825,15.6205975010102,9.73450116972825,1.02047693101511
0.797,0.895808243152976,1.02047693101511,1.03,9.73450116972825,15.6205975010102,9.73450116972825,1.02047693101511
0.798,0.895808243152976,1.02047693101511,1.03,9.73450116972825,15.6205975010102,9.73450116972825,1.02047693101511
0.799,0.895808243152976,1.02047693101511,1.03,9.73450116972825,15.6205975010102,9.73450116972825,1.02047693101511
0.8,0.895808243152976,1.02047693101511,1.03,9.73450116972825,15.6205975010102,9.73450116972825,1.02047693101511
0.801,0.895808243152976,1.02047693101511,1.03,9.73450116972825,15.6205975010102,9.73450116972825,1.02047693101511
0.802,0.895808243152976,1.02047693101511,1.03,9.73450116972825,15.6205975010102,9.73450116972825,1.02047693101511
0.803,0.895808243152976,1.02047693101511,1.03,9.73450116972825,15.6205975010102,9.73450116972825,1.02047693101511
0.804,0.895808243152976,1.02047693101511,1.03,9.73450116972825,15.6205975010102,9.73450116972825,1.02047693101511
0.805,0.895808243152976,1.02047693101511,1.03,9.73450116972825,15.6205975010102,9.73450116972825,1.02047693101511
0.806,0.895808243152976,1.02047693101511,1.03,9.73450116972825,15.6205975010102,9.73450116972825,1.02047693101511
0.807,0.895808243152976,1.02047693101511,1.03,9.73450116972825,15.6205975010102,9.73450116972825,1.02047693101511
0.808,0.895808243152976,1.02047693101511,1.03,9.73450116972825,15.6205975010102,9.73450116972825,1.02047693101511
0.809,0.895808243152976,1.02047693101511,1.03,9.73450116972825,15.6205975010102,9.73450116972825,1.02047693101511
0.81,0.895808243152976,1.02047693101511,1.03,9.73450116972825,15.6205975010102,9.73450116972825,1.02047693101511
0.811,0.895808243152976,1.02047693101511,1.03,9.73450116972825,15.6205975010102,9.73450116972825,1.02047693101511
0.812,0.895808243152976,1.02047693101511,1.03,9.73450116972825,15.6205975010102,9.73450116972825,1.02047693101511
0.813,0.895808243152976,1.02047693101511,1.03,9.73450116972825,15.6205975010102,9.73450116972825,1.02047693101511
0.814,0.895808243152976,1.02047693101511,1.03,9.73450116972825,15.6205975010102,9.73450116972825,1.02047693101511
0.815,0.895808243152976,1.02047693101511,1.03,9.73450116972825,15.6205975010102,9.73450116972825,1.02047693101511
0.816,0.895808243152976,1.02047693101511,1.03,9.73450116972825,15.6205975010102,9.73450116972825,1.02047693101511
0.817,0.895808243152976,1.02047693101511,1.03,9.73450116972825,15.6205975010102,9.73450116972825,1.02047693101511
0.818,0.895808243152976,1.02047693101511,1.03,9.73450116972825,15.6205975010102,9.73450116972825,1.02047693101511
0.819,0.895808243152976,1.02047693101511,1.03,9.73450116972825,15.6205975010102,9.73450116972825,1.02047693101511
0.82,0.895808243152976,1.02047693101511,1.03,9.73450116972825,15.6205975010102,9.73450116972825,1.02047693101511
0.821,0.895808243152976,1.02047693101511,1.03,9.73450116972825,15.6205975010102,9.73450116972825,1.02047693101511
0.822,0.895808243152976,1.02047693101511,1.03,9.73450116972825,15.6205975010102,9.73450116972825,1.02047693101511
0.823,0.895808243152976,1.02047693101511,1.03,9.73450116972825,15.6205975010102,9.73450116972825,1.02047693101511
0.824,0.895808243152976,1.02047693101511,1.03,9.73450116972825,15.6205975010102,9.73450116972825,1.02047693101511
0.825,0.895808243152976,1.02047693101511,1.03,9.73450116972825,15.6205975010102,9.73450116972825,1.02047693101511
0.826,0.895808243152976,1.02047693101511,1.03,9.73450116972825,15.6205975010102,9.73450116972825,1.02047693101511
0.827,0.895808243152976,1.02047693101511,1.03,9.73450116972825,15.6205975010102,9.73450116972825,1.02047693101511
0.828,0.895808243152976,1.02047693101511,1.03,9.73450116972825,15.6205975010102,9.73450116972825,1.02047693101511
0.829,0.895808243152976,1.02047693101511,1.03,9.73450116972825,15.6205975010102,9.73450116972825,1.02047693101511
0.83,0.895808243152976,1.02047693101511,1.03,9.73450116972825,15.6205975010102,9.73450116972825,1.02047693101511
0.831,0.895808243152976,1.02047693101511,1.03,9.73450116972825,15.6205975010102,9.73450116972825,1.02047693101511
0.832,0.895808243152976,1.02047693101511,1.03,9.73450116972825,15.6205975010102,9.73450116972825,1.02047693101511
0.833,0.895808243152976,1.02047693101511,1.03,9.73450116972825,15.6205975010102,9.73450116972825,1.02047693101511
0.834,0.895808243152976,1.02047693101511,1.03,9.73450116972825,15.6205975010102,9.73450116972825,1.02047693101511
0.835,0.895808243152976,1.02047693101511,1.03,9.73450116972825,15.6205975010102,9.73450116972825,1.02047693101511
0.836,0.895808243152976,1.02047693101511,1.03,9.73450116972825,15.6205975010102,9.73450116972825,1.02047693101511
0.837,0.895808243152976,1.02047693101511,1.03,9.73450116972825,15.6205975010102,9.73450116972825,1.02047693101511
0.838,0.895808243152976,1.02047693101511,1.03,9.73450116972825,15.6205975010102,9.73450116972825,1.02047693101511
0.839,0.895808243152976,1.02047693101511,1.03,9.73450116972825,15.6205975010102,9.73450116972825,1.02047693101511
0.84,0.895808243152976,1.02047693101511,1.03,9.73450116972825,15.6205975010102,9.73450116972825,1.02047693101511
0.841,0.895808243152976,1.02047693101511,1.03,9.73450116972825,15.6205975010102,9.73450116972825,1.02047693101511
0.842,0.895808243152976,1.02047693101511,1.03,9.73450116972825,15.6205975010102,9.73450116972825,1.02047693101511
0.843,0.895808243152976,1.02047693101511,1.03,9.73450116972825,15.6205975010102,9.73450116972825,1.02047693101511
0.844,0.895808243152976,1.02047693101511,1.03,9.73450116972825,15.6205975010102,9.73450116972825,1.02047693101511
0.845,0.895808243152976,1.02047693101511,1.03,9.73450116972825,15.6205975010102,9.73450116972825,1.02047693101511
0.846,0.895808243152976,1.02047693101511,1.03,9.73450116972825,15.6205975010102,9.73450116972825,1.02047693101511
0.847,0.895808243152976,1.02047693101511,1.03,9.73450116972825,15.6205975010102,9.73450116972825,1.02047693101511
0.848,0.895808243152976,1.02047693101511,1.03,9.73450116972825,15.6205975010102,9.73450116972825,1.02047693101511
0.849,0.895808243152976,1.02047693101511,1.03,9.73450116972825,15.6205975010102,9.73450116972825,1.02047693101511
0.85,0.895808243152976,1.02047693101511,1.03,9.73450116972825,15.6205975010102,9.73450116972825,1.02047693101511
0.851,0.895808243152976,1.02047693101511,1.03,9.73450116972825,15.6205975010102,9.73450116972825,1.02047693101511
0.852,0.895808243152976,1.02047693101511,1.03,9.73450116972825,15.6205975010102,9.73450116972825,1.02047693101511
0.853,0.895808243152976,1.02047693101511,1.03,9.73450116972825,15.6205975010102,9.73450116972825,1.02047693101511
0.854,0.895808243152976,1.02047693101511,1.03,9.73450116972825,15.6205975010102,9.73450116972825,1.02047693101511
0.855,0.895808243152976,1.02047693101511,1.03,9.73450116972825,15.6205975010102,9.73450116972825,1.02047693101511
0.856,0.895808243152976,1.02047693101511,1.03,9.73450116972825,15.6205975010102,9.73450116972825,1.02047693101511
0.857,0.895808243152976,1.02047693101511,1.03,9.73450116972825,15.6205975010102,9.73450116972825,1.02047693101511
0.858,0.895808243152976,1.02047693101511,1.03,9.73450116972825,15.6205975010102,9.73450116972825,1.02047693101511
0.859,0.895808243152976,1.02047693101511,1.03,9.73450116972825,15.6205975010102,9.73450116972825,1.02047693101511
0.86,0.895808243152976,1.02047693101511,1.03,9.73450116972825,15.6205975010102,9.73450116972825,1.02047693101511
0.861,0.895808243152976,1.02047693101511,1.03,9.73450116972825,15.6205975010102,9.73450116972825,1.02047693101511
0.862,0.895808243152976,1.02047693101511,1.03,9.73450116972825,15.6205975010102,9.73450116972825,1.02047693101511
0.863,0.895808243152976,1.02047693101511,1.03,9.73450116972825,15.6205975010102,9.73450116972825,1.02047693101511
0.864,0.895808243152976,1.02047693101511,1.03,9.73450116972825,15.6205975010102,9.73450116972825,1.02047693101511
0.865,0.895808243152976,1.02047693101511,1.03,9.73450116972825,15.6205975010102,9.73450116972825,1.02047693101511
0.866,0.895808243152976,1.02047693101511,1.03,9.73450116972825,15.6205975010102,9.73450116972825,1.02047693101511
0.867,0.895808243152976,1.02047693101511,1.03,9.73450116972825,15.6205975010102,9.73450116972825,1.02047693101511
0.868,0.895808243152976,1.02047693101511,1.03,9.73450116972825,15.6205975010102,9.73450116972825,1.02047693101511
0.869,0.895808243152976,1.02047693101511,1.03,9.73450116972825,15.6205975010102,9.73450116972825,1.02047693101511
0.87,0.895808243152976,1.02047693101511,1.03,9.73450116972825,15.6205975010102,9.73450116972825,1.02047693101511
0.871,0.895808243152976,1.02047693101511,1.03,9.73450116972825,15.6205975010102,9.73450116972825,1.02047693101511
0.872,0.895808243152976,1.02047693101511,1.03,9.73450116972825,15.6205975010102,9.73450116972825,1.02047693101511
0.873,0.895808243152976,1.02047693101511,1.03,9.73450116972825,15.6205975010102,9.73450116972825,1.02047693101511
0.874,0.895808243152976,1.02047693101511,1.03,9.73450116972825,15.6205975010102,9.73450116972825,1.02047693101511
0.875,0.895808243152976,1.02047693101511,1.03,9.73450116972825,15.6205975010102,9.73450116972825,1.02047693101511
0.876,0.895808243152976,1.02047693101511,1.03,9.73450116972825,15.6205975010102,9.73450116972825,1.02047693101511
0.877,0.895808243152976,1.02047693101511,1.03,9.73450116972825,15.6205975010102,9.73450116972825,1.02047693101511
0.878,0.895808243152976,1.02047693101511,1.03,9.73450116972825,15.6205975010102,9.73450116972825,1.02047693101511
0.879,0.895808243152976,1.02047693101511,1.03,9.73450116972825,15.6205975010102,9.73450116972825,1.02047693101511
0.88,0.895808243152976,1.02047693101511,1.03,9.73450116972825,15.6205975010102,9.73450116972825,1.02047693101511
0.881,0.895808243152976,1.02047693101511,1.03,9.73450116972825,15.6205975010102,9.73450116972825,1.02047693101511
0.882,0.895808243152976,1.02047693101511,1.03,9.73450116972825,15.6205975010102,9.73450116972825,1.02047693101511
0.883,0.895808243152976,1.02047693101511,1.03,9.73450116972825,15.6205975010102,9.73450116972825,1.02047693101511
0.884,0.895808243152976,1.02047693101511,1.03,9.73450116972825,15.6205975010102,9.73450116972825,1.02047693101511
0.885,0.895808243152976,1.02047693101511,1.03,9.73450116972825,15.6205975010102,9.73450116972825,1.02047693101511
0.886,0.895808243152976,1.02047693101511,1.03,9.73450116972825,15.6205975010102,9.73450116972825,1.02047693101511
0.887,0.895808243152976,1.02047693101511,1.03,9.73450116972825,15.6205975010102,9.73450116972825,1.02047693101511
0.888,0.895808243152976,1.02047693101511,1.03,9.73450116972825,15.6205975010102,9.73450116972825,1.02047693101511
0.889,0.895808243152976,1.02047693101511,1.03,9.73450116972825,15.6205975010102,9.73450116972825,1.02047693101511
0.89,0.895808243152976,1.02047693101511,1.03,9.73450116972825,15.6205975010102,9.73450116972825,1.02047693101511
0.891,0.895808243152976,1.02047693101511,1.03,9.73450116972825,15.6205975010102,9.73450116972825,1.02047693101511
0.892,0.895808243152976,1.02047693101511,1.03,9.73450116972825,15.6205975010102,9.73450116972825,1.02047693101511
0.893,0.895808243152976,1.02047693101511,1.03,9.73450116972825,15.6205975010102,9.73450116972825,1.02047693101511
0.894,0.895808243152976,1.02047693101511,1.03,9.73450116972825,15.6205975010102,9.73450116972825,1.02047693101511
0.895,0.895808243152976,1.02047693101511,1.03,9.73450116972825,15.6205975010102,9.73450116972825,1.02047693101511
0.896,0.895808243152976,1.02047693101511,1.03,9.73450116972825,15.6205975010102,9.73450116972825,1.02047693101511
0.897,0.895808243152976,1.02047693101511,1.03,9.73450116972825,15.6205975010102,9.73450116972825,1.02047693101511
0.898,0.895808243152976,1.02047693101511,1.03,9.73450116972825,15.6205975010102,9.73450116972825,1.02047693101511
0.899,0.895808243152976,1.02047693101511,1.03,9.73450116972825,15.6205975010102,9.73450116972825,1.02047693101511
0.9,0.895808243152976,1.02047693101511,1.03,9.73450116972825,15.6205975010102,9.73450116972825,1.02047693101511
0.901,0.895808243152976,1.02047693101511,1.03,9.73450116972825,15.6205975010102,9.73450116972825,1.02047693101511
0.902,0.895808243152976,1.02047693101511,1.03,9.73450116972825,15.6205975010102,9.73450116972825,1.02047693101511
0.903,0.895808243152976,1.02047693101511,1.03,9.73450116972825,15.6205975010102,9.73450116972825,1.02047693101511
0.904,0.895808243152976,1.02047693101511,1.03,9.73450116972825,15.6205975010102,9.73450116972825,1.02047693101511
0.905,0.895808243152976,1.02047693101511,1.03,9.73450116972825,15.6205975010102,9.73450116972825,1.02047693101511
0.906,0.895808243152976,1.02047693101511,1.03,9.73450116972825,15.6205975010102,9.73450116972825,1.02047693101511
0.907,0.895808243152976,1.02047693101511,1.03,9.73450116972825,15.6205975010102,9.73450116972825,1.02047693101511
0.908,0.895808243152976,1.02047693101511,1.03,9.73450116972825,15.6205975010102,9.73450116972825,1.02047693101511
0.909,0.895808243152976,1.02047693101511,1.03,9.73450116972825,15.6205975010102,9.73450116972825,1.02047693101511
0.91,0.895808243152976,1.02047693101511,1.03,9.73450116972825,15.6205975010102,9.73450116972825,1.02047693101511
0.911,0.895808243152976,1.02047693101511,1.03,9.73450116972825,15.6205975010102,9.73450116972825,1.02047693101511
0.912,0.895808243152976,1.02047693101511,1.03,9.73450116972825,15.6205975010102,9.73450116972825,1.02047693101511
0.913,0.895808243152976,1.02047693101511,1.03,9.73450116972825,15.6205975010102,9.73450116972825,1.02047693101511
0.914,0.895808243152976,1.02047693101511,1.03,9.73450116972825,15.6205975010102,9.73450116972825,1.02047693101511
0.915,0.895808243152976,1.02047693101511,1.03,9.73450116972825,15.6205975010102,9.73450116972825,1.02047693101511
0.916,0.895808243152976,1.02047693101511,1.03,9.73450116972825,15.6205975010102,9.73450116972825,1.02047693101511
0.917,0.895808243152976,1.02047693101511,1.03,9.73450116972825,15.6205975010102,9.73450116972825,1.02047693101511
0.918,0.895808243152976,1.02047693101511,1.03,9.73450116972825,15.6205975010102,9.73450116972825,1.02047693101511
0.919,0.895808243152976,1.02047693101511,1.03,9.73450116972825,15.6205975010102,9.73450116972825,1.02047693101511
0.92,0.895808243152976,1.02047693101511,1.03,9.73450116972825,15.6205975010102,9.73450116972825,1.02047693101511
0.921,0.895808243152976,1.02047693101511,1.03,9.73450116972825,15.6205975010102,9.73450116972825,1.02047693101511
0.922,0.895808243152976,1.02047693101511,1.03,9.73450116972825,15.6205975010102,9.73450116972825,1.02047693101511
0.923,0.895808243152976,1.02047693101511,1.03,9.73450116972825,15.6205975010102,9.73450116972825,1.02047693101511
0.924,0.895808243152976,1.02047693101511,1.03,9.73450116972825,15.6205975010102,9.73450116972825,1.02047693101511
0.925,0.895808243152976,1.02047693101511,1.03,9.73450116972825,15.6205975010102,9.73450116972825,1.02047693101511
0.926,0.895808243152976,1.02047693101511,1.03,9.73450116972825,15.6205975010102,9.73450116972825,1.02047693101511
0.927,0.895808243152976,1.02047693101511,1.03,9.73450116972825,15.6205975010102,9.73450116972825,1.02047693101511
0.928,0.895808243152976,1.02047693101511,1.03,9.73450116972825,15.6205975010102,9.73450116972825,1.02047693101511
0.929,0.895808243152976,1.02047693101511,1.03,9.73450116972825,15.6205975010102,9.73450116972825,1.02047693101511
0.93,0.895808243152976,1.02047693101511,1.03,9.73450116972825,15.6205975010102,9.73450116972825,1.02047693101511
0.931,0.895808243152976,1.02047693101511,1.03,9.73450116972825,15.6205975010102,9.73450116972825,1.02047693101511
0.932,0.895808243152976,1.02047693101511,1.03,9.73450116972825,15.6205975010102,9.73450116972825,1.02047693101511
0.933,0.895808243152976,1.02047693101511,1.03,9.73450116972825,15.6205975010102,9.73450116972825,1.02047693101511
0.934,0.895808243152976,1.02047693101511,1.03,9.73450116972825,15.6205975010102,9.73450116972825,1.02047693101511
0.935,0.895808243152976,1.02047693101511,1.03,9.73450116972825,15.6205975010102,9.73450116972825,1.02047693101511
0.936,0.895808243152976,1.02047693101511,1.03,9.73450116972825,15.6205975010102,9.73450116972825,1.02047693101511
0.937,0.895808243152976,1.02047693101511,1.03,9.73450116972825,15.6205975010102,9.73450116972825,1.02047693101511
0.938,0.895808243152976,1.02047693101511,1.03,9.73450116972825,15.6205975010102,9.73450116972825,1.02047693101511
0.939,0.895808243152976,1.02047693101511,1.03,9.73450116972825,15.6205975010102,9.73450116972825,1.02047693101511
0.94,0.895808243152976,1.02047693101511,1.03,9.73450116972825,15.6205975010102,9.73450116972825,1.02047693101511
0.941,0.895808243152976,1.02047693101511,1.03,9.73450116972825,15.6205975010102,9.73450116972825,1.02047693101511
0.942,0.895808243152976,1.02047693101511,1.03,9.73450116972825,15.6205975010102,9.73450116972825,1.02047693101511
0.943,0.895808243152976,1.02047693101511,1.03,9.73450116972825,15.6205975010102,9.73450116972825,1.02047693101511
0.944,0.895808243152976,1.02047693101511,1.03,9.73450116972825,15.6205975010102,9.73450116972825,1.02047693101511
0.945,0.895808243152976,1.02047693101511,1.03,9.73450116972825,15.6205975010102,9.73450116972825,1.02047693101511
0.946,0.895808243152976,1.02047693101511,1.03,9.73450116972825,15.6205975010102,9.73450116972825,1.02047693101511
0.947,0.895808243152976,1.02047693101511,1.03,9.73450116972825,15.6205975010102,9.73450116972825,1.02047693101511
0.948,0.895808243152976,1.02047693101511,1.03,9.73450116972825,15.6205975010102,9.73450116972825,1.02047693101511
0.949,0.895808243152976,1.02047693101511,1.03,9.73450116972825,15.6205975010102,9.73450116972825,1.02047693101511
0.95,0.895808243152976,1.02047693101511,1.03,9.73450116972825,15.6205975010102,9.73450116972825,1.02047693101511
0.951,0.895808243152976,1.02047693101511,1.03,9.73450116972825,15.6205975010102,9.73450116972825,1.02047693101511
0.952,0.895808243152976,1.02047693101511,1.03,9.73450116972825,15.6205975010102,9.73450116972825,1.02047693101511
0.953,0.895808243152976,1.02047693101511,1.03,9.73450116972825,15.6205975010102,9.73450116972825,1.02047693101511
0.954,0.895808243152976,1.02047693101511,1.03,9.73450116972825,15.6205975010102,9.73450116972825,1.02047693101511
0.955,0.895808243152976,1.02047693101511,1.03,9.73450116972825,15.6205975010102,9.73450116972825,1.02047693101511
0.956,0.895808243152976,1.02047693101511,1.03,9.73450116972825,15.6205975010102,9.73450116972825,1.02047693101511
0.957,0.895808243152976,1.02047693101511,1.03,9.73450116972825,15.6205975010102,9.73450116972825,1.02047693101511
0.958,0.895808243152976,1.02047693101511,1.03,9.73450116972825,15.6205975010102,9.73450116972825,1.02047693101511
0.959,0.895808243152976,1.02047693101511,1.03,9.73450116972825,15.6205975010102,9.73450116972825,1.02047693101511
0.96,0.895808243152976,1.02047693101511,1.03,9.73450116972825,15.6205975010102,9.73450116972825,1.02047693101511
0.961,0.895808243152976,1.02047693101511,1.03,9.73450116972825,15.6205975010102,9.73450116972825,1.02047693101511
0.962,0.895808243152976,1.02047693101511,1.03,9.73450116972825,15.6205975010102,9.73450116972825,1.02047693101511
0.963,0.895808243152976,1.02047693101511,1.03,9.73450116972825,15.6205975010102,9.73450116972825,1.02047693101511
0.964,0.895808243152976,1.02047693101511,1.03,9.73450116972825,15.6205975010102,9.73450116972825,1.02047693101511
0.965,0.895808243152976,1.02047693101511,1.03,9.73450116972825,15.6205975010102,9.73450116972825,1.02047693101511
0.966,0.895808243152976,1.02047693101511,1.03,9.73450116972825,15.6205975010102,9.73450116972825,1.02047693101511
0.967,0.895808243152976,1.02047693101511,1.03,9.73450116972825,15.6205975010102,9.73450116972825,1.02047693101511
0.968,0.895808243152976,1.02047693101511,1.03,9.73450116972825,15.6205975010102,9.73450116972825,1.02047693101511
0.969,0.895808243152976,1.02047693101511,1.03,9.73450116972825,15.6205975010102,9.73450116972825,1.02047693101511
0.97,0.895808243152976,1.02047693101511,1.03,9.73450116972825,15.6205975010102,9.73450116972825,1.02047693101511
0.971,0.895808243152976,1.02047693101511,1.03,9.73450116972825,15.6205975010102,9.73450116972825,1.02047693101511
0.972,0.895808243152976,1.02047693101511,1.03,9.73450116972825,15.6205975010102,9.73450116972825,1.02047693101511
0.973,0.895808243152976,1.02047693101511,1.03,9.73450116972825,15.6205975010102,9.73450116972825,1.02047693101511
0.974,0.895808243152976,1.02047693101511,1.03,9.73450116972825,15.6205975010102,9.73450116972825,1.02047693101511
0.975,0.895808243152976,1.02047693101511,1.03,9.73450116972825,15.6205975010102,9.73450116972825,1.02047693101511
0.976,0.895808243152976,1.02047693101511,1.03,9.73450116972825,15.6205975010102,9.73450116972825,1.02047693101511
0.977,0.895808243152976,1.02047693101511,1.03,9.73450116972825,15.6205975010102,9.73450116972825,1.02047693101511
0.978,0.895808243152976,1.02047693101511,1.03,9.73450116972825,15.6205975010102,9.73450116972825,1.02047693101511
0.979,0.895808243152976,1.02047693101511,1.03,9.73450116972825,15.6205975010102,9.73450116972825,1.02047693101511
0.98,0.895808243152976,1.02047693101511,1.03,9.73450116972825,15.6205975010102,9.73450116972825,1.02047693101511
0.981,0.895808243152976,1.02047693101511,1.03,9.73450116972825,15.6205975010102,9.73450116972825,1.02047693101511
0.982,0.895808243152976,1.02047693101511,1.03,9.73450116972825,15.6205975010102,9.73450116972825,1.02047693101511
0.983,0.895808243152976,1.02047693101511,1.03,9.73450116972825,15.6205975010102,9.73450116972825,1.02047693101511
0.984,0.895808243152976,1.02047693101511,1.03,9.73450116972825,15.6205975010102,9.73450116972825,1.02047693101511
0.985,0.895808243152976,1.02047693101511,1.03,9.73450116972825,15.6205975010102,9.73450116972825,1.02047693101511
0.986,0.895808243152976,1.02047693101511,1.03,9.73450116972825,15.6205975010102,9.73450116972825,1.02047693101511
0.987,0.895808243152976,1.02047693101511,1.03,9.73450116972825,15.6205975010102,9.73450116972825,1.02047693101511
0.988,0.895808243152976,1.02047693101511,1.03,9.73450116972825,15.6205975010102,9.73450116972825,1.02047693101511
0.989,0.895808243152976,1.02047693101511,1.03,9.73450116972825,15.6205975010102,9.73450116972825,1.02047693101511
0.99,0.895808243152976,1.02047693101511,1.03,9.73450116972825,15.6205975010102,9.73450116972825,1.02047693101511
0.991,0.895808243152976,1.02047693101511,1.03,9.73450116972825,15.6205975010102,9.73450116972825,1.02047693101511
0.992,0.895808243152976,1.02047693101511,1.03,9.73450116972825,15.6205975010102,9.73450116972825,1.02047693101511
0.993,0.895808243152976,1.02047693101511,1.03,9.73450116972825,15.6205975010102,9.73450116972825,1.02047693101511
0.994,0.895808243152976,1.02047693101511,1.03,9.73450116972825,15.6205975010102,9.73450116972825,1.02047693101511
0.995,0.895808243152976,1.02047693101511,1.03,9.73450116972825,15.6205975010102,9.73450116972825,1.02047693101511
0.996,0.895808243152976,1.02047693101511,1.03,9.73450116972825,15.6205975010102,9.73450116972825,1.02047693101511
0.997,0.895808243152976,1.02047693101511,1.03,9.73450116972825,15.6205975010102,9.73450116972825,1.02047693101511
0.998,0.895808243152976,1.02047693101511,1.03,9.73450116972825,15.6205975010102,9.73450116972825,1.02047693101511
0.999,0.895808243152976,1.02047693101511,1.03,9.73450116972825,15.6205975010102,9.73450116972825,1.02047693101511
1,0.895808243152976,1.02047693101511,1.03,9.73450116972825,15.6205975010102,9.73450116972825,1.02047693101511
1.001,0.89522919660815,1.02052718208751,1.02942095345517,9.73450116972825,15.622135940692,9.73450116972825,1.02052718208751
1.002,0.894654010373622,1.02057709815276,1.02884576722065,9.73450116972825,15.6236641991086,9.73450116972825,1.02057709815276
1.003,0.894082658713991,1.02062668144424,1.02827441556102,9.73450116972825,15.6251823431383,9.73450116972825,1.02062668144424
1.004,0.893515116065425,1.02067593418045,1.02770687291245,9.73450116972825,15.6266904392269,9.85094434171151,1.02067593418045
1.005,0.892951357034515,1.02072485856508,1.02714311388154,9.74032332832742,15.6281885533905,9.87992090700069,1.02072485856508
1.006,0.892391356397145,1.02077345678715,1.02658364830716,9.74730320726108,15.6296767512177,9.90876533568524,1.02077345678715
1.007,0.891835089097358,1.02082173102107,1.02602855396207,9.75537631368229,15.6311550978727,9.93747302447074,1.02082173102107
1.008,0.891282530246235,1.02086968342676,1.0254779021736,9.76448114922171,15.6326236580978,9.96603968550993,1.02086968342676
1.009,0.890733655120787,1.02091731614975,1.02493175814178,9.77455907603612,15.6340824962161,9.99446133122843,1.02091731614975
1.01,0.890188439162842,1.02096463132125,1.02439018124309,9.78555418879574,15.6355316761341,10.0227342598347,1.02096463132125
1.011,0.88964685797795,1.02101163105828,1.0238532253204,9.79741319234769,15.6369712613443,10.0508550414841,1.02101163105828
1.012,0.88910888733429,1.02105831746372,1.02332093895976,9.81008528480451,15.6384013149278,10.0788205050678,1.02105831746372
1.013,0.888574503161588,1.02110469262647,1.02279336575455,9.82352204581767,15.6398218995569,10.1066277255986,1.02110469262647
1.014,0.888043681550037,1.02115075862146,1.02227054455763,9.83767732980672,15.6412330774977,10.1342740121676,1.02115075862146
1.015,0.88751639874923,1.02119651750982,1.02175250972204,9.85250716392476,15.6426349106127,10.161756896446,1.02119651750982
1.016,0.886992631167095,1.02124197133892,1.02123929133061,9.86796965055083,15.644027460363,10.1890741217079,1.02124197133892
1.017,0.886472355368842,1.02128712214249,1.0207309154152,9.88402487410868,15.6454107878115,10.2162236323506,1.02128712214249
1.018,0.885955548075909,1.02133197194071,1.02022740416585,9.90063481202077,15.6467849536245,10.243203563891,1.02133197194071
1.019,0.88544218616493,1.02137652274027,1.01972877613031,9.91776324961429,15.6481500180752,10.2700122334166,1.02137652274027
1.02,0.88493224666669,1.02142077653451,1.01923504640454,9.9353756988044,15.6495060410453,10.2966481304696,1.02142077653451
1.021,0.884425706765106,1.02146473530344,1.01874622681436,9.95343932038766,15.6508530820281,10.3231099083477,1.02146473530344
1.022,0.883922543796198,1.02150840101392,1.01826232608878,9.97192284978567,15.6521912001303,10.3493963757999,1.02150840101392
1.023,0.883422735247084,1.02155177561966,1.01778335002538,9.99079652608638,15.6535204540753,10.3755064891019,1.02155177561966
1.024,0.882926258754963,1.02159486106137,1.01730930164803,10.0100320242372,15.6548409022049,10.4014393444931,1.02159486106137
1.025,0.882433092106123,1.02163765926679,1.01684018135731,10.02960239025,15.656152602482,10.4271941709593,1.02163765926679
1.026,0.881943213234943,1.02168017215085,1.01637598707406,10.0494819792854,15.6574556124928,10.4527703233465,1.02168017215085
1.027,0.881456600222903,1.02172240161568,1.01591671437618,10.0696463964885,15.6587499894496,10.4781672757894,1.02172240161568
1.028,0.88097323129761,1.02176434955074,1.01546235662912,10.0900724404535,15.6600357901927,10.5033846154417,1.02176434955074
1.029,0.88049308483182,1.0218060178329,1.01501290511034,10.1107380492029,15.6613130711931,10.5284220364955,1.0218060178329
1.03,0.880016139342468,1.02184740832652,1.01456834912793,10.1316222485676,15.6625818885544,10.5532793344743,1.02184740832652
1.031,0.879542373489711,1.02188852288351,1.01412867613372,10.1527051028629,15.6638422980156,10.5779564007907,1.02188852288351
1.032,0.879071766075973,1.02192936334345,1.01369387183105,10.1739676677593,15.6650943549534,10.602453217554,1.02192936334345
1.033,0.878604296044993,1.02196993153367,1.01326392027759,10.195391945249,15.6663381143839,10.6267698526183,1.02196993153367
1.034,0.878139942480887,1.02201022926928,1.01283880398325,10.2169608406175,15.6675736309656,10.6509064548604,1.02201022926928
1.035,0.877678684607208,1.02205025835332,1.01241850400352,10.2386581213296,15.6688009590012,10.6748632496757,1.02205025835332
1.036,0.87722050178602,1.02209002057679,1.01200300002839,10.2604683777469,15.6700201524401,10.6986405346843,1.02209002057679
1.037,0.876765373516973,1.02212951771878,1.0115922704671,10.2823769855938,15.6712312648805,10.7222386756363,1.02212951771878
1.038,0.876313279436386,1.02216875154649,1.01118629252882,10.3043700700959,15.6724343495717,10.7456581025085,1.02216875154649
1.039,0.875864199316337,1.02220772381535,1.01078504229958,10.3264344717166,15.6736294594164,10.7688993057833,1.02220772381535
1.04,0.875418113063755,1.02224643626908,1.01038849481542,10.3485577134199,15.6748166469726,10.7919628329014,1.02224643626908
1.041,0.874975000719523,1.02228489063979,1.0099966241322,10.370727969394,15.6759959644561,10.8148492848821,1.02228489063979
1.042,0.874534842457586,1.02232308864803,1.0096094033919,10.3929340351684,15.6771674637426,10.8375593131008,1.02232308864803
1.043,0.874097618584063,1.02236103200287,1.00922680488587,10.415165299065,15.6783311963697,10.86009361622,1.02236103200287
1.044,0.873663309536362,1.02239872240202,1.00884880011494,10.4374117149227,15.6794872135393,10.8824529372642,1.02239872240202
1.045,0.873231895882313,1.02243616153184,1.0084753598467,10.4596637760398,15.6806355661195,10.9046380608337,1.02243616153184
1.046,0.872803358319291,1.02247335106746,1.00810645416993,10.4819124902795,15.681776304647,10.9266498104506,1.02247335106746
1.047,0.872377677673356,1.02251029267285,1.00774205254645,10.5041493562881,15.6829094793287,10.9484890460313,1.02251029267285
1.048,0.871954834898393,1.02254698800086,1.00738212386036,10.5263663407752,15.6840351400446,10.970156661479,1.02254698800086
1.049,0.871534811075264,1.02258343869336,1.00702663646495,10.5485558568104,15.6851533363491,10.9916535823922,1.02258343869336
1.05,0.871117587410956,1.02261964638124,1.00667555822724,10.5707107430895,15.6862641174733,11.0129807638829,1.02261964638124
1.051,0.870703145237743,1.02265561268453,1.00632885657032,10.5928242441292,15.6873675323276,11.0341391884995,1.02265561268453
1.052,0.870291466012351,1.02269133921247,1.00598649851363,10.6148899913477,15.6884636295029,11.0551298642505,1.02269133921247
1.053,0.869882531315129,1.02272682756355,1.00564845071122,10.6369019849928,15.6895524572732,11.0759538227239,1.02272682756355
1.054,0.869476322849221,1.02276207932563,1.00531467948804,10.6588545768794,15.6906340635973,11.0966121172977,1.02276207932563
1.055,0.869072822439753,1.02279709607596,1.00498515087446,10.6807424539003,15.6917084961213,11.1171058214382,1.02279709607596
1.056,0.868672012033015,1.02283187938129,1.00465983063907,10.7025606222772,15.6927758021799,11.1374360270815,1.02283187938129
1.057,0.868273873695654,1.02286643079792,1.0043386843197,10.7243043925174,15.693836028799,11.1576038430941,1.02286643079792
1.058,0.867878389613877,1.02290075187176,1.00402167725297,10.7459693650462,15.6948892226973,11.1776103938106,1.02290075187176
1.059,0.867485542092644,1.02293484413845,1.00370877460226,10.7675514164845,15.6959354302884,11.1974568176428,1.02293484413845
1.06,0.867095313554887,1.02296870912336,1.00339994138426,10.7890466865424,15.6969746976828,11.2171442657588,1.02296870912336
1.061,0.866707686540714,1.02300234834171,1.00309514249411,10.8104515655032,15.6980070706898,11.2366739008277,1.02300234834171
1.062,0.866322643706636,1.0230357632986,1.00279434272925,10.8317626822694,15.6990325948192,11.2560468958279,1.0230357632986
1.063,0.865940167824785,1.02306895548911,1.00249750681198,10.8529768929473,15.7000513152837,11.2752644329151,1.02306895548911
1.064,0.865560241782147,1.02310192639835,1.00220459941088,10.8740912699457,15.7010632770002,11.294327702348,1.02310192639835
1.065,0.865182848579792,1.02313467750153,1.00191558516102,10.8951030915659,15.7020685245924,11.3132379014694,1.02313467750153
1.066,0.86480797133212,1.02316721026402,1.00163042868309,10.916009832061,15.7030671023918,11.3319962337385,1.02316721026402
1.067,0.8644355932661,1.02319952614143,1.00134909460153,10.9368091521449,15.7040590544406,11.350603907814,1.02319952614143
1.068,0.864065697720519,1.02323162657965,1.00107154756166,10.9574988899284,15.7050444244926,11.3690621366847,1.02323162657965
1.069,0.863698268145242,1.02326351301496,1.00079775224578,10.9780770522662,15.7060232560156,11.3873721368456,1.02326351301496
1.07,0.863333288100467,1.02329518687402,1.0005276733885,10.9985418064951,15.7069955921931,11.4055351275173,1.02329518687402
1.071,0.862970741255991,1.02332664957403,1.00026127579109,11.0188914725463,15.7079614759262,11.4235523299064,1.02332664957403
1.072,0.862610611390477,1.02335790252271,0.999998524335082,11.0391245154143,15.7089209498351,11.4414249665066,1.02335790252271
1.073,0.862252882390734,1.02338894711839,0.999739383995063,11.0592395379689,15.7098740562613,11.4591542604359,1.02338894711839
1.074,0.861897538250989,1.0234197847501,0.999483819850726,11.0792352740922,15.7108208372691,11.476741434811,1.0234197847501
1.075,0.861544563072176,1.0234504167976,0.99923179709821,11.0991105821282,15.7117613346477,11.4941877121553,1.0234504167976
1.076,0.861193941061222,1.02348084463145,0.998983281060756,11.1188644386295,15.7126955899126,11.5114943138398,1.02348084463145
1.077,0.86084565653034,1.02351106961308,0.998738237198731,11.13849593239,15.7136236443075,11.528662459555,1.02351106961308
1.078,0.860499693896331,1.02354109309482,0.998496631119024,11.1580042587483,15.7145455388062,11.5456933668129,1.02354109309482
1.079,0.860156037679882,1.02357091642003,0.998258428583861,11.1773887141515,15.715461314114,11.5625882504769,1.02357091642003
1.08,0.859814672504877,1.02360054092306,0.998023595519065,11.1966486909678,15.7163710106697,11.5793483223187,1.02360054092306
1.081,0.859475583097704,1.02362996792941,0.997792098021775,11.2157836725353,15.7172746686474,11.5959747906015,1.02362996792941
1.082,0.859138754286579,1.02365919875571,0.997563902367671,11.2347932284386,15.7181723279578,11.6124688596873,1.02365919875571
1.083,0.858804171000862,1.02368823470984,0.997338975017702,11.2536770100011,15.7190640282503,11.6288317296673,1.02368823470984
1.084,0.858471818270383,1.02371707709094,0.997117282624371,11.2724347459844,15.7199498089144,11.6450645960155,1.02371707709094
1.085,0.858141681224774,1.02374572718951,0.996898792037567,11.2910662384859,15.7208297090815,11.6611686492624,1.02374572718951
1.086,0.857813745092802,1.02377418628741,0.996683470309995,11.3095713590248,15.7217037676267,11.67714507469,1.02377418628741
1.087,0.85748799520171,1.02380245565799,0.996471284702199,11.327950044808,15.7225720231701,11.6929950520454,1.02380245565799
1.088,0.857164416976559,1.02383053656611,0.996262202687216,11.3462022951699,15.7234345140787,11.7087197552728,1.02383053656611
1.089,0.856842995939575,1.02385843026817,0.99605619195487,11.364328168175,15.724291278468,11.7243203522636,1.02385843026817
1.09,0.856523717709505,1.02388613801222,0.995853220415719,11.3823277773795,15.7251423542036,11.7397980046221,1.02388613801222
1.091,0.856206568000968,1.02391366103797,0.99565325620469,11.4002012887416,15.7259877789027,11.755153867448,1.02391366103797
1.092,0.855891532623821,1.02394100057688,0.995456267684393,11.4179489176769,15.7268275899359,11.7703890891336,1.02394100057688
1.093,0.855578597482523,1.02396815785221,0.995262223448151,11.4355709262498,15.7276618244286,11.7855048111754,1.02396815785221
1.094,0.855267748575499,1.02399513407903,0.995071092322751,11.453067620496,15.7284905192628,11.8005021679992,1.02399513407903
1.095,0.854958971994523,1.02402193046433,0.994882843370925,11.4704393478712,15.7293137110785,11.8153822867985,1.02402193046433
1.096,0.854652253924086,1.02404854820707,0.994697445893585,11.4876864948176,15.7301314362752,11.8301462873852,1.02404854820707
1.097,0.854347580640785,1.02407498849819,0.994514869431818,11.5048094844459,15.7309437310136,11.8447952820518,1.02407498849819
1.098,0.854044938512707,1.02410125252071,0.994335083768655,11.5218087743262,15.7317506312172,11.8593303754453,1.02410125252071
1.099,0.853744313998815,1.02412734144974,0.994158058930624,11.5386848543822,15.7325521725735,11.873752664451,1.02412734144974
1.1,0.85344569364835,1.02415325645257,0.993983765189103,11.5554382448856,15.7333483905361,11.8880632380875,1.02415325645257
1.101,0.853149064100221,1.02417899868872,0.993812173061471,11.5720694945457,15.7341393203255,11.9022631774098,1.02417899868872
1.102,0.852854412082413,1.02420456930997,0.993643253312088,11.5885791786889,15.7349249969312,11.9163535554232,1.02420456930997
1.103,0.85256172441139,1.0242299694604,0.993476976953089,11.6049678975256,15.7357054551128,11.9303354370048,1.0242299694604
1.104,0.852270987991507,1.0242552002765,0.993313315245022,11.6212362744996,15.7364807294017,11.9442098788333,1.0242552002765
1.105,0.851982189814424,1.02428026288716,0.993152239697328,11.6373849547163,15.7372508541027,11.9579779293269,1.02428026288716
1.106,0.851695316958521,1.02430515841374,0.99299372206867,11.6534146034468,15.738015863295,11.9716406285888,1.02430515841374
1.107,0.851410356588325,1.02432988797015,0.992837734367125,11.6693259047039,15.7387757908342,11.9851990083594,1.02432988797015
1.108,0.851127295953929,1.02435445266285,0.992684248850245,11.6851195598867,15.7395306703532,11.9986540919749,1.02435445266285
1.109,0.85084612239043,1.02437885359093,0.992533238024991,11.7007962864911,15.7402805352642,12.0120068943334,1.02437885359093
1.11,0.850566823317353,1.02440309184616,0.99238467464755,11.7163568168832,15.7410254187597,12.0252584218652,1.02440309184616
1.111,0.850289386238098,1.02442716851302,0.99223853172304,11.7318018971323,15.7417653538141,12.0384096725108,1.02442716851302
1.112,0.85001379873937,1.02445108466877,0.992094782505108,11.7471322859012,15.7425003731853,12.0514616357026,1.02445108466877
1.113,0.849740048490635,1.02447484138348,0.991953400495433,11.7623487533913,15.7432305094156,12.0644152923528,1.02447484138348
1.114,0.849468123243557,1.02449843972009,0.991814359443132,11.7774520803394,15.7439557948335,12.0772716148455,1.02449843972009
1.115,0.84919801083146,1.02452188073446,0.991677633344078,11.7924430570647,15.7446762615551,12.0900315670337,1.02452188073446
1.116,0.848929699168777,1.0245451654754,0.991543196440136,11.8073224825631,15.7453919414851,12.1026961042407,1.0245451654754
1.117,0.848663176250512,1.02456829498473,0.991411023218321,11.822091163647,15.7461028663187,12.1152661732649,1.02456829498473
1.118,0.848398430151702,1.02459127029733,0.991281088409882,11.8367499141279,15.7468090675425,12.1277427123897,1.02459127029733
1.119,0.848135449026884,1.02461409244118,0.991153366989315,11.851299554041,15.747510576436,12.1401266513955,1.02461409244118
1.12,0.847874221109565,1.02463676243741,0.991027834173316,11.8657409089087,15.7482074240732,12.1524189115767,1.02463676243741
1.121,0.847614734711694,1.02465928130033,0.99090446541967,11.8800748090421,15.7488996413236,12.1646204057607,1.02465928130033
1.122,0.847356978223143,1.02468165003749,0.990783236426082,11.894302088878,15.7495872588534,12.1767320383306,1.02468165003749
1.123,0.847100940111182,1.02470386964974,0.990664123128958,11.9084235863507,15.7502703071274,12.1887547052506,1.02470386964974
1.124,0.846846608919967,1.02472594113125,0.990547101702136,11.9224401422957,15.7509488164098,12.2006892940942,1.02472594113125
1.125,0.846593973270028,1.02474786546954,0.990432148555569,11.9363525998856,15.7516228167657,12.2125366840746,1.02474786546954
1.126,0.846343021857754,1.02476964364558,0.990319240333964,11.950161804095,15.7522923380623,12.2242977460783,1.02476964364558
1.127,0.846093743454896,1.02479127663378,0.990208353915386,11.9638686011942,15.7529574099702,12.2359733426996,1.02479127663378
1.128,0.845846126908056,1.02481276540205,0.990099466409817,11.9774738382695,15.753618061965,12.247564328279,1.02481276540205
1.129,0.845600161138196,1.02483411091187,0.98999255515769,11.99097836277,15.7542743233279,12.2590715489414,1.02483411091187
1.13,0.845355835140135,1.02485531411829,0.989887597728381,12.0043830220785,15.7549262231476,12.2704958426386,1.02485531411829
1.131,0.845113137982061,1.02487637597001,0.989784571918681,12.0176886631065,15.7555737903212,12.281838039191,1.02487637597001
1.132,0.84487205880504,1.02489729740937,0.989683455751234,12.0308961319108,15.7562170535556,12.2930989603331,1.02489729740937
1.133,0.844632586822533,1.02491807937248,0.989584227472951,12.0440062733319,15.7568560413686,12.3042794197591,1.02491807937248
1.134,0.84439471131991,1.02493872278916,0.989486865553408,12.0570199306532,15.7574907820902,12.3153802231701,1.02493872278916
1.135,0.84415842165397,1.02495922858307,0.989391348683216,12.0699379452791,15.758121303864,12.3264021683236,1.02495922858307
1.136,0.843923707252471,1.02497959767168,0.989297655772372,12.0827611564313,15.7587476346481,12.3373460450826,1.02497959767168
1.137,0.843690557613647,1.02499983096637,0.989205765948601,12.0954904008639,15.7593698022164,12.3482126354671,1.02499983096637
1.138,0.84345896230575,1.02501992937243,0.989115658555675,12.108126512594,15.75998783416,12.3590027137059,1.02501992937243
1.139,0.843228910966571,1.02503989378912,0.989027313151719,12.1206703226496,15.7606017578881,12.3697170462899,1.02503989378912
1.14,0.843000393302988,1.02505972510969,0.988940709507512,12.1331226588316,15.7612116006293,12.3803563920257,1.02505972510969
1.141,0.842773399090494,1.02507942422146,0.98885582760477,12.1454843454913,15.761817389433,12.3909215020904,1.02507942422146
1.142,0.842547918172751,1.02509899200582,0.988772647634422,12.1577562033213,15.7624191511702,12.4014131200868,1.02509899200582
1.143,0.842323940461126,1.02511842933828,0.98869114999488,12.1699390491596,15.7630169125348,12.4118319820996,1.02511842933828
1.144,0.842101455934245,1.02513773708853,0.988611315290303,12.1820336958066,15.7636107000448,12.4221788167521,1.02513773708853
1.145,0.841880454637544,1.02515691612044,0.988533124328852,12.1940409518538,15.7642005400435,12.432454345263,1.02515691612044
1.146,0.84166092668282,1.02517596729214,0.988456558120944,12.2059616215243,15.7647864587005,12.4426592815043,1.02517596729214
1.147,0.841442862247795,1.02519489145602,0.988381597877502,12.2177965045233,15.7653684820129,12.4527943320594,1.02519489145602
1.148,0.841226251575669,1.02521368945882,0.988308225008204,12.2295463959001,15.7659466358064,12.4628601962812,1.02521368945882
1.149,0.841011084974692,1.02523236214159,0.988236421119729,12.2412120859192,15.7665209457365,12.4728575663512,1.02523236214159
1.15,0.84079735281772,1.02525091033982,0.988166168014004,12.2527943599408,15.7670914372894,12.4827871273382,1.02525091033982
1.151,0.840585045541795,1.02526933488339,0.988097447686454,12.2642939983106,15.7676581357833,12.4926495572578,1.02526933488339
1.152,0.84037415364771,1.02528763659666,0.988030242324246,12.275711776258,15.7682210663696,12.5024455271316,1.02528763659666
1.153,0.840164667699585,1.02530581629852,0.987964534304545,12.2870484638017,15.7687802540337,12.512175701047,1.02530581629852
1.154,0.839956578324448,1.02532387480237,0.98790030619277,12.2983048256639,15.7693357235961,12.5218407362167,1.02532387480237
1.155,0.839749876211812,1.02534181291618,0.987837540740844,12.3094816211916,15.7698874997137,12.5314412830386,1.02534181291618
1.156,0.83954455211326,1.02535963144258,0.987776220885466,12.3205796042839,15.7704356068809,12.5409779851554,1.02535963144258
1.157,0.839340596842031,1.02537733117879,0.987716329746373,12.3315995233275,15.7709800694302,12.5504514795148,1.02537733117879
1.158,0.839138001272611,1.02539491291677,0.987657850624616,12.3425421211369,15.7715209115339,12.559862396429,1.02539491291677
1.159,0.838936756340321,1.02541237744316,0.987600767000836,12.3534081349015,15.7720581572045,12.5692113596344,1.02541237744316
1.16,0.838736853040912,1.02542972553937,0.987545062533552,12.3641982961381,15.7725918302963,12.5784989863516,1.02542972553937
1.161,0.838538282430166,1.02544695798161,0.987490721057455,12.3749133306488,15.7731219545061,12.5877258873449,1.02544695798161
1.162,0.838341035623491,1.0254640755409,0.987437726581705,12.3855539584836,15.7736485533744,12.5968926669815,1.0254640755409
1.163,0.838145103795528,1.02548107898313,0.987386063288242,12.3961208939085,15.7741716502861,12.6059999232911,1.02548107898313
1.164,0.837950478179751,1.02549796906908,0.987335715530101,12.4066148453776,15.774691268472,12.615048248025,1.02549796906908
1.165,0.83775715006808,1.02551474655445,0.987286667829739,12.41703651551,15.7752074310096,12.6240382267152,1.02551474655445
1.166,0.837565110810486,1.02553141218992,0.987238904877366,12.4273866010703,15.7757201608239,12.6329704387328,1.02553141218992
1.167,0.837374351814609,1.02554796672116,0.987192411529292,12.4376657929534,15.7762294806885,12.6418454573469,1.02554796672116
1.168,0.837184864545372,1.02556441088885,0.987147172806279,12.4478747761731,15.7767354132269,12.6506638497828,1.02556441088885
1.169,0.836996640524596,1.02558074542876,0.987103173891905,12.4580142298535,15.7772379809131,12.6594261772802,1.02558074542876
1.17,0.836809671330625,1.02559697107174,0.987060400130934,12.4680848272249,15.7777372060728,12.6681329951507,1.02559697107174
1.171,0.836623948597948,1.02561308854376,0.987018837027705,12.4780872356212,15.778233110884,12.6767848528355,1.02561308854376
1.172,0.836439464016822,1.02562909856597,0.986978470244522,12.4880221164819,15.7787257173786,12.6853822939629,1.02562909856597
1.173,0.836256209332903,1.0256450018547,0.98693928560006,12.4978901253559,15.7792150474428,12.6939258564045,1.0256450018547
1.174,0.836074176346877,1.0256607991215,0.986901269067782,12.5076919119084,15.7797011228183,12.7024160723326,1.0256607991215
1.175,0.835893356914091,1.02567649107319,0.986864406774369,12.5174281199296,15.7801839651032,12.710853468276,1.02567649107319
1.176,0.83571374294419,1.02569207841187,0.986828684998152,12.5270993873469,15.7806635957529,12.7192385651761,1.02569207841187
1.177,0.835535326400756,1.02570756183496,0.986794090167569,12.5367063462384,15.7811400360812,12.7275718784423,1.02570756183496
1.178,0.835358099300944,1.02572294203523,0.986760608859622,12.5462496228486,15.781613307261,12.7358539180077,1.02572294203523
1.179,0.835182053715131,1.02573821970083,0.986728227798353,12.5557298376065,15.7820834303253,12.7440851883834,1.02573821970083
1.18,0.835007181766557,1.02575339551532,0.986696933853327,12.5651476051454,15.7825504261682,12.7522661887134,1.02575339551532
1.181,0.834833475630973,1.02576847015772,0.986666714038134,12.5745035343238,15.7830143155456,12.7603974128288,1.02576847015772
1.182,0.834660927536294,1.0257834443025,0.986637555508892,12.583798228249,15.7834751190766,12.7684793493013,1.0257834443025
1.183,0.834489529762245,1.02579831861965,0.986609445562772,12.5930322843016,15.7839328572437,12.7765124814966,1.02579831861965
1.184,0.834319274640023,1.02581309377469,0.98658237163653,12.6022062941614,15.7843875503941,12.7844972876277,1.02581309377469
1.185,0.83415015455195,1.02582777042869,0.986556321305054,12.6113208438347,15.7848392187406,12.792434240807,1.02582777042869
1.186,0.83398216193113,1.02584234923834,0.986531282279921,12.6203765136833,15.7852878823625,12.800323809099,1.02584234923834
1.187,0.833815289261116,1.02585683085592,0.986507242407965,12.6293738784541,15.7857335612062,12.8081664555718,1.02585683085592
1.188,0.833649529075569,1.02587121592938,0.986484189669862,12.63831350731,15.7861762750863,12.8159626383484,1.02587121592938
1.189,0.833484873957925,1.02588550510235,0.986462112178724,12.6471959638619,15.7866160436866,12.823712810658,1.02588550510235
1.19,0.833321316541065,1.02589969901417,0.986440998178704,12.6560218062017,15.7870528865604,12.8314174208863,1.02589969901417
1.191,0.833158849506985,1.02591379829991,0.986420836043618,12.6647915869359,15.7874868231322,12.8390769126259,1.02591379829991
1.192,0.832997465586465,1.02592780359041,0.986401614275575,12.6735058532204,15.7879178726977,12.8466917247256,1.02592780359041
1.193,0.832837157558749,1.02594171551231,0.98638332150362,12.6821651467957,15.7883460544251,12.8542622913402,1.02594171551231
1.194,0.832677918251217,1.02595553468806,0.986365946482392,12.6907700040229,15.788771387356,12.8617890419792,1.02595553468806
1.195,0.832519740539069,1.02596926173598,0.986349478090789,12.6993209559207,15.7891938904059,12.8692724015553,1.02596926173598
1.196,0.832362617345002,1.02598289727024,0.986333905330654,12.7078185282025,15.7896135823654,12.8767127904325,1.02598289727024
1.197,0.832206541638895,1.02599644190094,0.986319217325463,12.716263241314,15.7900304819007,12.8841106244736,1.02599644190094
1.198,0.832051506437496,1.0260098962341,0.986305403319031,12.7246556104719,15.7904446075546,12.8914663150877,1.0260098962341
1.199,0.831897504804106,1.0260232608717,0.986292452674232,12.7329961457027,15.7908559777471,12.8987802692766,1.0260232608717
1.2,0.831744529848272,1.02603653641173,0.986280354871724,12.7412853518814,15.7912646107766,12.9060528896818,1.02603653641173
1.201,0.831592574725477,1.02604972344815,0.986269099508694,12.7495237287714,15.7916705248204,12.91328457463,1.02604972344815
1.202,0.831441632636834,1.026062822571,0.98625867629761,12.7577117710644,15.7920737379354,12.9204757181785,1.026062822571
1.203,0.831291696828782,1.02607583436636,0.986249075064985,12.7658499684201,15.7924742680593,12.9276267101609,1.02607583436636
1.204,0.831142760592783,1.02608875941642,0.986240285750156,12.7739388055071,15.7928721330108,12.9347379362315,1.02608875941642
1.205,0.830994817265024,1.02610159829948,0.986232298404074,12.7819787620433,15.7932673504911,12.9418097779094,1.02610159829948
1.206,0.830847860226118,1.02611435158998,0.986225103188102,12.7899703128366,15.7936599380839,12.9488426126228,1.02611435158998
1.207,0.830701882900804,1.02612701985855,0.98621869037283,12.7979139278259,15.7940499132568,12.9558368137523,1.02612701985855
1.208,0.830556878757658,1.02613960367199,0.986213050336898,12.8058100721223,15.7944372933617,12.9627927506736,1.02613960367199
1.209,0.830412841308801,1.02615210359335,0.986208173565834,12.8136592060498,15.7948220956358,12.969710788801,1.02615210359335
1.21,0.830269764109602,1.02616452018189,0.986204050650898,12.8214617851874,15.795204337202,12.9765912896286,1.02616452018189
1.211,0.830127640758398,1.02617685399318,0.986200672287946,12.8292182604094,15.7955840350701,12.983434610773,1.02617685399318
1.212,0.829986464896202,1.02618910557906,0.986198029276294,12.8369290779276,15.7959612061373,12.9902411060141,1.02618910557906
1.213,0.829846230206421,1.0262012754877,0.986196112517607,12.8445946793319,15.7963358671888,12.9970111253368,1.0262012754877
1.214,0.829706930414571,1.02621336426362,0.986194913014786,12.8522155016322,15.7967080348988,13.0037450149708,1.02621336426362
1.215,0.829568559288001,1.02622537244769,0.986194421870873,12.8597919772991,15.7970777258311,13.0104431174314,1.02622537244769
1.216,0.829431110635607,1.02623730057721,0.986194630287972,12.8673245343057,15.79744495644,13.0171057715593,1.02623730057721
1.217,0.829294578307563,1.02624914918586,0.986195529566166,12.8748135961684,15.7978097430706,13.0237333125598,1.02624914918586
1.218,0.82915895619504,1.02626091880379,0.986197111102462,12.882259581988,15.7981721019601,13.0303260720419,1.02626091880379
1.219,0.829024238229933,1.0262726099576,0.986199366389736,12.8896629064907,15.7985320492378,13.0368843780571,1.0262726099576
1.22,0.828890418384593,1.02628422317039,0.986202287015691,12.897023980069,15.7988896009266,13.0434085551375,1.02628422317039
1.221,0.828757490671556,1.02629575896175,0.986205864661827,12.9043432088224,15.7992447729431,13.0498989243338,1.02629575896175
1.222,0.828625449143272,1.02630721784784,0.986210091102423,12.911620994598,15.7995975810986,13.0563558032527,1.02630721784784
1.223,0.828494287891844,1.02631860034136,0.986214958203526,12.9188577350307,15.7999480410996,13.062779506094,1.02631860034136
1.224,0.828364001048758,1.02632990695158,0.986220457921953,12.9260538235839,15.8002961685486,13.0691703436876,1.02632990695158
1.225,0.828234582784626,1.0263411381844,0.9862265823043,12.9332096495891,15.8006419789449,13.0755286235295,1.0263411381844
1.226,0.828106027308922,1.02635229454234,0.986233323485968,12.9403255982861,15.800985487685,13.081854649818,1.02635229454234
1.227,0.827978328869723,1.02636337652456,0.986240673690191,12.9474020508627,15.8013267100635,13.0881487234894,1.02636337652456
1.228,0.827851481753451,1.0263743846269,0.986248625227081,12.954439384494,15.8016656612737,13.0944111422531,1.0263743846269
1.229,0.827725480284622,1.02638531934189,0.986257170492677,12.961437972382,15.8020023564082,13.1006422006264,1.02638531934189
1.23,0.827600318825584,1.02639618115878,0.986266301968011,12.9683981837942,15.8023368104598,13.1068421899696,1.02639618115878
1.231,0.827475991776274,1.02640697056355,0.986276012218175,12.975320384103,15.8026690383217,13.1130113985194,1.02640697056355
1.232,0.827352493573959,1.02641768803896,0.986286293891408,12.9822049348238,15.8029990547888,13.1191501114233,1.02641768803896
1.233,0.827229818692992,1.02642833406454,0.986297139718182,12.9890521936538,15.8033268745575,13.1252586107729,1.02642833406454
1.234,0.827107961644566,1.02643890911661,0.986308542510307,12.9958625145097,15.8036525122274,13.1313371756371,1.02643890911661
1.235,0.826986916976462,1.02644941366833,0.986320495160039,13.0026362475661,15.803975982301,13.1373860820945,1.02644941366833
1.236,0.826866679272812,1.02645984818971,0.986332990639199,13.0093737392925,15.8042972991847,13.1434056032666,1.02645984818971
1.237,0.826747243153853,1.02647021314761,0.986346021998305,13.0160753324912,15.8046164771896,13.1493960093492,1.02647021314761
1.238,0.826628603275688,1.0264805090058,0.98635958236571,13.0227413663341,15.804933530532,13.1553575676444,1.0264805090058
1.239,0.826510754330043,1.02649073622493,0.986373664946746,13.0293721763996,15.8052484733339,13.1612905425922,1.02649073622493
1.24,0.826393691044036,1.0265008952626,0.986388263022884,13.0359680947093,15.8055613196236,13.1671951958013,1.0265008952626
1.241,0.826277408179936,1.02651098657335,0.986403369950897,13.0425294497639,15.8058720833368,13.1730717860803,1.02651098657335
1.242,0.82616190053493,1.02652101060869,0.986418979162037,13.0490565665797,15.8061807783163,13.1789205694677,1.02652101060869
1.243,0.82604716294089,1.02653096781713,0.986435084161218,13.0555497667241,15.8064874183137,13.1847417992621,1.02653096781713
1.244,0.825933190264144,1.02654085864419,0.986451678526204,13.062009368351,15.8067920169892,13.1905357260525,1.02654085864419
1.245,0.825819977405243,1.02655068353239,0.986468755906816,13.0684356862361,15.8070945879124,13.1963025977471,1.02655068353239
1.246,0.825707519298735,1.02656044292135,0.986486310024135,13.0748290318116,15.8073951445631,13.2020426596028,1.02656044292135
1.247,0.825595810912937,1.02657013724771,0.986504334669725,13.0811897132012,15.8076937003316,13.2077561542544,1.02657013724771
1.248,0.825484847249711,1.02657976694522,0.986522823704853,13.0875180352538,15.8079902685196,13.2134433217426,1.02657976694522
1.249,0.825374623344239,1.02658933244475,0.986541771059731,13.0938142995783,15.8082848623405,13.2191043995423,1.02658933244475
1.25,0.825265134264804,1.02659883417429,0.986561170732751,13.1000788045765,15.8085774949202,13.2247396225912,1.02659883417429
1.251,0.825156375112566,1.02660827255896,0.986581016789742,13.1063118454772,15.8088681792975,13.2303492233168,1.02660827255896
1.252,0.825048341021342,1.02661764802107,0.986601303363222,13.1125137143692,15.8091569284247,13.2359334316638,1.02661764802107
1.253,0.824941027157393,1.0266269609801,0.986622024651674,13.1186847002339,15.8094437551685,13.2414924751216,1.0266269609801
1.254,0.824834428719204,1.02663621185273,0.986643174918812,13.1248250889783,15.8097286723099,13.2470265787508,1.02663621185273
1.255,0.824728540937269,1.02664540105288,0.986664748492868,13.1309351634669,15.8100116925455,13.2525359652097,1.02664540105288
1.256,0.824623359073881,1.0266545289917,0.986686739765881,13.1370152035541,15.8102928284874,13.2580208547805,1.0266545289917
1.257,0.824518878422915,1.02666359607759,0.986709143192996,13.1430654861154,15.8105720926644,13.2634814653953,1.02666359607759
1.258,0.824415094309622,1.02667260271624,0.986731953291768,13.1490862850794,15.810849497522,13.2689180126616,1.02667260271624
1.259,0.824312002090418,1.02668154931063,0.986755164641478,13.1550778714585,15.8111250554231,13.2743307098879,1.02668154931063
1.26,0.824209597152675,1.02669043626106,0.986778771882448,13.16104051338,15.8113987786489,13.2797197681088,1.02669043626106
1.261,0.824107874914517,1.02669926396515,0.986802769715376,13.1669744761164,15.8116706793988,13.2850853961095,1.02669926396515
1.262,0.824006830824614,1.02670803281789,0.986827152900666,13.1728800221161,15.8119407697917,13.2904278004508,1.02670803281789
1.263,0.823906460361977,1.0267167432116,0.986851916257771,13.1787574110328,15.8122090618656,13.2957471854929,1.0267167432116
1.264,0.823806759035757,1.02672539553603,0.986877054664544,13.1846068997558,15.8124755675792,13.3010437534199,1.02672539553603
1.265,0.823707722385045,1.02673399017829,0.986902563056596,13.190428742439,15.8127402988114,13.3063177042634,1.02673399017829
1.266,0.823609345978671,1.02674252752293,0.986928436426654,13.1962231905302,15.8130032673627,13.311569235926,1.02674252752293
1.267,0.823511625415007,1.02675100795195,0.986954669823939,13.2019904928,15.8132644849551,13.3167985442045,1.02675100795195
1.268,0.823414556321767,1.02675943184477,0.986981258353536,13.2077308953702,15.8135239632329,13.322005822813,1.02675943184477
1.269,0.823318134355815,1.02676779957831,0.987008197175785,13.2134446417424,15.8137817137631,13.3271912634057,1.02676779957831
1.27,0.82322235520297,1.02677611152695,0.987035481505666,13.2191319728255,15.8140377480361,13.3323550555993,1.02677611152695
1.271,0.82312721457781,1.02678436806261,0.9870631066122,13.2247931269642,15.8142920774659,13.3374973869954,1.02678436806261
1.272,0.823032708223485,1.02679256955469,0.98709106781785,13.2304283399658,15.8145447133909,13.3426184432023,1.02679256955469
1.273,0.822938831911521,1.02680071637016,0.987119360497938,13.2360378451276,15.8147956670741,13.3477184078573,1.02680071637016
1.274,0.822845581441638,1.02680880887353,0.987147980080053,13.2416218732641,15.8150449497041,13.3527974626475,1.02680880887353
1.275,0.822752952641554,1.02681684742687,0.987176922043482,13.2471806527333,15.8152925723949,13.3578557873317,1.02681684742687
1.276,0.822660941366803,1.02682483238986,0.987206181918633,13.2527144094632,15.815538546187,13.3628935597615,1.02682483238986
1.277,0.822569543500551,1.02683276411976,0.987235755286477,13.2582233669781,15.8157828820475,13.3679109559016,1.02683276411976
1.278,0.822478754953408,1.02684064297146,0.987265637777988,13.2637077464243,15.8160255908708,13.3729081498512,1.02684064297146
1.279,0.822388571663245,1.02684846929749,0.987295825073588,13.2691677665956,15.8162666834789,13.3778853138636,1.02684846929749
1.28,0.822298989595017,1.02685624344801,0.987326312902606,13.274603643959,15.8165061706223,13.3828426183672,1.02685624344801
1.281,0.822210004740577,1.02686396577085,0.987357097042732,13.2800155926794,15.8167440629797,13.3877802319848,1.02686396577085
1.282,0.822121613118499,1.02687163661155,0.987388173319491,13.2854038246447,15.8169803711592,13.3926983215537,1.02687163661155
1.283,0.822033810773903,1.02687925631331,0.987419537605709,13.2907685494901,15.8172151056986,13.3975970521452,1.02687925631331
1.284,0.82194659377827,1.02688682521705,0.98745118582099,13.2961099746229,15.8174482770654,13.4024765870837,1.02688682521705
1.285,0.821859958229275,1.02689434366144,0.987483113931205,13.3014283052459,15.8176798956579,13.4073370879661,1.02689434366144
1.286,0.821773900250607,1.02690181198287,0.987515317947977,13.306723744382,15.8179099718054,13.4121787146805,1.02690181198287
1.287,0.821688415991796,1.02690923051548,0.987547793928173,13.3119964928969,15.8181385157684,13.4170016254251,1.02690923051548
1.288,0.821603501628044,1.02691659959121,0.987580537973411,13.3172467495233,15.8183655377397,13.4218059767263,1.02691659959121
1.289,0.82151915336005,1.02692391953977,0.98761354622956,13.3224747108834,15.8185910478439,13.4265919234576,1.02692391953977
1.29,0.821435367413843,1.02693119068867,0.987646814886255,13.3276805715122,15.8188150561389,13.4313596188569,1.02693119068867
1.291,0.821352140040611,1.02693841336325,0.987680340176408,13.3328645238794,15.8190375726155,13.4361092145451,1.02693841336325
1.292,0.821269467516534,1.02694558788666,0.987714118375737,13.3380267584127,15.8192586071983,13.4408408605435,1.02694558788666
1.293,0.821187346142617,1.02695271457992,0.987748145802286,13.3431674635192,15.819478169746,13.4455547052912,1.02695271457992
1.294,0.821105772244526,1.02695979376189,0.987782418815963,13.3482868256078,15.8196962700519,13.4502508956626,1.02695979376189
1.295,0.821024742172423,1.02696682574931,0.987816933818071,13.3533850291105,15.8199129178442,13.4549295769844,1.02696682574931
1.296,0.8209442523008,1.02697381085682,0.987851687250856,13.3584622565042,15.8201281227866,13.4595908930527,1.02697381085682
1.297,0.820864299028321,1.02698074939694,0.987886675597053,13.3635186883317,15.8203418944784,13.4642349861494,1.02698074939694
1.298,0.820784878777659,1.02698764168013,0.987921895379436,13.3685545032225,15.8205542424556,13.4688619970591,1.02698764168013
1.299,0.820705987995335,1.02699448801476,0.987957343160377,13.3735698779144,15.8207651761905,13.4734720650854,1.02699448801476
1.3,0.820627623151559,1.02700128870716,0.987993015541408,13.3785649872729,15.8209747050926,13.4780653280671,1.02700128870716
1.301,0.820549780740076,1.02700804406162,0.988028909162788,13.3835400043126,15.821182838509,13.4826419223941,1.02700804406162
1.302,0.820472457278002,1.02701475438037,0.988065020703075,13.3884951002167,15.8213895857247,13.4872019830234,1.02701475438037
1.303,0.820395649305675,1.02702141996367,0.988101346878701,13.393430444357,15.821594955963,13.4917456434946,1.02702141996367
1.304,0.820319353386497,1.02702804110975,0.988137884443554,13.3983462043139,15.8217989583859,13.4962730359458,1.02702804110975
1.305,0.820243566106781,1.02703461811485,0.988174630188563,13.4032425458955,15.8220016020948,13.5007842911285,1.02703461811485
1.306,0.820168284075595,1.02704115127325,0.988211580941291,13.4081196331572,15.8222028961303,13.5052795384228,1.02704115127325
1.307,0.820093503924618,1.02704764087727,0.988248733565526,13.4129776284204,15.8224028494734,13.5097589058527,1.02704764087727
1.308,0.820019222307981,1.02705408721725,0.98828608496088,13.4178166922921,15.8226014710449,13.5142225201009,1.02705408721725
1.309,0.819945435902121,1.02706049058164,0.988323632062397,13.4226369836825,15.8227987697069,13.518670506523,1.02706049058164
1.31,0.819872141405633,1.02706685125693,0.988361371840157,13.4274386598245,15.8229947542623,13.5231029891625,1.02706685125693
1.311,0.819799335539123,1.02707316952772,0.988399301298889,13.4322218762914,15.8231894334556,13.5275200907652,1.02707316952772
1.312,0.819727015045055,1.0270794456767,0.988437417477588,13.4369867870151,15.8233828159733,13.5319219327929,1.0270794456767
1.313,0.819655176687615,1.02708567998469,0.988475717449136,13.441733544304,15.8235749104442,13.5363086354379,1.02708567998469
1.314,0.819583817252557,1.02709187273063,0.988514198319925,13.4464622988607,15.8237657254396,13.5406803176367,1.02709187273063
1.315,0.819512933547067,1.02709802419159,0.98855285722949,13.4511731997995,15.823955269474,13.5450370970838,1.02709802419159
1.316,0.819442522399613,1.02710413464281,0.988591691350137,13.4558663946637,15.8241435510054,13.5493790902451,1.02710413464281
1.317,0.819372580659809,1.0271102043577,0.988630697886585,13.4605420294428,15.8243305784356,13.5537064123716,1.0271102043577
1.318,0.81930310519827,1.02711623360781,0.988669874075602,13.4652002485892,15.8245163601105,13.5580191775126,1.02711623360781
1.319,0.819234092906475,1.02712222266293,0.988709217185655,13.4698411950354,15.8247009043205,13.5623174985287,1.02712222266293
1.32,0.819165540696626,1.02712817179101,0.988748724516556,13.4744650102101,15.8248842193011,13.566601487105,1.02712817179101
1.321,0.819097445501508,1.02713408125824,0.988788393399117,13.4790718340548,15.825066313233,13.5708712537637,1.02713408125824
1.322,0.819029804274358,1.02713995132902,0.988828221194804,13.4836618050402,15.8252471942426,13.575126907877,1.02713995132902
1.323,0.818962613988722,1.02714578226599,0.9888682052954,13.4882350601821,15.8254268704022,13.5793685576797,1.02714578226599
1.324,0.818895871638324,1.02715157433005,0.988908343122665,13.492791735057,15.8256053497306,13.5835963102817,1.02715157433005
1.325,0.818829574236928,1.02715732778035,0.988948632128011,13.4973319638182,15.8257826401931,13.5878102716798,1.02715732778035
1.326,0.818763718818209,1.02716304287432,0.988989069792168,13.5018558792113,15.8259587497024,13.5920105467706,1.02716304287432
1.327,0.818698302435614,1.02716871986766,0.989029653624859,13.5063636125892,15.8261336861184,13.5961972393619,1.02716871986766
1.328,0.818633322162237,1.02717435901437,0.989070381164481,13.5108552939279,15.8263074572489,13.600370452185,1.02717435901437
1.329,0.818568775090682,1.02717996056678,0.989111249977789,13.5153310518407,15.8264800708496,13.6045302869063,1.02717996056678
1.33,0.818504658332937,1.0271855247755,0.989152257659577,13.519791013594,15.8266515346249,13.6086768441388,1.0271855247755
1.331,0.818440969020245,1.0271910518895,0.989193401832369,13.5242353051213,15.8268218562279,13.612810223454,1.0271910518895
1.332,0.81837770430297,1.02719654215607,0.989234680146114,13.5286640510379,15.8269910432608,13.616930523393,1.02719654215607
1.333,0.818314861350476,1.02720199582086,0.989276090277881,13.5330773746557,15.8271591032755,13.6210378414776,1.02720199582086
1.334,0.818252437351,1.02720741312789,0.989317629931554,13.5374753979967,15.8273260437735,13.6251322742218,1.02720741312789
1.335,0.81819042951152,1.02721279431954,0.989359296837543,13.541858241808,15.8274918722064,13.6292139171427,1.02721279431954
1.336,0.818128835057637,1.02721813963658,0.989401088752482,13.5462260255747,15.8276565959765,13.6332828647713,1.02721813963658
1.337,0.818067651233446,1.02722344931817,0.989443003458943,13.5505788675346,15.8278202224368,13.6373392106632,1.02722344931817
1.338,0.818006875301416,1.02722872360188,0.989485038765147,13.554916884691,15.8279827588913,13.6413830474094,1.02722872360188
1.339,0.817946504542267,1.02723396272371,0.989527192504679,13.5592401928269,15.8281442125957,13.6454144666469,1.02723396272371
1.34,0.817886536254845,1.02723916691805,0.989569462536209,13.5635489065179,15.8283045907573,13.6494335590689,1.02723916691805
1.341,0.817826967756006,1.02724433641776,0.989611846743209,13.5678431391455,15.8284639005355,13.6534404144353,1.02724433641776
1.342,0.817767796380493,1.02724947145415,0.989654343033685,13.57212300291,15.8286221490423,13.6574351215828,1.02724947145415
1.343,0.817709019480816,1.02725457225695,0.989696949339898,13.5763886088436,15.8287793433422,13.661417768435,1.02725457225695
1.344,0.817650634427137,1.02725963905441,0.989739663618099,13.5806400668232,15.8289354904529,13.6653884420122,1.02725963905441
1.345,0.81759263860715,1.02726467207321,0.989782483848262,13.5848774855826,15.8290905973453,13.6693472284416,1.02726467207321
1.346,0.817535029425962,1.02726967153856,0.989825408033819,13.5891009727256,15.8292446709441,13.6732942129668,1.02726967153856
1.347,0.817477804305982,1.02727463767414,0.989868434201405,13.5933106347376,15.8293977181279,13.6772294799574,1.02727463767414
1.348,0.817420960686802,1.02727957070214,0.989911560400593,13.5975065769986,15.8295497457297,13.681153112919,1.02727957070214
1.349,0.817364496025084,1.0272844708433,0.989954784703645,13.6016889037946,15.8297007605369,13.6850651945018,1.0272844708433
1.35,0.817308407794443,1.02728933831684,0.989998105205258,13.60585771833,15.8298507692918,13.6889658065108,1.02728933831684
1.351,0.81725269348534,1.02729417334056,0.990041520022318,13.610013122739,15.8299997786921,13.6928550299143,1.02729417334056
1.352,0.817197350604965,1.02729897613079,0.990085027293648,13.6141552180978,15.8301477953907,13.6967329448537,1.02729897613079
1.353,0.817142376677125,1.02730374690242,0.99012862517977,13.6182841044356,15.8302948259964,13.7005996306519,1.02730374690242
1.354,0.817087769242138,1.02730848586891,0.990172311862662,13.6223998807464,15.8304408770741,13.7044551658225,1.02730848586891
1.355,0.817033525856717,1.02731319324228,0.990216085545517,13.6265026450002,15.8305859551449,13.708299628079,1.02731319324228
1.356,0.816979644093865,1.02731786923317,0.990259944452515,13.6305924941541,15.8307300666867,13.7121330943427,1.02731786923317
1.357,0.816926121542766,1.02732251405078,0.990303886828581,13.6346695241636,15.8308732181343,13.715955640752,1.02732251405078
1.358,0.816872955808674,1.02732712790295,0.990347910939161,13.638733829993,15.8310154158797,13.7197673426708,1.02732712790295
1.359,0.81682014451281,1.02733171099609,0.990392015069991,13.6427855056269,15.8311566662724,13.7235682746966,1.02733171099609
1.36,0.816767685292251,1.02733626353529,0.990436197526875,13.6468246440804,15.8312969756197,13.7273585106696,1.02733626353529
1.361,0.81671557579983,1.02734078572422,0.990480456635457,13.6508513374098,15.8314363501869,13.73113812368,1.02734078572422
1.362,0.816663813704024,1.02734527776523,0.990524790741005,13.6548656767233,15.8315747961976,13.7349071860769,1.02734527776523
1.363,0.816612396688857,1.02734973985929,0.990569198208192,13.658867752191,15.8317123198343,13.7386657694761,1.02734973985929
1.364,0.816561322453792,1.02735417220606,0.990613677420877,13.6628576530553,15.8318489272381,13.7424139447682,1.02735417220606
1.365,0.816510588713626,1.02735857500386,0.990658226781898,13.6668354676409,15.8319846245094,13.7461517821262,1.02735857500386
1.366,0.816460193198396,1.02736294844967,0.990702844712857,13.6708012833652,15.8321194177079,13.7498793510137,1.02736294844967
1.367,0.816410133653266,1.02736729273917,0.990747529653911,13.6747551867476,15.8322533128532,13.7535967201925,1.02736729273917
1.368,0.816360407838438,1.02737160806674,0.99079228006357,13.6786972634199,15.8323863159247,13.7573039577302,1.02737160806674
1.369,0.816311013529042,1.02737589462547,0.990837094418487,13.6826275981354,15.8325184328622,13.7610011310077,1.02737589462547
1.37,0.816261948515041,1.02738015260713,0.990881971213262,13.686546274779,15.8326496695658,13.7646883067267,1.02738015260713
1.371,0.816213210601134,1.02738438220225,0.990926908960238,13.6904533763764,15.8327800318965,13.7683655509174,1.02738438220225
1.372,0.816164797606654,1.02738858360007,0.990971906189309,13.6943489851034,15.8329095256764,13.7720329289454,1.02738858360007
1.373,0.816116707365469,1.02739275698857,0.991016961447718,13.6982331822955,15.8330381566887,13.7756905055189,1.02739275698857
1.374,0.816068937725893,1.02739690255448,0.991062073299871,13.7021060484567,15.8331659306782,13.7793383446964,1.02739690255448
1.375,0.81602148655058,1.02740102048329,0.991107240327142,13.7059676632687,15.8332928533515,13.7829765098933,1.02740102048329
1.376,0.815974351716436,1.02740511095923,0.991152461127684,13.7098181055999,15.8334189303773,13.7866050638888,1.02740511095923
1.377,0.81592753111452,1.02740917416534,0.991197734316245,13.7136574535144,15.8335441673866,13.7902240688333,1.02740917416534
1.378,0.81588102264995,1.0274132102834,0.991243058523982,13.7174857842803,15.8336685699728,13.7938335862549,1.0274132102834
1.379,0.81583482424181,1.02741721949402,0.99128843239828,13.721303174379,15.8337921436922,13.7974336770662,1.02741721949402
1.38,0.815788933823058,1.02742120197656,0.991333854602567,13.7251096995134,15.8339148940643,13.8010244015712,1.02742120197656
1.381,0.815743349340431,1.02742515790921,0.991379323816142,13.7289054346163,15.8340368265716,13.8046058194715,1.02742515790921
1.382,0.815698068754355,1.02742908746899,0.991424838733993,13.732690453859,15.8341579466603,13.8081779898734,1.02742908746899
1.383,0.815653090038853,1.0274329908317,0.991470398066625,13.7364648306598,15.8342782597404,13.8117409712938,1.0274329908317
1.384,0.815608411181454,1.02743686817199,0.991516000539887,13.7402286376915,15.8343977711859,13.8152948216671,1.02743686817199
1.385,0.815564030183104,1.02744071966334,0.991561644894801,13.7439819468902,15.8345164863348,13.8188395983514,1.02744071966334
1.386,0.815519945058077,1.02744454547809,0.991607329887394,13.7477248294633,15.83463441049,13.8223753581343,1.02744454547809
1.387,0.815476153833883,1.0274483457874,0.991653054288528,13.7514573558968,15.8347515489189,13.8259021572399,1.0274483457874
1.388,0.815432654551184,1.02745212076132,0.99169881688374,13.755179595964,15.8348679068539,13.8294200513342,1.02745212076132
1.389,0.815389445263702,1.02745587056874,0.991744616473072,13.7588916187325,15.8349834894926,13.8329290955318,1.02745587056874
1.39,0.815346524038138,1.02745959537745,0.991790451870917,13.7625934925725,15.835098301998,13.8364293444013,1.02745959537745
1.391,0.815303888954077,1.0274632953541,0.991836321905853,13.7662852851639,15.8352123494987,13.8399208519715,1.0274632953541
1.392,0.81526153810391,1.02746697066424,0.991882225420488,13.7699670635043,15.8353256370894,13.8434036717374,1.02746697066424
1.393,0.815219469592744,1.02747062147232,0.991928161271302,13.7736388939159,15.8354381698306,13.8468778566658,1.02747062147232
1.394,0.815177681538319,1.02747424794167,0.991974128328496,13.7773008420534,15.8355499527495,13.8503434592009,1.02747424794167
1.395,0.815136172070923,1.02747785023456,0.992020125475834,13.7809529729108,15.8356609908395,13.8538005312705,1.02747785023456
1.396,0.815094939333311,1.02748142851216,0.992066151610496,13.7845953508288,15.8357712890609,13.8572491242909,1.02748142851216
1.397,0.815053981480615,1.02748498293458,0.992112205642928,13.7882280395019,15.8358808523412,13.8606892891732,1.02748498293458
1.398,0.815013296680271,1.02748851366085,0.992158286496691,13.7918511019855,15.8359896855749,13.8641210763279,1.02748851366085
1.399,0.814972883111929,1.02749202084895,0.992204393108319,13.7954646007026,15.8360977936239,13.8675445356713,1.02749202084895
1.4,0.814932738967376,1.02749550465579,0.992250524427173,13.799068597451,15.8362051813179,13.8709597166301,1.02749550465579
1.401,0.814892862450454,1.02749896523725,0.992296679415294,13.80266315341,15.8363118534544,13.874366668147,1.02749896523725
1.402,0.814853251776977,1.02750240274817,0.992342857047269,13.8062483291468,15.836417814799,13.8777654386862,1.02750240274817
1.403,0.814813905174658,1.02750581734235,0.992389056310086,13.8098241846238,15.8365230700856,13.8811560762379,1.02750581734235
1.404,0.81477482088302,1.02750920917257,0.992435276202997,13.8133907792045,15.8366276240166,13.8845386283243,1.02750920917257
1.405,0.814735997153326,1.02751257839059,0.992481515737381,13.8169481716605,15.8367314812631,13.8879131420039,1.02751257839059
1.406,0.814697432248498,1.02751592514715,0.992527773936609,13.8204964201777,15.8368346464651,13.8912796638772,1.02751592514715
1.407,0.814659124443034,1.02751924959201,0.99257404983591,13.8240355823626,15.8369371242318,13.8946382400909,1.02751924959201
1.408,0.814621072022941,1.02752255187389,0.99262034248224,13.8275657152491,15.8370389191416,13.8979889163436,1.02752255187389
1.409,0.814583273285648,1.02752583214057,0.992666650934149,13.8310868753038,15.8371400357425,13.9013317378901,1.02752583214057
1.41,0.814545726539937,1.0275290905388,0.992712974261653,13.8345991184331,15.8372404785524,13.9046667495465,1.0275290905388
1.411,0.814508430105864,1.02753232721438,0.992759311546106,13.8381024999888,15.8373402520588,13.9079939956948,1.02753232721438
1.412,0.814471382314685,1.02753554231211,0.992805661880072,13.8415970747741,15.8374393607198,13.9113135202876,1.02753554231211
1.413,0.81443458150878,1.02753873597587,0.992852024367204,13.8450828970497,15.8375378089633,13.914625366853,1.02753873597587
1.414,0.814398026041582,1.02754190834853,0.992898398122113,13.8485600205399,15.8376356011881,13.9179295784987,1.02754190834853
1.415,0.814361714277498,1.02754505957204,0.992944782270255,13.8520284984378,15.8377327417636,13.9212261979171,1.02754505957204
1.416,0.814325644591841,1.02754818978739,0.992991175947799,13.8554883834118,15.8378292350303,13.9245152673894,1.02754818978739
1.417,0.814289815370756,1.02755129913465,0.993037578301518,13.8589397276107,15.8379250852995,13.9277968287901,1.02755129913465
1.418,0.814254225011144,1.02755438775292,0.993083988488664,13.8623825826697,15.8380202968541,13.9310709235917,1.02755438775292
1.419,0.814218871920597,1.0275574557804,0.993130405676852,13.8658169997158,15.8381148739483,13.9343375928686,1.0275574557804
1.42,0.814183754517319,1.02756050335436,0.993176829043945,13.8692430293734,15.8382088208081,13.9375968773017,1.02756050335436
1.421,0.814148871230064,1.02756353061117,0.993223257777941,13.8726607217698,15.8383021416313,13.9408488171827,1.02756353061117
1.422,0.814114220498057,1.02756653768626,0.993269691076856,13.8760701265405,15.838394840588,13.9440934524181,1.02756653768626
1.423,0.81407980077093,1.02756952471419,0.993316128148615,13.8794712928343,15.8384869218201,13.9473308225332,1.02756952471419
1.424,0.81404561050865,1.02757249182859,0.99336256821094,13.8828642693193,15.8385783894424,13.950560966677,1.02757249182859
1.425,0.814011648181453,1.02757543916224,0.993409010491242,13.8862491041872,15.838669247542,13.9537839236252,1.02757543916224
1.426,0.81397791226977,1.02757836684699,0.993455454226511,13.8896258451591,15.8387595001789,13.9569997317851,1.02757836684699
1.427,0.813944401264165,1.02758127501385,0.993501898663207,13.8929945394904,15.8388491513862,13.9602084291991,1.02758127501385
1.428,0.813911113665263,1.02758416379292,0.993548343057161,13.8963552339758,15.83893820517,13.9634100535487,1.02758416379292
1.429,0.813878047983688,1.02758703331347,0.993594786673461,13.8997079749545,15.8390266655097,13.9666046421587,1.02758703331347
1.43,0.813845202739991,1.02758988370388,0.993641228786355,13.9030528083147,15.8391145363583,13.9697922320005,1.02758988370388
1.431,0.813812576464584,1.02759271509169,0.993687668679148,13.906389779499,15.8392018216427,13.9729728596966,1.02759271509169
1.432,0.81378016769768,1.02759552760358,0.993734105644098,13.9097189335088,15.8392885252632,13.9761465615236,1.02759552760358
1.433,0.813747974989222,1.02759832136539,0.993780538982315,13.9130403149096,15.8393746510945,13.9793133734166,1.02759832136539
1.434,0.813715996898821,1.02760109650212,0.993826968003666,13.9163539678349,15.8394602029854,13.9824733309725,1.02760109650212
1.435,0.813684231995689,1.02760385313794,0.993873392026676,13.9196599359918,15.8395451847592,13.9856264694538,1.02760385313794
1.436,0.813652678858577,1.02760659139619,0.993919810378427,13.9229582626649,15.8396296002134,13.9887728237921,1.02760659139619
1.437,0.813621336075713,1.02760931139938,0.993966222394466,13.9262489907213,15.8397134531207,13.9919124285917,1.02760931139938
1.438,0.813590202244735,1.02761201326922,0.994012627418711,13.9295321626148,15.8397967472283,13.9950453181331,1.02761201326922
1.439,0.81355927597263,1.02761469712659,0.994059024803352,13.9328078203907,15.8398794862587,13.9981715263767,1.02761469712659
1.44,0.813528555875673,1.02761736309159,0.994105413908766,13.93607600569,15.8399616739095,14.0012910869659,1.02761736309159
1.441,0.813498040579362,1.02762001128348,0.994151794103417,13.9393367597538,15.8400433138538,14.0044040332308,1.02762001128348
1.442,0.813467728718359,1.02762264182075,0.994198164763773,13.9425901234276,15.84012440974,14.0075103981913,1.02762264182075
1.443,0.81343761893643,1.02762525482112,0.994244525274208,13.9458361371658,15.8402049651925,14.0106102145608,1.02762525482112
1.444,0.813407709886381,1.02762785040148,0.994290875026923,13.9490748410356,15.8402849838114,14.0137035147491,1.02762785040148
1.445,0.813378000229998,1.02763042867797,0.99433721342185,13.9523062747213,15.840364469173,14.016790330866,1.02763042867797
1.446,0.813348488637992,1.02763298976595,0.99438353986657,13.9555304775285,15.8404434248296,14.0198706947242,1.02763298976595
1.447,0.813319173789932,1.02763553378001,0.994429853776225,13.9587474883883,15.8405218543099,14.022944637843,1.02763553378001
1.448,0.813290054374192,1.02763806083398,0.994476154573433,13.961957345861,15.8405997611193,14.0260121914507,1.02763806083398
1.449,0.813261129087891,1.02764057104092,0.994522441688206,13.9651600881405,15.8406771487396,14.0290733864884,1.02764057104092
1.45,0.813232396636832,1.02764306451315,0.994568714557867,13.9683557530579,15.8407540206296,14.0321282536129,1.02764306451315
1.451,0.813203855735446,1.02764554136223,0.994614972626966,13.9715443780856,15.840830380225,14.0351768231995,1.02764554136223
1.452,0.813175505106737,1.02764800169898,0.994661215347198,13.9747260003413,15.8409062309386,14.0382191253454,1.02764800169898
1.453,0.813147343482218,1.02765044563349,0.994707442177327,13.9779006565915,15.8409815761606,14.0412551898722,1.02765044563349
1.454,0.813119369601863,1.0276528732751,0.994753652583103,13.9810683832556,15.8410564192585,14.0442850463295,1.0276528732751
1.455,0.813091582214044,1.02765528473243,0.994799846037186,13.9842292164093,15.8411307635775,14.0473087239972,1.02765528473243
1.456,0.813063980075478,1.02765768011339,0.994846022019064,13.9873831917887,15.8412046124404,14.0503262518889,1.02765768011339
1.457,0.813036561951168,1.02766005952513,0.994892180014982,13.9905303447937,15.8412779691479,14.0533376587543,1.02766005952513
1.458,0.813009326614353,1.02766242307413,0.994938319517862,13.9936707104917,15.8413508369789,14.0563429730824,1.02766242307413
1.459,0.812982272846451,1.02766477086614,0.99498444002723,13.9968043236212,15.8414232191903,14.059342223104,1.02766477086614
1.46,0.812955399437001,1.0276671030062,0.995030541049142,13.9999312185954,15.8414951190173,14.0623354367947,1.0276671030062
1.461,0.812928705183615,1.02766941959866,0.995076622096106,14.0030514295054,15.8415665396736,14.0653226418775,1.02766941959866
1.462,0.812902188891917,1.02767172074717,0.995122682687016,14.006164990124,15.8416374843517,14.0683038658256,1.02767172074717
1.463,0.812875849375498,1.02767400655469,0.995168722347078,14.009271933909,15.8417079562225,14.071279135865,1.02767400655469
1.464,0.812849685455855,1.02767627712349,0.995214740607734,14.0123722940068,15.841777958436,14.074248478977,1.02767627712349
1.465,0.812823695962342,1.02767853255517,0.9952607370066,14.0154661032554,15.8418474941212,14.0772119219012,1.02767853255517
1.466,0.81279787973212,1.02768077295064,0.99530671108739,14.0185533941876,15.8419165663862,14.0801694911378,1.02768077295064
1.467,0.812772235610099,1.02768299841013,0.99535266239985,14.0216341990352,15.8419851783186,14.0831212129502,1.02768299841013
1.468,0.812746762448892,1.02768520903323,0.995398590499692,14.0247085497309,15.8420533329852,14.0860671133675,1.02768520903323
1.469,0.812721459108759,1.02768740491885,0.995444494948522,14.0277764779127,15.8421210334325,14.089007218187,1.02768740491885
1.47,0.812696324457561,1.02768958616522,0.995490375313777,14.0308380149265,15.8421882826866,14.0919415529771,1.02768958616522
1.471,0.812671357370704,1.02769175286995,0.995536231168659,14.033893191829,15.8422550837538,14.0948701430789,1.02769175286995
1.472,0.812646556731093,1.02769390512999,0.995582062092068,14.0369420393915,15.8423214396199,14.0977930136094,1.02769390512999
1.473,0.812621921429079,1.02769604304162,0.995627867668541,14.0399845881024,15.8423873532511,14.1007101894636,1.02769604304162
1.474,0.812597450362412,1.02769816670051,0.995673647488186,14.0430208681704,15.8424528275939,14.1036216953166,1.02769816670051
1.475,0.812573142436189,1.02770027620168,0.99571940114662,14.0460509095277,15.8425178655751,14.1065275556266,1.02770027620168
1.476,0.812548996562808,1.0277023716395,0.995765128244906,14.0490747418327,15.8425824701018,14.1094277946365,1.0277023716395
1.477,0.812525011661915,1.02770445310774,0.995810828389493,14.0520923944729,15.8426466440621,14.1123224363766,1.02770445310774
1.478,0.812501186660363,1.02770652069952,0.995856501192154,14.0551038965681,15.8427103903247,14.1152115046668,1.02770652069952
1.479,0.812477520492154,1.02770857450736,0.995902146269927,14.058109276973,15.8427737117392,14.118095023119,1.02770857450736
1.48,0.812454012098399,1.02771061462314,0.995947763245053,14.0611085642803,15.8428366111362,14.1209730151389,1.02771061462314
1.481,0.81243066042727,1.02771264113816,0.995993351744921,14.0641017868232,15.8428990913275,14.1238455039284,1.02771264113816
1.482,0.812407464433948,1.02771465414307,0.996038911402008,14.0670889726785,15.8429611551062,14.1267125124881,1.02771465414307
1.483,0.812384423080582,1.02771665372795,0.99608444185382,14.070070149669,15.8430228052467,14.1295740636188,1.02771665372795
1.484,0.812361535336238,1.02771863998227,0.996129942742837,14.0730453453665,15.843084044505,14.1324301799242,1.02771863998227
1.485,0.812338800176857,1.02772061299489,0.996175413716458,14.0760145870943,15.8431448756188,14.1352808838127,1.02772061299489
1.486,0.812316216585204,1.02772257285409,0.996220854426941,14.0789779019303,15.8432053013074,14.1381261974995,1.02772257285409
1.487,0.812293783550829,1.02772451964756,0.996266264531353,14.0819353167087,15.8432653242722,14.1409661430087,1.02772451964756
1.488,0.812271500070017,1.02772645346241,0.996311643691513,14.0848868580237,15.8433249471964,14.1438007421754,1.02772645346241
1.489,0.812249365145744,1.02772837438516,0.996356991573936,14.0878325522313,15.8433841727456,14.1466300166476,1.02772837438516
1.49,0.812227377787632,1.02773028250176,0.996402307849787,14.0907724254521,15.8434430035673,14.1494539878881,1.02773028250176
1.491,0.812205537011908,1.02773217789759,0.996447592194819,14.0937065035739,15.8435014422918,14.1522726771767,1.02773217789759
1.492,0.812183841841355,1.02773406065744,0.996492844289329,14.0966348122541,15.8435594915314,14.155086105612,1.02773406065744
1.493,0.812162291305273,1.02773593086556,0.996538063818102,14.099557376922,15.8436171538814,14.1578942941133,1.02773593086556
1.494,0.812140884439431,1.02773778860562,0.996583250470362,14.1024742227815,15.8436744319195,14.1606972634226,1.02773778860562
1.495,0.812119620286028,1.02773963396075,0.996628403939721,14.1053853748136,15.8437313282066,14.1634950341064,1.02773963396075
1.496,0.812098497893648,1.02774146701351,0.996673523924128,14.1082908577782,15.8437878452863,14.1662876265574,1.02774146701351
1.497,0.812077516317217,1.02774328784592,0.996718610125824,14.1111906962172,15.8438439856852,14.1690750609968,1.02774328784592
1.498,0.812056674617962,1.02774509653945,0.996763662251287,14.1140849144562,15.8438997519133,14.1718573574757,1.02774509653945
1.499,0.812035971863369,1.02774689317502,0.99680868001119,14.1169735366071,15.8439551464637,14.1746345358771,1.02774689317502
1.5,0.81201540712714,1.02774867783302,0.996853663120349,14.1198565865706,15.8440101718129,14.1774066159173,1.02774867783302
1.501,0.811994979489153,1.02775045059331,0.99689861129768,14.122734088038,15.8440648304211,14.1801736171485,1.02775045059331
1.502,0.811974688035418,1.02775221153518,0.996943524266148,14.1256060644935,15.8441191247319,14.1829355589595,1.02775221153518
1.503,0.811954531858042,1.02775396073745,0.996988401752724,14.1284725392168,15.8441730571728,14.1856924605782,1.02775396073745
1.504,0.811934510055182,1.02775569827837,0.997033243488339,14.1313335352849,15.8442266301549,14.1884443410729,1.02775569827837
1.505,0.811914621731007,1.02775742423568,0.997078049207837,14.1341890755743,15.8442798460734,14.1911912193544,1.02775742423568
1.506,0.811894865995661,1.02775913868661,0.997122818649933,14.1370391827633,15.8443327073077,14.1939331141768,1.02775913868661
1.507,0.811875241965216,1.02776084170787,0.99716755155717,14.139883879334,15.844385216221,14.1966700441404,1.02776084170787
1.508,0.811855748761642,1.02776253337565,0.997212247675871,14.1427231875743,15.844437375161,14.1994020276921,1.02776253337565
1.509,0.811836385512757,1.02776421376565,0.997256906756099,14.1455571295802,15.8444891864598,14.2021290831278,1.02776421376565
1.51,0.811817151352199,1.02776588295304,0.997301528551614,14.1483857272575,15.8445406524337,14.2048512285937,1.02776588295304
1.511,0.811798045419378,1.02776754101252,0.997346112819831,14.1512090023244,15.844591775384,14.2075684820881,1.02776754101252
1.512,0.811779066859442,1.02776918801828,0.997390659321778,14.1540269763125,15.8446425575962,14.2102808614625,1.02776918801828
1.513,0.811760214823239,1.02777082404399,0.997435167822055,14.15683967057,15.8446930013409,14.2129883844235,1.02777082404399
1.514,0.811741488467277,1.02777244916286,0.997479638088793,14.1596471062627,15.8447431088734,14.2156910685344,1.02777244916286
1.515,0.811722886953689,1.02777406344761,0.997524069893615,14.1624493043763,15.8447928824342,14.2183889312164,1.02777406344761
1.516,0.811704409450191,1.02777566697046,0.997568463011593,14.1652462857183,15.8448423242487,14.2210819897502,1.02777566697046
1.517,0.81168605513005,1.02777725980316,0.997612817221214,14.1680380709199,15.8448914365274,14.2237702612779,1.02777725980316
1.518,0.811667823172043,1.02777884201697,0.997657132304334,14.1708246804378,15.8449402214662,14.2264537628035,1.02777884201697
1.519,0.811649712760422,1.02778041368269,0.997701408046145,14.1736061345561,15.8449886812465,14.2291325111953,1.02778041368269
1.52,0.81163172308488,1.02778197487064,0.997745644235137,14.176382453388,15.845036818035,14.231806523187,1.02778197487064
1.521,0.811613853340507,1.02778352565067,0.997789840663056,14.179153656878,15.8450846339839,14.2344758153787,1.02778352565067
1.522,0.811596102727764,1.02778506609217,0.99783399712487,14.181919764803,15.8451321312313,14.2371404042389,1.02778506609217
1.523,0.811578470452439,1.02778659626406,0.997878113418731,14.1846807967748,15.8451793119008,14.2398003061058,1.02778659626406
1.524,0.811560955725616,1.0277881162348,0.997922189345941,14.1874367722414,15.8452261781021,14.242455537188,1.0277881162348
1.525,0.811543557763638,1.0277896260724,0.99796622471091,14.1901877104887,15.8452727319307,14.2451061135669,1.0277896260724
1.526,0.811526275788074,1.02779112584442,0.998010219321129,14.1929336306426,15.8453189754681,14.2477520511971,1.02779112584442
1.527,0.81150910902568,1.02779261561796,0.998054172987127,14.1956745516703,15.845364910782,14.2503933659082,1.02779261561796
1.528,0.811492056708369,1.02779409545967,0.99809808552244,14.1984104923822,15.8454105399265,14.2530300734061,1.02779409545967
1.529,0.811475118073173,1.02779556543578,0.998141956743576,14.2011414714334,15.8454558649417,14.2556621892741,1.02779556543578
1.53,0.811458292362212,1.02779702561204,0.998185786469981,14.2038675073254,15.8455008878543,14.2582897289743,1.02779702561204
1.531,0.811441578822657,1.02779847605379,0.998229574524004,14.2065886184079,15.8455456106775,14.2609127078488,1.02779847605379
1.532,0.8114249767067,1.02779991682593,0.998273320730865,14.2093048228799,15.845590035411,14.2635311411212,1.02779991682593
1.533,0.811408485271515,1.02780134799293,0.998317024918623,14.212016138792,15.8456341640412,14.2661450438974,1.02780134799293
1.534,0.811392103779232,1.02780276961881,0.998360686918141,14.2147225840473,15.8456779985415,14.2687544311671,1.02780276961881
1.535,0.811375831496897,1.02780418176719,0.998404306563054,14.2174241764033,15.8457215408717,14.271359317805,1.02780418176719
1.536,0.811359667696444,1.02780558450124,0.99844788368974,14.2201209334734,15.845764792979,14.273959718572,1.02780558450124
1.537,0.811343611654661,1.02780697788373,0.998491418137286,14.2228128727283,15.8458077567974,14.2765556481161,1.02780697788373
1.538,0.811327662653157,1.02780836197701,0.998534909747456,14.2255000114977,15.8458504342479,14.2791471209742,1.02780836197701
1.539,0.811311819978329,1.027809736843,0.998578358364662,14.2281823669715,15.845892827239,14.2817341515726,1.027809736843
1.54,0.811296082921334,1.02781110254321,0.998621763835935,14.2308599562016,15.8459349376664,14.2843167542284,1.02781110254321
1.541,0.811280450778052,1.02781245913876,0.99866512601089,14.2335327961029,15.8459767674129,14.2868949431508,1.02781245913876
1.542,0.811264922849058,1.02781380669033,0.998708444741701,14.2362009034553,15.8460183183491,14.2894687324418,1.02781380669033
1.543,0.811249498439591,1.02781514525823,0.998751719883069,14.2388642949046,15.846059592333,14.292038136098,1.02781514525823
1.544,0.81123417685952,1.02781647490235,0.998794951292193,14.2415229869643,15.8461005912103,14.2946031680108,1.02781647490235
1.545,0.811218957423317,1.02781779568216,0.998838138828743,14.2441769960166,15.8461413168141,14.2971638419683,1.02781779568216
1.546,0.811203839450022,1.02781910765678,0.998881282354829,14.2468263383142,15.8461817709658,14.2997201716558,1.02781910765678
1.547,0.811188822263215,1.02782041088491,0.998924381734972,14.2494710299813,15.8462219554743,14.3022721706572,1.02782041088491
1.548,0.811173905190987,1.02782170542484,0.998967436836083,14.2521110870151,15.8462618721365,14.3048198524559,1.02782170542484
1.549,0.811159087565907,1.02782299133451,0.999010447527426,14.2547465252871,15.8463015227373,14.3073632304358,1.02782299133451
1.55,0.811144368724994,1.02782426867145,0.999053413680596,14.2573773605445,15.84634090905,14.3099023178825,1.02782426867145
1.551,0.811129748009688,1.02782553749281,0.999096335169493,14.2600036084114,15.8463800328356,14.3124371279841,1.02782553749281
1.552,0.811115224765816,1.02782679785536,0.999139211870293,14.2626252843901,15.8464188958439,14.3149676738324,1.02782679785536
1.553,0.811100798343571,1.02782804981549,0.99918204366142,14.2652424038622,15.8464574998126,14.3174939684238,1.02782804981549
1.554,0.811086468097474,1.02782929342922,0.999224830423524,14.2678549820903,15.8464958464681,14.3200160246602,1.02782929342922
1.555,0.811072233386351,1.02783052875219,0.999267572039454,14.2704630342188,15.8465339375251,14.32253385535,1.02783052875219
1.556,0.811058093573302,1.02783175583968,0.99931026839423,14.2730665752753,15.8465717746871,14.3250474732095,1.02783175583968
1.557,0.811044048025673,1.02783297474658,0.999352919375021,14.275665620172,15.8466093596461,14.3275568908629,1.02783297474658
1.558,0.811030096115029,1.02783418552744,0.999395524871117,14.2782601837066,15.8466466940828,14.3300621208442,1.02783418552744
1.559,0.811016237217122,1.02783538823642,0.999438084773908,14.2808502805635,15.8466837796668,14.3325631755975,1.02783538823642
1.56,0.811002470711868,1.02783658292735,0.999480598976856,14.2834359253152,15.8467206180565,14.3350600674784,1.02783658292735
1.561,0.810988795983315,1.02783776965367,0.999523067375473,14.2860171324233,15.8467572108994,14.3375528087545,1.02783776965367
1.562,0.81097521241962,1.02783894846848,0.999565489867298,14.2885939162399,15.8467935598318,14.3400414116064,1.02783894846848
1.563,0.810961719413016,1.02784011942452,0.99960786635187,14.2911662910082,15.8468296664792,14.3425258881288,1.02784011942452
1.564,0.810948316359789,1.02784128257419,0.999650196730706,14.2937342708642,15.8468655324564,14.3450062503311,1.02784128257419
1.565,0.81093500266025,1.02784243796953,0.999692480907283,14.2962978698376,15.8469011593673,14.3474825101384,1.02784243796953
1.566,0.810921777718709,1.02784358566224,0.999734718787005,14.2988571018526,15.8469365488051,14.3499546793925,1.02784358566224
1.567,0.810908640943444,1.02784472570366,0.999776910277192,14.3014119807296,15.8469717023524,14.3524227698524,1.02784472570366
1.568,0.810895591746681,1.0278458581448,0.999819055287047,14.3039625201858,15.8470066215813,14.3548867931955,1.0278458581448
1.569,0.810882629544563,1.02784698303634,0.999861153727643,14.3065087338362,15.8470413080534,14.3573467610184,1.02784698303634
1.57,0.810869753757126,1.02784810042859,0.999903205511894,14.3090506351953,15.84707576332,14.3598026848372,1.02784810042859
1.571,0.810856963808272,1.02784921037157,0.999945210554538,14.3115882376774,15.8471099889219,14.362254576089,1.02784921037157
1.572,0.810844259125744,1.02785031291493,0.999987168772114,14.314121554598,15.8471439863897,14.3647024461326,1.02785031291493
1.573,0.810831639141099,1.027851408108,1.00002908008294,14.3166505991747,15.8471777572439,14.3671463062486,1.027851408108
1.574,0.810819103289685,1.02785249599978,1.0000709444071,14.3191753845284,15.8472113029946,14.3695861676413,1.02785249599978
1.575,0.810806651010613,1.02785357663895,1.0001127616664,14.3216959236841,15.8472446251421,14.3720220414384,1.02785357663895
1.576,0.810794281746736,1.02785465007386,1.00015453178439,14.3242122295718,15.8472777251767,14.3744539386926,1.02785465007386
1.577,0.810781994944618,1.02785571635253,1.00019625468629,14.3267243150278,15.8473106045786,14.3768818703818,1.02785571635253
1.578,0.810769790054514,1.02785677552268,1.00023793029902,14.3292321927955,15.8473432648183,14.3793058474102,1.02785677552268
1.579,0.810757666530344,1.0278578276317,1.00027955855115,14.3317358755263,15.8473757073563,14.3817258806089,1.0278578276317
1.58,0.810745623829668,1.02785887272665,1.00032113937288,14.3342353757804,15.8474079336436,14.3841419807366,1.02785887272665
1.581,0.810733661413664,1.02785991085431,1.00036267269604,14.3367307060282,15.8474399451215,14.3865541584805,1.02785991085431
1.582,0.810721778747099,1.02786094206112,1.00040415845407,14.3392218786508,15.8474717432215,14.3889624244568,1.02786094206112
1.583,0.810709975298312,1.02786196639321,1.00044559658197,14.3417089059411,15.8475033293658,14.3913667892116,1.02786196639321
1.584,0.810698250539183,1.02786298389642,1.00048698701632,14.3441918001046,15.8475347049669,14.3937672632216,1.02786298389642
1.585,0.810686603945115,1.02786399461628,1.00052832969523,14.3466705732605,15.8475658714281,14.3961638568945,1.02786399461628
1.586,0.810675034995008,1.02786499859801,1.00056962455835,14.3491452374422,15.8475968301432,14.3985565805701,1.02786499859801
1.587,0.810663543171235,1.02786599588652,1.00061087154683,14.3516158045986,15.8476275824969,14.4009454445208,1.02786599588652
1.588,0.81065212795962,1.02786698652645,1.00065207060331,14.3540822865947,15.8476581298644,14.4033304589522,1.02786698652645
1.589,0.810640788849416,1.0278679705621,1.00069322167192,14.3565446952126,15.8476884736119,14.405711634004,1.0278679705621
1.59,0.81062952533328,1.02786894803752,1.00073432469821,14.3590030421521,15.8477186150965,14.4080889797504,1.02786894803752
1.591,0.810618336907251,1.02786991899644,1.00077537962921,14.3614573390321,15.8477485556663,14.4104625062008,1.02786991899644
1.592,0.810607223070729,1.0278708834823,1.00081638641333,14.3639075973905,15.8477782966603,14.4128322233006,1.0278708834823
1.593,0.810596183326451,1.02787184153825,1.00085734500042,14.366353828686,15.8478078394086,14.4151981409318,1.02787184153825
1.594,0.810585217180468,1.02787279320717,1.0008982553417,14.3687960442983,15.8478371852325,14.4175602689136,1.02787279320717
1.595,0.810574324142125,1.02787373853162,1.00093911738976,14.3712342555291,15.8478663354445,14.4199186170028,1.02787373853162
1.596,0.810563503724038,1.02787467755391,1.00097993109854,14.3736684736027,15.8478952913483,14.4222731948948,1.02787467755391
1.597,0.810552755442071,1.02787561031605,1.00102069642334,14.3760987096673,15.8479240542389,14.4246240122242,1.02787561031605
1.598,0.810542078815317,1.02787653685978,1.00106141332076,14.3785249747952,15.8479526254028,14.4269710785648,1.02787653685978
1.599,0.810531473366075,1.02787745722655,1.00110208174872,14.3809472799837,15.8479810061177,14.4293144034311,1.02787745722655
1.6,0.810520938619828,1.02787837145754,1.00114270166642,14.383365636156,15.848009197653,14.4316539962783,1.02787837145754
1.601,0.810510474105222,1.02787927959366,1.00118327303435,14.3857800541622,15.8480372012696,14.4339898665029,1.02787927959366
1.602,0.810500079354047,1.02788018167553,1.00122379581425,14.3881905447792,15.8480650182199,14.4363220234435,1.02788018167553
1.603,0.810489753901214,1.02788107774353,1.00126426996911,14.3905971187124,15.848092649748,14.4386504763814,1.02788107774353
1.604,0.810479497284732,1.02788196783774,1.00130469546315,14.3929997865959,15.8481200970898,14.4409752345408,1.02788196783774
1.605,0.810469309045694,1.02788285199799,1.0013450722618,14.3953985589931,15.8481473614729,14.4432963070898,1.02788285199799
1.606,0.81045918872825,1.02788373026384,1.0013854003317,14.3977934463979,15.8481744441166,14.4456137031408,1.02788373026384
1.607,0.810449135879588,1.02788460267458,1.00142567964068,14.4001844592351,15.8482013462322,14.4479274317509,1.02788460267458
1.608,0.810439150049917,1.02788546926925,1.00146591015772,14.4025716078609,15.848228069023,14.4502375019225,1.02788546926925
1.609,0.810429230792445,1.02788633008662,1.00150609185299,14.404954902564,15.8482546136842,14.4525439226041,1.02788633008662
1.61,0.810419377663355,1.02788718516521,1.00154622469777,14.407334353566,15.848280981403,14.4548467026906,1.02788718516521
1.611,0.810409590221793,1.02788803454328,1.00158630866451,14.4097099710222,15.8483071733587,14.4571458510236,1.02788803454328
1.612,0.810399868029841,1.02788887825883,1.00162634372674,14.4120817650223,15.8483331907228,14.4594413763924,1.02788887825883
1.613,0.810390210652502,1.0278897163496,1.00166632985913,14.4144497455908,15.848359034659,14.4617332875343,1.0278897163496
1.614,0.810380617657678,1.02789054885311,1.0017062670374,14.4168139226879,15.8483847063231,14.4640215931351,1.02789054885311
1.615,0.810371088616154,1.02789137580659,1.00174615523837,14.4191743062103,15.8484102068634,14.4663063018294,1.02789137580659
1.616,0.810361623101573,1.02789219724704,1.00178599443993,14.4215309059913,15.8484355374203,14.4685874222015,1.02789219724704
1.617,0.810352220690422,1.02789301321123,1.00182578462101,14.4238837318018,15.848460699127,14.4708649627857,1.02789301321123
1.618,0.810342880962013,1.02789382373566,1.00186552576158,14.426232793351,15.8484856931087,14.4731389320667,1.02789382373566
1.619,0.81033360349846,1.02789462885659,1.00190521784264,14.4285781002867,15.8485105204833,14.4754093384801,1.02789462885659
1.62,0.810324387884663,1.02789542861004,1.00194486084619,14.4309196621964,15.8485351823614,14.4776761904131,1.02789542861004
1.621,0.810315233708292,1.02789622303181,1.00198445475525,14.4332574886072,15.848559679846,14.4799394962047,1.02789622303181
1.622,0.810306140559764,1.02789701215743,1.00202399955382,14.4355915889871,15.8485840140327,14.4821992641462,1.02789701215743
1.623,0.810297108032225,1.02789779602222,1.00206349522688,14.4379219727451,15.84860818601,14.4844555024821,1.02789779602222
1.624,0.810288135721537,1.02789857466124,1.00210294176036,14.4402486492319,15.8486321968591,14.4867082194097,1.02789857466124
1.625,0.810279223226253,1.02789934810933,1.00214233914116,14.4425716277408,15.8486560476538,14.4889574230804,1.02789934810933
1.626,0.810270370147605,1.0279001164011,1.00218168735713,14.4448909175078,15.8486797394611,14.4912031215996,1.0279001164011
1.627,0.810261576089481,1.02790087957093,1.00222098639701,14.4472065277124,15.8487032733404,14.4934453230275,1.02790087957093
1.628,0.810252840658411,1.02790163765296,1.0022602362505,14.4495184674781,15.8487266503445,14.4956840353791,1.02790163765296
1.629,0.810244163463549,1.02790239068111,1.0022994369082,14.4518267458732,15.848749871519,14.4979192666253,1.02790239068111
1.63,0.810235544116652,1.02790313868907,1.00233858836158,14.4541313719108,15.8487729379026,14.5001510246926,1.02790313868907
1.631,0.810226982232067,1.02790388171031,1.00237769060302,14.4564323545499,15.8487958505268,14.5023793174639,1.02790388171031
1.632,0.810218477426713,1.02790461977807,1.00241674362577,14.4587297026956,15.8488186104166,14.5046041527791,1.02790461977807
1.633,0.810210029320062,1.02790535292539,1.00245574742394,14.4610234251998,15.84884121859,14.5068255384349,1.02790535292539
1.634,0.810201637534122,1.02790608118505,1.00249470199249,14.4633135308615,15.8488636760582,14.509043482186,1.02790608118505
1.635,0.810193301693421,1.02790680458965,1.00253360732723,14.4656000284277,15.8488859838257,14.5112579917449,1.02790680458965
1.636,0.810185021424991,1.02790752317156,1.00257246342479,14.4678829265936,15.8489081428903,14.5134690747824,1.02790752317156
1.637,0.810176796358351,1.02790823696291,1.00261127028264,14.470162234003,15.8489301542431,14.5156767389284,1.02790823696291
1.638,0.810168626125489,1.02790894599566,1.00265002789904,14.4724379592493,15.8489520188687,14.5178809917715,1.02790894599566
1.639,0.810160510360846,1.02790965030153,1.00268873627306,14.4747101108754,15.8489737377451,14.5200818408605,1.02790965030153
1.64,0.8101524487013,1.02791034991202,1.00272739540457,14.4769786973747,15.8489953118437,14.5222792937036,1.02791034991202
1.641,0.810144440786152,1.02791104485844,1.00276600529422,14.4792437271911,15.8490167421295,14.5244733577697,1.02791104485844
1.642,0.810136486257104,1.02791173517188,1.00280456594341,14.4815052087201,15.8490380295611,14.5266640404883,1.02791173517188
1.643,0.81012858475825,1.02791242088324,1.00284307735433,14.4837631503085,15.8490591750906,14.5288513492499,1.02791242088324
1.644,0.810120735936055,1.02791310202318,1.00288153952991,14.4860175602555,15.8490801796639,14.5310352914065,1.02791310202318
1.645,0.810112939439341,1.0279137786222,1.00291995247381,14.4882684468131,15.8491010442205,14.5332158742721,1.0279137786222
1.646,0.810105194919272,1.02791445071055,1.00295831619046,14.490515818186,15.8491217696936,14.5353931051225,1.02791445071055
1.647,0.810097502029337,1.02791511831832,1.00299663068497,14.4927596825329,15.8491423570103,14.5375669911965,1.02791511831832
1.648,0.810089860425335,1.02791578147536,1.00303489596321,14.495000047966,15.8491628070915,14.5397375396953,1.02791578147536
1.649,0.810082269765359,1.02791644021136,1.00307311203171,14.4972369225525,15.8491831208519,14.5419047577837,1.02791644021136
1.65,0.810074729709784,1.02791709455579,1.00311127889774,14.4994703143141,15.8492032992001,14.5440686525899,1.02791709455579
1.651,0.810067239921245,1.02791774453791,1.00314939656924,14.5017002312279,15.8492233430387,14.5462292312061,1.02791774453791
1.652,0.81005980006463,1.02791839018683,1.00318746505482,14.5039266812268,15.8492432532642,14.5483865006886,1.02791839018683
1.653,0.810052409807059,1.02791903153142,1.00322548436379,14.5061496721999,15.8492630307673,14.5505404680585,1.02791903153142
1.654,0.810045068817872,1.02791966860038,1.00326345450608,14.5083692119928,15.8492826764326,14.5526911403017,1.02791966860038
1.655,0.810037776768613,1.02792030142221,1.00330137549233,14.5105853084082,15.8493021911389,14.5548385243692,1.02792030142221
1.656,0.810030533333016,1.02792093002523,1.00333924733377,14.5127979692063,15.8493215757589,14.5569826271779,1.02792093002523
1.657,0.810023338186989,1.02792155443756,1.00337707004231,14.5150072021049,15.84934083116,14.5591234556102,1.02792155443756
1.658,0.810016191008602,1.02792217468714,1.00341484363048,14.5172130147801,15.8493599582032,14.5612610165151,1.02792217468714
1.659,0.810009091478072,1.02792279080173,1.00345256811141,14.5194154148669,15.8493789577443,14.5633953167077,1.02792279080173
1.66,0.810002039277745,1.02792340280889,1.00349024349888,14.5216144099589,15.8493978306331,14.5655263629703,1.02792340280889
1.661,0.809995034092086,1.027924010736,1.00352786980723,14.5238100076095,15.8494165777137,14.567654162052,1.027924010736
1.662,0.809988075607666,1.02792461461026,1.00356544705146,14.5260022153316,15.8494351998247,14.5697787206695,1.02792461461026
1.663,0.809981163513141,1.02792521445869,1.00360297524709,14.5281910405985,15.8494536977992,14.5719000455072,1.02792521445869
1.664,0.809974297499247,1.02792581030813,1.00364045441029,14.5303764908439,15.8494720724645,14.5740181432175,1.02792581030813
1.665,0.809967477258779,1.02792640218525,1.00367788455776,14.5325585734626,15.8494903246426,14.5761330204212,1.02792640218525
1.666,0.80996070248658,1.02792699011651,1.00371526570678,14.5347372958106,15.8495084551499,14.5782446837076,1.02792699011651
1.667,0.80995397287953,1.02792757412824,1.0037525978752,14.5369126652054,15.8495264647974,14.5803531396349,1.02792757412824
1.668,0.809947288136526,1.02792815424655,1.00378988108141,14.5390846889269,15.8495443543908,14.5824583947305,1.02792815424655
1.669,0.809940647958476,1.02792873049741,1.00382711534436,14.5412533742171,15.8495621247302,14.5845604554912,1.02792873049741
1.67,0.80993405204828,1.02792930290659,1.00386430068354,14.5434187282808,15.8495797766105,14.5866593283837,1.02792930290659
1.671,0.809927500110818,1.02792987149972,1.00390143711895,14.5455807582859,15.8495973108214,14.5887550198445,1.02792987149972
1.672,0.809920991852939,1.02793043630222,1.00393852467114,14.5477394713638,15.8496147281471,14.5908475362805,1.02793043630222
1.673,0.809914526983446,1.02793099733937,1.00397556336116,14.5498948746097,15.8496320293668,14.592936884069,1.02793099733937
1.674,0.809908105213083,1.02793155463628,1.00401255321059,14.5520469750826,15.8496492152543,14.5950230695584,1.02793155463628
1.675,0.809901726254523,1.02793210821787,1.0040494942415,14.5541957798064,15.8496662865785,14.5971060990678,1.02793210821787
1.676,0.809895389822353,1.02793265810892,1.00408638647646,14.5563412957695,15.849683244103,14.5991859788879,1.02793265810892
1.677,0.809889095633064,1.02793320433403,1.00412322993855,14.5584835299254,15.8497000885863,14.601262715281,1.02793320433403
1.678,0.809882843405036,1.02793374691764,1.0041600246513,14.5606224891932,15.8497168207819,14.6033363144811,1.02793374691764
1.679,0.80987663285853,1.02793428588402,1.00419677063876,14.5627581804576,15.8497334414383,14.6054067826942,1.02793428588402
1.68,0.809870463715666,1.02793482125729,1.00423346792542,14.5648906105694,15.8497499512989,14.6074741260991,1.02793482125729
1.681,0.809864335700422,1.02793535306141,1.00427011653625,14.5670197863459,15.8497663511023,14.6095383508466,1.02793535306141
1.682,0.809858248538612,1.02793588132017,1.00430671649668,14.5691457145709,15.8497826415821,14.6115994630608,1.02793588132017
1.683,0.809852201957881,1.0279364060572,1.00434326783259,14.5712684019954,15.849798823467,14.6136574688386,1.0279364060572
1.684,0.809846195687689,1.02793692729599,1.00437977057032,14.5733878553376,15.8498148974808,14.6157123742504,1.02793692729599
1.685,0.809840229459298,1.02793744505985,1.00441622473663,14.5755040812832,15.8498308643426,14.6177641853401,1.02793744505985
1.686,0.809834303005762,1.02793795937195,1.00445263035873,14.5776170864861,15.8498467247666,14.6198129081252,1.02793795937195
1.687,0.809828416061917,1.02793847025531,1.00448898746426,14.579726877568,15.8498624794623,14.6218585485974,1.02793847025531
1.688,0.809822568364365,1.02793897773277,1.00452529608129,14.5818334611195,15.8498781291345,14.6239011127228,1.02793897773277
1.689,0.809816759651462,1.02793948182706,1.00456155623828,14.5839368436997,15.8498936744832,14.6259406064415,1.02793948182706
1.69,0.809810989663312,1.02793998256071,1.00459776796415,14.5860370318368,15.8499091162037,14.6279770356688,1.02793998256071
1.691,0.80980525814175,1.02794047995614,1.00463393128818,14.5881340320284,15.8499244549869,14.6300104062946,1.02794047995614
1.692,0.809799564830332,1.0279409740356,1.00467004624009,14.5902278507417,15.8499396915189,14.632040724184,1.0279409740356
1.693,0.809793909474323,1.0279414648212,1.00470611284997,14.5923184944138,15.8499548264812,14.6340679951775,1.0279414648212
1.694,0.809788291820688,1.02794195233489,1.00474213114831,14.594405969452,15.849969860551,14.6360922250911,1.02794195233489
1.695,0.809782711618076,1.02794243659849,1.00477810116599,14.5964902822339,15.8499847944007,14.6381134197167,1.02794243659849
1.696,0.809777168616816,1.02794291763367,1.00481402293426,14.5985714391081,15.8499996286983,14.640131584822,1.02794291763367
1.697,0.809771662568897,1.02794339546195,1.00484989648476,14.6006494463938,15.8500143641076,14.6421467261511,1.02794339546195
1.698,0.809766193227965,1.0279438701047,1.00488572184948,14.6027243103816,15.8500290012875,14.6441588494243,1.0279438701047
1.699,0.809760760349305,1.02794434158317,1.0049214990608,14.6047960373338,15.8500435408929,14.6461679603386,1.02794434158317
1.7,0.809755363689836,1.02794480991845,1.00495722815143,14.606864633484,15.8500579835742,14.6481740645678,1.02794480991845
1.701,0.809750003008097,1.0279452751315,1.00499290915446,14.6089301050382,15.8500723299775,14.6501771677627,1.0279452751315
1.702,0.809744678064237,1.02794573724312,1.00502854210332,14.6109924581744,15.8500865807446,14.6521772755514,1.02794573724312
1.703,0.809739388620002,1.027946196274,1.00506412703178,14.6130516990433,15.8501007365128,14.6541743935391,1.027946196274
1.704,0.809734134438729,1.02794665224468,1.00509966397396,14.6151078337681,15.8501147979155,14.656168527309,1.02794665224468
1.705,0.80972891528533,1.02794710517555,1.00513515296431,14.6171608684451,15.8501287655818,14.6581596824217,1.02794710517555
1.706,0.809723730926288,1.02794755508688,1.00517059403761,14.6192108091439,15.8501426401363,14.6601478644159,1.02794755508688
1.707,0.80971858112964,1.0279480019988,1.00520598722896,14.6212576619075,15.8501564221998,14.6621330788085,1.0279480019988
1.708,0.809713465664969,1.02794844593131,1.0052413325738,14.6233014327526,15.8501701123888,14.6641153310948,1.02794844593131
1.709,0.809708384303396,1.02794888690427,1.00527663010786,14.6253421276697,15.8501837113158,14.6660946267484,1.02794888690427
1.71,0.809703336817566,1.02794932493741,1.00531187986722,14.6273797526236,15.850197219589,14.6680709712218,1.02794932493741
1.711,0.809698322981643,1.02794976005032,1.00534708188822,14.6294143135535,15.8502106378128,14.6700443699463,1.02794976005032
1.712,0.809693342571292,1.02795019226249,1.00538223620755,14.6314458163732,15.8502239665873,14.6720148283322,1.02795019226249
1.713,0.809688395363676,1.02795062159324,1.00541734286216,14.6334742669711,15.850237206509,14.6739823517691,1.02795062159324
1.714,0.809683481137445,1.02795104806179,1.00545240188932,14.635499671211,15.8502503581699,14.6759469456261,1.02795104806179
1.715,0.809678599672722,1.02795147168721,1.00548741332659,14.6375220349318,15.8502634221585,14.6779086152515,1.02795147168721
1.716,0.809673750751097,1.02795189248846,1.00552237721179,14.6395413639478,15.8502763990592,14.6798673659739,1.02795189248846
1.717,0.809668934155617,1.02795231048437,1.00555729358306,14.6415576640491,15.8502892894524,14.6818232031013,1.02795231048437
1.718,0.809664149670773,1.02795272569365,1.00559216247878,14.6435709410017,15.8503020939149,14.6837761319222,1.02795272569365
1.719,0.809659397082494,1.02795313813486,1.00562698393764,14.6455812005477,15.8503148130195,14.6857261577049,1.02795313813486
1.72,0.809654676178138,1.02795354782646,1.00566175799858,14.6475884484056,15.850327447335,14.6876732856985,1.02795354782646
1.721,0.809649986746477,1.02795395478678,1.0056964847008,14.6495926902702,15.8503399974268,14.6896175211325,1.02795395478678
1.722,0.809645328577694,1.02795435903404,1.00573116408378,14.6515939318133,15.8503524638562,14.6915588692171,1.02795435903404
1.723,0.809640701463369,1.02795476058631,1.00576579618724,14.6535921786835,15.850364847181,14.6934973351434,1.02795476058631
1.724,0.809636105196473,1.02795515946157,1.00580038105117,14.6555874365065,15.850377147955,14.6954329240835,1.02795515946157
1.725,0.809631539571357,1.02795555567766,1.0058349187158,14.6575797108854,15.8503893667286,14.6973656411908,1.02795555567766
1.726,0.809627004383741,1.02795594925231,1.0058694092216,14.6595690074006,15.8504015040483,14.6992954916,1.02795594925231
1.727,0.809622499430709,1.02795634020313,1.00590385260932,14.6615553316106,15.8504135604572,14.7012224804273,1.02795634020313
1.728,0.809618024510698,1.02795672854761,1.00593824891989,14.6635386890514,15.8504255364946,14.7031466127704,1.02795672854761
1.729,0.809613579423487,1.02795711430313,1.00597259819454,14.6655190852374,15.8504374326962,14.705067893709,1.02795711430313
1.73,0.80960916397019,1.02795749748694,1.00600690047467,14.667496525661,15.8504492495942,14.7069863283047,1.02795749748694
1.731,0.809604777953249,1.0279578781162,1.00604115580196,14.6694710157932,15.8504609877173,14.708901921601,1.0279578781162
1.732,0.809600421176421,1.02795825620792,1.00607536421829,14.6714425610835,15.8504726475905,14.7108146786238,1.02795825620792
1.733,0.809596093444771,1.02795863177904,1.00610952576575,14.6734111669606,15.8504842297355,14.7127246043813,1.02795863177904
1.734,0.809591794564666,1.02795900484635,1.00614364048669,14.6753768388316,15.8504957346703,14.7146317038644,1.02795900484635
1.735,0.809587524343761,1.02795937542654,1.00617770842363,14.6773395820832,15.8505071629098,14.7165359820462,1.02795937542654
1.736,0.809583282590996,1.0279597435362,1.00621172961932,14.6792994020814,15.850518514965,14.7184374438831,1.0279597435362
1.737,0.809579069116583,1.02796010919179,1.00624570411672,14.6812563041715,15.8505297913439,14.7203360943141,1.02796010919179
1.738,0.809574883731999,1.02796047240968,1.006279631959,14.6832102936786,15.8505409925509,14.7222319382613,1.02796047240968
1.739,0.809570726249979,1.02796083320611,1.00631351318952,14.6851613759077,15.8505521190871,14.72412498063,1.02796083320611
1.74,0.809566596484506,1.02796119159724,1.00634734785184,14.6871095561438,15.8505631714503,14.7260152263088,1.02796119159724
1.741,0.809562494250803,1.02796154759909,1.00638113598973,14.6890548396521,15.8505741501349,14.72790268017,1.02796154759909
1.742,0.809558419365324,1.0279619012276,1.00641487764712,14.690997231678,15.850585055632,14.729787347069,1.0279619012276
1.743,0.809554371645749,1.02796225249858,1.00644857286816,14.6929367374475,15.8505958884295,14.7316692318452,1.02796225249858
1.744,0.80955035091097,1.02796260142776,1.00648222169718,14.6948733621674,15.850606649012,14.733548339322,1.02796260142776
1.745,0.80954635698109,1.02796294803074,1.00651582417869,14.6968071110252,15.8506173378609,14.7354246743063,1.02796294803074
1.746,0.80954238967741,1.02796329232304,1.00654938035736,14.6987379891892,15.8506279554544,14.7372982415895,1.02796329232304
1.747,0.80953844882242,1.02796363432006,1.00658289027808,14.7006660018092,15.8506385022674,14.739169045947,1.02796363432006
1.748,0.809534534239798,1.02796397403709,1.00661635398587,14.7025911540161,15.8506489787719,14.7410370921384,1.02796397403709
1.749,0.809530645754392,1.02796431148934,1.00664977152595,14.7045134509222,15.8506593854364,14.7429023849081,1.02796431148934
1.75,0.809526783192223,1.02796464669192,1.0066831429437,14.7064328976215,15.8506697227265,14.7447649289847,1.02796464669192
1.751,0.809522946380468,1.0279649796598,1.00671646828466,14.7083494991897,15.8506799911047,14.7466247290817,1.0279649796598
1.752,0.809519135147459,1.02796531040791,1.00674974759455,14.7102632606843,15.8506901910303,14.7484817898973,1.02796531040791
1.753,0.809515349322669,1.02796563895102,1.00678298091922,14.7121741871449,15.8507003229597,14.7503361161146,1.02796563895102
1.754,0.809511588736711,1.02796596530385,1.00681616830471,14.7140822835934,15.8507103873461,14.7521877124018,1.02796596530385
1.755,0.809507853221326,1.02796628948099,1.00684930979719,14.7159875550338,15.8507203846397,14.7540365834122,1.02796628948099
1.756,0.809504142609378,1.02796661149695,1.00688240544299,14.7178900064527,15.8507303152879,14.7558827337843,1.02796661149695
1.757,0.809500456734842,1.02796693136614,1.00691545528861,14.7197896428193,15.8507401797348,14.757726168142,1.02796693136614
1.758,0.809496795432803,1.02796724910287,1.00694845938065,14.7216864690855,15.8507499784217,14.7595668910946,1.02796724910287
1.759,0.809493158539444,1.02796756472135,1.00698141776591,14.7235804901859,15.8507597117871,14.7614049072371,1.02796756472135
1.76,0.809489545892041,1.02796787823571,1.00701433049129,14.7254717110385,15.8507693802663,14.7632402211501,1.02796787823571
1.761,0.809485957328954,1.02796818965997,1.00704719760384,14.7273601365441,15.850778984292,14.7650728374,1.02796818965997
1.762,0.809482392689621,1.02796849900807,1.00708001915076,14.7292457715869,15.8507885242936,14.7669027605391,1.02796849900807
1.763,0.809478851814551,1.02796880629385,1.00711279517937,14.7311286210345,15.8507980006981,14.7687299951055,1.02796880629385
1.764,0.809475334545314,1.02796911153106,1.00714552573712,14.733008689738,15.8508074139294,14.7705545456238,1.02796911153106
1.765,0.809471840724538,1.02796941473336,1.0071782108716,14.7348859825323,15.8508167644086,14.7723764166044,1.02796941473336
1.766,0.809468370195901,1.0279697159143,1.00721085063052,14.7367605042359,15.8508260525539,14.7741956125443,1.0279697159143
1.767,0.809464922804122,1.02797001508737,1.00724344506173,14.7386322596513,15.850835278781,14.7760121379267,1.02797001508737
1.768,0.809461498394955,1.02797031226596,1.00727599421318,14.7405012535651,15.8508444435026,14.7778259972213,1.02797031226596
1.769,0.809458096815182,1.02797060746335,1.00730849813294,14.7423674907479,15.8508535471286,14.7796371948845,1.02797060746335
1.77,0.809454717912607,1.02797090069277,1.00734095686923,14.7442309759547,15.8508625900664,14.7814457353594,1.02797090069277
1.771,0.80945136153605,1.02797119196731,1.00737337047034,14.746091713925,15.8508715727205,14.7832516230757,1.02797119196731
1.772,0.809448027535336,1.02797148130003,1.00740573898472,14.7479497093825,15.8508804954928,14.7850548624502,1.02797148130003
1.773,0.809444715761294,1.02797176870387,1.00743806246089,14.7498049670359,15.8508893587824,14.7868554578866,1.02797176870387
1.774,0.809441426065745,1.02797205419168,1.00747034094751,14.7516574915784,15.8508981629858,14.7886534137755,1.02797205419168
1.775,0.8094381583015,1.02797233777623,1.00750257449332,14.7535072876883,15.850906908497,14.7904487344949,1.02797233777623
1.776,0.80943491232235,1.02797261947023,1.00753476314719,14.7553543600286,15.8509155957072,14.7922414244099,1.02797261947023
1.777,0.809431687983061,1.02797289928626,1.00756690695808,14.7571987132477,15.850924225005,14.794031487873,1.02797289928626
1.778,0.809428485139367,1.02797317723685,1.00759900597506,14.7590403519789,15.8509327967764,14.7958189292241,1.02797317723685
1.779,0.809425303647965,1.02797345333444,1.00763106024727,14.7608792808412,15.850941311405,14.7976037527906,1.02797345333444
1.78,0.809422143366505,1.02797372759138,1.007663069824,14.7627155044387,15.8509497692717,14.7993859628875,1.02797372759138
1.781,0.809419004153589,1.02797400001994,1.00769503475457,14.7645490273611,15.8509581707549,14.8011655638175,1.02797400001994
1.782,0.809415885868758,1.02797427063231,1.00772695508845,14.7663798541839,15.8509665162303,14.802942559871,1.02797427063231
1.783,0.809412788372493,1.02797453944059,1.00775883087517,14.7682079894683,15.8509748060714,14.8047169553265,1.02797453944059
1.784,0.809409711526203,1.02797480645682,1.00779066216435,14.7700334377612,15.8509830406491,14.8064887544501,1.02797480645682
1.785,0.809406655192222,1.02797507169294,1.00782244900571,14.7718562035956,15.8509912203317,14.8082579614961,1.02797507169294
1.786,0.8094036192338,1.02797533516083,1.00785419144904,14.7736762914907,15.8509993454852,14.8100245807069,1.02797533516083
1.787,0.809400603515102,1.02797559687225,1.00788588954422,14.7754937059515,15.851007416473,14.8117886163131,1.02797559687225
1.788,0.809397607901194,1.02797585683894,1.00791754334123,14.7773084514695,15.8510154336563,14.8135500725335,1.02797585683894
1.789,0.809394632258046,1.02797611507252,1.0079491528901,14.7791205325227,15.8510233973937,14.8153089535753,1.02797611507252
1.79,0.809391676452519,1.02797637158453,1.00798071824094,14.7809299535754,15.8510313080415,14.817065263634,1.02797637158453
1.791,0.809388740352362,1.02797662638647,1.00801223944397,14.7827367190783,15.8510391659536,14.8188190068937,1.02797662638647
1.792,0.809385823826207,1.02797687948973,1.00804371654944,14.7845408334691,15.8510469714816,14.8205701875272,1.02797687948973
1.793,0.809382926743559,1.02797713090563,1.0080751496077,14.786342301172,15.8510547249746,14.8223188096957,1.02797713090563
1.794,0.809380048974795,1.02797738064543,1.00810653866917,14.7881411265982,15.8510624267795,14.8240648775492,1.02797738064543
1.795,0.809377190391156,1.02797762872029,1.00813788378433,14.7899373141457,15.851070077241,14.8258083952267,1.02797762872029
1.796,0.809374350864742,1.02797787514133,1.00816918500373,14.7917308681998,15.8510776767011,14.8275493668558,1.02797787514133
1.797,0.809371530268504,1.02797811991955,1.00820044237799,14.7935217931326,15.8510852255,14.8292877965531,1.02797811991955
1.798,0.809368728476241,1.02797836306592,1.00823165595779,14.7953100933036,15.8510927239754,14.8310236884245,1.02797836306592
1.799,0.809365945362592,1.02797860459132,1.00826282579388,14.7970957730596,15.8511001724627,14.8327570465646,1.02797860459132
1.8,0.809363180803035,1.02797884450654,1.00829395193705,14.7988788367349,15.8511075712951,14.8344878750574,1.02797884450654
1.801,0.809360434673875,1.02797908282233,1.00832503443818,14.800659288651,15.8511149208037,14.8362161779761,1.02797908282233
1.802,0.809357706852242,1.02797931954935,1.00835607334819,14.8024371331173,15.8511222213173,14.8379419593831,1.02797931954935
1.803,0.809354997216088,1.02797955469819,1.00838706871805,14.8042123744306,15.8511294731624,14.8396652233304,1.02797955469819
1.804,0.809352305644174,1.02797978827937,1.00841802059882,14.8059850168756,15.8511366766635,14.8413859738591,1.02797978827937
1.805,0.809349632016072,1.02798002030334,1.00844892904156,14.8077550647247,15.8511438321429,14.8431042150002,1.02798002030334
1.806,0.809346976212159,1.02798025078049,1.00847979409742,14.8095225222385,15.8511509399207,14.8448199507739,1.02798025078049
1.807,0.809344338113604,1.02798047972112,1.0085106158176,14.8112873936653,15.851158000315,14.8465331851902,1.02798047972112
1.808,0.809341717602374,1.02798070713548,1.00854139425333,14.8130496832415,15.8511650136414,14.848243922249,1.02798070713548
1.809,0.809339114561218,1.02798093303374,1.00857212945591,14.8148093951919,15.8511719802139,14.8499521659396,1.02798093303374
1.81,0.80933652887367,1.02798115742602,1.00860282147666,14.8165665337293,15.8511789003441,14.8516579202414,1.02798115742602
1.811,0.809333960424039,1.02798138032235,1.00863347036697,14.8183211030549,15.8511857743416,14.8533611891237,1.02798138032235
1.812,0.809331409097405,1.0279816017327,1.00866407617825,14.8200731073583,15.8511926025139,14.8550619765455,1.0279816017327
1.813,0.809328874779616,1.02798182166698,1.00869463896198,14.8218225508177,15.8511993851665,14.8567602864562,1.02798182166698
1.814,0.809326357357278,1.02798204013504,1.00872515876965,14.8235694375996,15.8512061226029,14.8584561227949,1.02798204013504
1.815,0.809323856717757,1.02798225714664,1.00875563565282,14.8253137718594,15.8512128151245,14.8601494894911,1.02798225714664
1.816,0.809321372749165,1.0279824727115,1.00878606966307,14.827055557741,15.8512194630306,14.8618403904645,1.0279824727115
1.817,0.809318905340364,1.02798268683925,1.00881646085202,14.8287947993771,15.8512260666188,14.863528829625,1.02798268683925
1.818,0.809316454380955,1.02798289953949,1.00884680927132,14.8305315008895,15.8512326261843,14.8652148108727,1.02798289953949
1.819,0.809314019761275,1.02798311082173,1.00887711497267,14.8322656663887,15.8512391420208,14.8668983380984,1.02798311082173
1.82,0.809311601372393,1.02798332069542,1.00890737800779,14.8339972999742,15.8512456144197,14.868579415183,1.02798332069542
1.821,0.809309199106104,1.02798352916995,1.00893759842844,14.8357264057346,15.8512520436706,14.8702580459981,1.02798352916995
1.822,0.809306812854923,1.02798373625465,1.00896777628639,14.8374529877478,15.8512584300611,14.8719342344059,1.02798373625465
1.823,0.809304442512084,1.02798394195879,1.00899791163348,14.8391770500807,15.851264773877,14.8736079842589,1.02798394195879
1.824,0.80930208797153,1.02798414629157,1.00902800452154,14.8408985967896,15.851271075402,14.8752792994007,1.02798414629157
1.825,0.809299749127913,1.02798434926212,1.00905805500244,14.8426176319202,15.8512773349181,14.8769481836654,1.02798434926212
1.826,0.809297425876587,1.02798455087954,1.00908806312808,14.8443341595074,15.8512835527052,14.8786146408778,1.02798455087954
1.827,0.809295118113603,1.02798475115285,1.00911802895038,14.8460481835759,15.8512897290417,14.8802786748537,1.02798475115285
1.828,0.809292825735706,1.027984950091,1.0091479525213,14.8477597081398,15.8512958642038,14.8819402893996,1.027984950091
1.829,0.809290548640328,1.02798514770289,1.00917783389279,14.8494687372028,15.851301958466,14.8835994883132,1.02798514770289
1.83,0.809288286725586,1.02798534399737,1.00920767311686,14.8511752747583,15.8513080121009,14.8852562753829,1.02798534399737
1.831,0.809286039890275,1.02798553898322,1.0092374702455,14.8528793247896,15.8513140253795,14.8869106543884,1.02798553898322
1.832,0.809283808033867,1.02798573266917,1.00926722533075,14.8545808912695,15.8513199985706,14.8885626291004,1.02798573266917
1.833,0.809281591056501,1.02798592506388,1.00929693842465,14.8562799781611,15.8513259319415,14.8902122032806,1.02798592506388
1.834,0.809279388858984,1.02798611617595,1.00932660957928,14.857976589417,15.8513318257578,14.8918593806821,1.02798611617595
1.835,0.809277201342784,1.02798630601395,1.00935623884672,14.8596707289803,15.851337680283,14.8935041650491,1.02798630601395
1.836,0.809275028410026,1.02798649458636,1.00938582627905,14.8613624007837,15.8513434957791,14.8951465601173,1.02798649458636
1.837,0.809272869963486,1.02798668190161,1.00941537192839,14.8630516087504,15.8513492725064,14.8967865696136,1.02798668190161
1.838,0.809270725906589,1.0279868679681,1.00944487584687,14.8647383567936,15.8513550107231,14.8984241972563,1.0279868679681
1.839,0.809268596143405,1.02798705279415,1.00947433808662,14.8664226488167,15.8513607106861,14.900059446755,1.02798705279415
1.84,0.809266480578642,1.02798723638802,1.00950375869979,14.8681044887136,15.8513663726503,14.9016923218112,1.02798723638802
1.841,0.809264379117645,1.02798741875794,1.00953313773853,14.8697838803685,15.8513719968692,14.9033228261175,1.02798741875794
1.842,0.809262291666387,1.02798759991205,1.00956247525502,14.8714608276559,15.8513775835942,14.9049509633583,1.02798759991205
1.843,0.809260218131471,1.02798777985847,1.00959177130142,14.8731353344411,15.8513831330753,14.9065767372097,1.02798777985847
1.844,0.809258158420121,1.02798795860525,1.00962102592992,14.8748074045795,15.8513886455609,14.9082001513392,1.02798795860525
1.845,0.809256112440181,1.02798813616039,1.00965023919271,14.8764770419175,15.8513941212975,14.9098212094064,1.02798813616039
1.846,0.809254080100106,1.02798831253182,1.00967941114198,14.8781442502919,15.8513995605302,14.9114399150624,1.02798831253182
1.847,0.809252061308965,1.02798848772744,1.00970854182993,14.8798090335305,15.8514049635022,14.9130562719501,1.02798848772744
1.848,0.809250055976432,1.02798866175509,1.00973763130877,14.8814713954514,15.8514103304553,14.9146702837044,1.02798866175509
1.849,0.809248064012783,1.02798883462256,1.00976667963069,14.8831313398641,15.8514156616297,14.9162819539521,1.02798883462256
1.85,0.809246085328891,1.02798900633758,1.00979568684791,14.8847888705685,15.8514209572637,14.9178912863118,1.02798900633758
1.851,0.809244119836225,1.02798917690783,1.00982465301264,14.8864439913556,15.8514262175944,14.9194982843941,1.02798917690783
1.852,0.809242167446843,1.02798934634094,1.00985357817709,14.8880967060076,15.8514314428571,14.9211029518019,1.02798934634094
1.853,0.809240228073391,1.0279895146445,1.00988246239345,14.8897470182973,15.8514366332856,14.9227052921298,1.0279895146445
1.854,0.809238301629095,1.02798968182604,1.00991130571395,14.8913949319889,15.8514417891121,14.9243053089648,1.02798968182604
1.855,0.809236388027761,1.02798984789303,1.00994010819079,14.8930404508377,15.8514469105672,14.9259030058859,1.02798984789303
1.856,0.809234487183769,1.02799001285292,1.00996886987616,14.8946835785901,15.8514519978801,14.9274983864642,1.02799001285292
1.857,0.809232599012071,1.02799017671306,1.00999759082227,14.8963243189838,15.8514570512784,14.9290914542634,1.02799017671306
1.858,0.809230723428184,1.02799033948081,1.01002627108131,14.8979626757478,15.8514620709881,14.9306822128391,1.02799033948081
1.859,0.809228860348189,1.02799050116344,1.01005491070548,14.8995986526024,15.8514670572339,14.9322706657394,1.02799050116344
1.86,0.809227009688728,1.02799066176819,1.01008350974694,14.9012322532592,15.8514720102389,14.9338568165048,1.02799066176819
1.861,0.809225171366997,1.02799082130223,1.01011206825789,14.9028634814215,15.8514769302246,14.9354406686679,1.02799082130223
1.862,0.809223345300743,1.02799097977272,1.01014058629048,14.9044923407838,15.8514818174111,14.9370222257542,1.02799097977272
1.863,0.809221531408265,1.02799113718673,1.01016906389688,14.9061188350323,15.8514866720171,14.9386014912812,1.02799113718673
1.864,0.809219729608403,1.02799129355132,1.01019750112924,14.9077429678448,15.8514914942599,14.9401784687592,1.02799129355132
1.865,0.809217939820541,1.02799144887348,1.0102258980397,14.9093647428905,15.851496284355,14.9417531616911,1.02799144887348
1.866,0.809216161964597,1.02799160316016,1.01025425468039,14.9109841638305,15.851501042517,14.9433255735721,1.02799160316016
1.867,0.809214395961027,1.02799175641826,1.01028257110343,14.9126012343176,15.8515057689585,14.9448957078903,1.02799175641826
1.868,0.809212641730813,1.02799190865464,1.01031084736094,14.9142159579963,15.8515104638911,14.9464635681262,1.02799190865464
1.869,0.809210899195468,1.02799205987611,1.010339083505,14.9158283385028,15.8515151275249,14.9480291577533,1.02799205987611
1.87,0.809209168277024,1.02799221008944,1.0103672795877,14.9174383794653,15.8515197600685,14.9495924802375,1.02799221008944
1.871,0.809207448898038,1.02799235930134,1.01039543566111,14.9190460845039,15.8515243617291,14.9511535390378,1.02799235930134
1.872,0.809205740981577,1.0279925075185,1.01042355177728,14.9206514572306,15.8515289327126,14.9527123376056,1.0279925075185
1.873,0.809204044451227,1.02799265474755,1.01045162798825,14.9222545012493,15.8515334732236,14.9542688793856,1.02799265474755
1.874,0.809202359231079,1.02799280099506,1.01047966434605,14.9238552201561,15.8515379834651,14.9558231678151,1.02799280099506
1.875,0.809200685245731,1.0279929462676,1.01050766090269,14.9254536175391,15.851542463639,14.9573752063242,1.0279929462676
1.876,0.809199022420287,1.02799309057165,1.01053561771014,14.9270496969784,15.8515469139457,14.9589249983362,1.02799309057165
1.877,0.809197370680345,1.02799323391367,1.0105635348204,14.9286434620462,15.8515513345843,14.9604725472672,1.02799323391367
1.878,0.809195729952002,1.02799337630008,1.0105914122854,14.9302349163073,15.8515557257526,14.9620178565265,1.02799337630008
1.879,0.809194100161849,1.02799351773725,1.01061925015709,14.9318240633183,15.851560087647,14.9635609295161,1.02799351773725
1.88,0.809192481236963,1.0279936582315,1.01064704848739,14.9334109066281,15.8515644204628,14.9651017696313,1.0279936582315
1.881,0.80919087310491,1.02799379778913,1.01067480732819,14.9349954497783,15.8515687243936,14.9666403802606,1.02799379778913
1.882,0.809189275693738,1.02799393641637,1.01070252673136,14.9365776963024,15.8515729996322,14.9681767647855,1.02799393641637
1.883,0.809187688931973,1.02799407411942,1.01073020674876,14.9381576497266,15.8515772463698,14.9697109265805,1.02799407411942
1.884,0.80918611274862,1.02799421090446,1.01075784743223,14.9397353135693,15.8515814647963,14.9712428690137,1.02799421090446
1.885,0.809184547073155,1.0279943467776,1.01078544883357,14.9413106913415,15.8515856551006,14.9727725954461,1.0279943467776
1.886,0.809182991835528,1.02799448174492,1.01081301100458,14.9428837865467,15.85158981747,14.9743001092321,1.02799448174492
1.887,0.809181446966151,1.02799461581245,1.01084053399702,14.944454602681,15.8515939520909,14.9758254137194,1.02799461581245
1.888,0.809179912395903,1.0279947489862,1.01086801786263,14.9460231432329,15.8515980591481,14.9773485122489,1.0279947489862
1.889,0.809178388056124,1.02799488127213,1.01089546265312,14.9475894116837,15.8516021388255,14.9788694081549,1.02799488127213
1.89,0.80917687387861,1.02799501267615,1.01092286842019,14.9491534115073,15.8516061913056,14.9803881047654,1.02799501267615
1.891,0.809175369795612,1.02799514320414,1.01095023521551,14.9507151461702,15.8516102167696,14.9819046054012,1.02799514320414
1.892,0.809173875739835,1.02799527286195,1.01097756309072,14.9522746191317,15.8516142153978,14.9834189133771,1.02799527286195
1.893,0.809172391644429,1.02799540165537,1.01100485209743,14.953831833844,15.8516181873689,14.9849310320011,1.02799540165537
1.894,0.809170917442993,1.02799552959017,1.01103210228723,14.9553867937519,15.8516221328606,14.9864409645748,1.02799552959017
1.895,0.809169453069567,1.02799565667207,1.01105931371167,14.956939502293,15.8516260520496,14.9879487143932,1.02799565667207
1.896,0.80916799845863,1.02799578290676,1.0110864864223,14.958489962898,15.8516299451112,14.989454284745,1.02799578290676
1.897,0.809166553545099,1.02799590829988,1.01111362047062,14.9600381789904,15.8516338122195,14.9909576789123,1.02799590829988
1.898,0.809165118264325,1.02799603285705,1.0111407159081,14.9615841539865,15.8516376535475,14.9924589001711,1.02799603285705
1.899,0.809163692552089,1.02799615658384,1.01116777278618,14.9631278912957,15.8516414692671,14.9939579517909,1.02799615658384
1.9,0.809162276344602,1.02799627948578,1.01119479115629,14.9646693943204,15.8516452595491,14.9954548370347,1.02799627948578
1.901,0.809160869578498,1.02799640156838,1.01122177106981,14.9662086664562,15.8516490245629,14.9969495591594,1.02799640156838
1.902,0.809159472190835,1.02799652283709,1.0112487125781,14.9677457110913,15.8516527644771,14.9984421214156,1.02799652283709
1.903,0.809158084119089,1.02799664329734,1.01127561573248,14.9692805316075,15.851656479459,14.9999325270476,1.02799664329734
1.904,0.809156705301155,1.02799676295453,1.01130248058424,14.9708131313795,15.8516601696748,15.0014207792935,1.02799676295453
1.905,0.809155335675341,1.027996881814,1.01132930718466,14.9723435137752,15.8516638352895,15.0029068813852,1.027996881814
1.906,0.809153975180365,1.02799699988107,1.01135609558495,14.9738716821557,15.8516674764673,15.0043908365483,1.02799699988107
1.907,0.809152623755356,1.02799711716103,1.01138284583631,14.9753976398754,15.8516710933709,15.0058726480026,1.02799711716103
1.908,0.809151281339847,1.02799723365913,1.01140955798992,14.9769213902817,15.8516746861623,15.0073523189614,1.02799723365913
1.909,0.809149947873775,1.02799734938057,1.01143623209689,14.9784429367157,15.8516782550021,15.0088298526321,1.02799734938057
1.91,0.809148623297476,1.02799746433053,1.01146286820833,14.9799622825115,15.85168180005,15.0103052522159,1.02799746433053
1.911,0.809147307551687,1.02799757851416,1.01148946637529,14.9814794309967,15.8516853214647,15.0117785209082,1.02799757851416
1.912,0.809146000577535,1.02799769193657,1.01151602664881,14.9829943854923,15.8516888194037,15.0132496618981,1.02799769193657
1.913,0.809144702316545,1.02799780460283,1.01154254907988,14.9845071493126,15.8516922940234,15.0147186783689,1.02799780460283
1.914,0.809143412710628,1.02799791651797,1.01156903371946,14.9860177257654,15.8516957454794,15.0161855734978,1.02799791651797
1.915,0.809142131702084,1.02799802768702,1.01159548061846,14.987526118152,15.8516991739261,15.017650350456,1.02799802768702
1.916,0.809140859233597,1.02799813811494,1.01162188982778,14.9890323297672,15.8517025795169,15.0191130124091,1.02799813811494
1.917,0.809139595248233,1.02799824780668,1.01164826139825,14.9905363638993,15.851705962404,15.0205735625164,1.02799824780668
1.918,0.809138339689438,1.02799835676713,1.01167459538071,14.9920382238302,15.8517093227389,15.0220320039316,1.02799835676713
1.919,0.809137092501035,1.02799846500119,1.01170089182591,14.9935379128353,15.851712660672,15.0234883398024,1.02799846500119
1.92,0.809135853627222,1.02799857251368,1.0117271507846,14.9950354341836,15.8517159763525,15.0249425732706,1.02799857251368
1.921,0.809134623012567,1.02799867930942,1.01175337230748,14.996530791138,15.8517192699288,15.0263947074725,1.02799867930942
1.922,0.80913340060201,1.0279987853932,1.01177955644521,14.9980239869547,15.8517225415483,15.0278447455383,1.0279987853932
1.923,0.809132186340856,1.02799889076974,1.01180570324841,14.9995150248839,15.8517257913573,15.0292926905926,1.02799889076974
1.924,0.809130980174777,1.02799899544378,1.01183181276768,15.0010039081693,15.8517290195013,15.0307385457542,1.02799899544378
1.925,0.809129782049805,1.02799909941999,1.01185788505354,15.0024906400486,15.8517322261246,15.0321823141361,1.02799909941999
1.926,0.809128591912333,1.02799920270302,1.01188392015651,15.0039752237529,15.8517354113708,15.0336239988458,1.02799920270302
1.927,0.809127409709111,1.0279993052975,1.01190991812706,15.0054576625076,15.8517385753822,15.035063602985,1.0279993052975
1.928,0.809126235387244,1.02799940720802,1.01193587901561,15.0069379595315,15.8517417183006,15.0365011296498,1.02799940720802
1.929,0.809125068894189,1.02799950843914,1.01196180287254,15.0084161180374,15.8517448402666,15.0379365819305,1.02799950843914
1.93,0.809123910177754,1.02799960899538,1.01198768974821,15.009892141232,15.8517479414197,15.0393699629121,1.02799960899538
1.931,0.809122759186096,1.02799970888124,1.01201353969292,15.011366032316,15.8517510218987,15.0408012756737,1.02799970888124
1.932,0.809121615867715,1.0279998081012,1.01203935275692,15.0128377944839,15.8517540818416,15.0422305232889,1.0279998081012
1.933,0.809120480171457,1.02799990665969,1.01206512899045,15.0143074309242,15.8517571213851,15.043657708826,1.02799990665969
1.934,0.809119352046508,1.02800000456113,1.01209086844367,15.0157749448193,15.8517601406653,15.0450828353475,1.02800000456113
1.935,0.809118231442391,1.02800010180989,1.01211657116674,15.0172403393457,15.8517631398172,15.0465059059103,1.02800010180989
1.936,0.809117118308968,1.02800019841033,1.01214223720974,15.0187036176739,15.851766118975,15.0479269235663,1.02800019841033
1.937,0.809116012596435,1.02800029436676,1.01216786662273,15.0201647829685,15.8517690782721,15.0493458913613,1.02800029436676
1.938,0.809114914255319,1.02800038968348,1.01219345945571,15.0216238383882,15.8517720178408,15.0507628123362,1.02800038968348
1.939,0.809113823236477,1.02800048436476,1.01221901575866,15.0230807870856,15.8517749378127,15.0521776895262,1.02800048436476
1.94,0.809112739491094,1.02800057841483,1.01224453558149,15.0245356322076,15.8517778383183,15.053590525961,1.02800057841483
1.941,0.80911166297068,1.0280006718379,1.01227001897409,15.0259883768953,15.8517807194875,15.0550013246651,1.0280006718379
1.942,0.809110593627068,1.02800076463815,1.01229546598629,15.0274390242838,15.8517835814492,15.0564100886576,1.02800076463815
1.943,0.809109531412415,1.02800085681973,1.01232087666789,15.0288875775024,15.8517864243313,15.0578168209522,1.02800085681973
1.944,0.809108476279192,1.02800094838676,1.01234625106863,15.0303340396749,15.8517892482612,15.0592215245573,1.02800094838676
1.945,0.809107428180191,1.02800103934335,1.01237158923821,15.0317784139191,15.8517920533651,15.0606242024759,1.02800103934335
1.946,0.809106387068516,1.02800112969356,1.0123968912263,15.0332207033469,15.8517948397686,15.0620248577059,1.02800112969356
1.947,0.809105352897586,1.02800121944144,1.0124221570825,15.0346609110648,15.8517976075963,15.0634234932396,1.02800121944144
1.948,0.809104325621129,1.028001308591,1.01244738685639,15.0360990401736,15.8518003569721,15.0648201120644,1.028001308591
1.949,0.809103305193181,1.02800139714623,1.01247258059748,15.0375350937681,15.8518030880189,15.0662147171623,1.02800139714623
1.95,0.809102291568087,1.02800148511109,1.01249773835525,15.0389690749378,15.851805800859,15.0676073115099,1.02800148511109
1.951,0.809101284700493,1.02800157248951,1.01252286017914,15.0404009867664,15.8518084956137,15.0689978980789,1.02800157248951
1.952,0.80910028454535,1.02800165928542,1.01254794611852,15.0418308323321,15.8518111724036,15.0703864798357,1.02800165928542
1.953,0.809099291057907,1.02800174550268,1.01257299622274,15.0432586147072,15.8518138313484,15.0717730597415,1.02800174550268
1.954,0.809098304193715,1.02800183114517,1.01259801054109,15.044684336959,15.8518164725672,15.0731576407523,1.02800183114517
1.955,0.809097323908617,1.0280019162167,1.01262298912281,15.0461080021486,15.8518190961781,15.074540225819,1.0280019162167
1.956,0.809096350158752,1.02800200072109,1.01264793201709,15.0475296133321,15.8518217022984,15.0759208178875,1.02800200072109
1.957,0.809095382900554,1.02800208466212,1.0126728392731,15.0489491735599,15.8518242910448,15.0772994198985,1.02800208466212
1.958,0.809094422090744,1.02800216804354,1.01269771093993,15.0503666858768,15.8518268625332,15.0786760347875,1.02800216804354
1.959,0.809093467686332,1.02800225086908,1.01272254706664,15.0517821533224,15.8518294168784,15.0800506654852,1.02800225086908
1.96,0.809092519644617,1.02800233314245,1.01274734770224,15.0531955789305,15.851831954195,15.081423314917,1.02800233314245
1.961,0.809091577923179,1.02800241486734,1.01277211289569,15.0546069657298,15.8518344745962,15.0827939860034,1.02800241486734
1.962,0.809090642479885,1.02800249604739,1.01279684269589,15.0560163167435,15.851836978195,15.0841626816599,1.02800249604739
1.963,0.809089713272879,1.02800257668624,1.01282153715172,15.0574236349893,15.8518394651033,15.0855294047968,1.02800257668624
1.964,0.809088790260586,1.0280026567875,1.01284619631199,15.0588289234797,15.8518419354325,15.0868941583198,1.0280026567875
1.965,0.809087873401709,1.02800273635475,1.01287082022547,15.0602321852217,15.8518443892929,15.0882569451292,1.02800273635475
1.966,0.809086962655224,1.02800281539156,1.01289540894087,15.0616334232171,15.8518468267945,15.0896177681207,1.02800281539156
1.967,0.809086057980383,1.02800289390145,1.01291996250686,15.0630326404623,15.8518492480462,15.0909766301847,1.02800289390145
1.968,0.809085159336707,1.02800297188794,1.01294448097207,15.0644298399484,15.8518516531565,15.0923335342071,1.02800297188794
1.969,0.809084266683989,1.02800304935452,1.01296896438507,15.0658250246613,15.8518540422329,15.0936884830685,1.02800304935452
1.97,0.809083379982289,1.02800312630466,1.01299341279436,15.0672181975817,15.8518564153823,15.0950414796449,1.02800312630466
1.971,0.809082499191934,1.02800320274179,1.01301782624844,15.0686093616848,15.8518587727108,15.0963925268073,1.02800320274179
1.972,0.809081624273514,1.02800327866935,1.01304220479572,15.069998519941,15.851861114324,15.0977416274219,1.02800327866935
1.973,0.809080755187884,1.02800335409072,1.01306654848457,15.071385675315,15.8518634403266,15.0990887843499,1.02800335409072
1.974,0.809079891896158,1.02800342900929,1.01309085736332,15.0727708307668,15.8518657508227,15.1004340004478,1.02800342900929
1.975,0.809079034359711,1.02800350342839,1.01311513148023,15.0741539892508,15.8518680459157,15.1017772785673,1.02800350342839
1.976,0.809078182540172,1.02800357735137,1.01313937088353,15.0755351537166,15.8518703257082,15.1031186215552,1.02800357735137
1.977,0.809077336399431,1.02800365078153,1.0131635756214,15.0769143271086,15.8518725903022,15.1044580322537,1.02800365078153
1.978,0.809076495899628,1.02800372372215,1.01318774574194,15.0782915123658,15.8518748397992,15.1057955135,1.02800372372215
1.979,0.809075661003158,1.02800379617651,1.01321188129324,15.0796667124225,15.8518770742996,15.1071310681267,1.02800379617651
1.98,0.809074831672663,1.02800386814783,1.01323598232331,15.0810399302077,15.8518792939035,15.1084646989616,1.02800386814783
1.981,0.809074007871039,1.02800393963935,1.01326004888012,15.0824111686454,15.8518814987102,15.1097964088277,1.02800393963935
1.982,0.809073189561425,1.02800401065425,1.01328408101158,15.0837804306545,15.8518836888184,15.1111262005435,1.02800401065425
1.983,0.809072376707209,1.02800408119572,1.01330807876557,15.085147719149,15.851885864326,15.1124540769225,1.02800408119572
1.984,0.809071569272021,1.02800415126692,1.0133320421899,15.0865130370377,15.8518880253303,15.1137800407739,1.02800415126692
1.985,0.809070767219734,1.02800422087097,1.01335597133233,15.0878763872245,15.8518901719281,15.1151040949018,1.02800422087097
1.986,0.809069970514463,1.028004290011,1.01337986624058,15.0892377726083,15.8518923042154,15.1164262421059,1.028004290011
1.987,0.80906917912056,1.0280043586901,1.0134037269623,15.0905971960832,15.8518944222876,15.1177464851813,1.0280043586901
1.988,0.809068393002616,1.02800442691133,1.0134275535451,15.0919546605381,15.8518965262394,15.1190648269183,1.02800442691133
1.989,0.809067612125459,1.02800449467776,1.01345134603655,15.0933101688571,15.851898616165,15.1203812701026,1.02800449467776
1.99,0.809066836454149,1.02800456199241,1.01347510448413,15.0946637239194,15.851900692158,15.1216958175154,1.02800456199241
1.991,0.809066065953981,1.02800462885829,1.01349882893532,15.0960153285992,15.8519027543111,15.1230084719333,1.02800462885829
1.992,0.809065300590481,1.0280046952784,1.0135225194375,15.0973649857659,15.8519048027167,15.1243192361282,1.0280046952784
1.993,0.809064540329405,1.02800476125572,1.01354617603803,15.098712698284,15.8519068374663,15.1256281128676,1.02800476125572
1.994,0.809063785136735,1.02800482679318,1.01356979878419,15.1000584690132,15.8519088586511,15.1269351049143,1.02800482679318
1.995,0.809063034978684,1.02800489189373,1.01359338772324,15.1014023008083,15.8519108663614,15.1282402150267,1.02800489189373
1.996,0.809062289821686,1.02800495656027,1.01361694290237,15.1027441965192,15.8519128606872,15.1295434459584,1.02800495656027
1.997,0.809061549632401,1.0280050207957,1.01364046436871,15.1040841589911,15.8519148417175,15.130844800459,1.0280050207957
1.998,0.809060814377712,1.0280050846029,1.01366395216934,15.1054221910645,15.8519168095411,15.132144281273,1.0280050846029
1.999,0.809060084024721,1.02800514798471,1.01368740635131,15.106758295575,15.8519187642461,15.1334418911408,1.02800514798471
2,0.809059358540749,1.02800521094398,1.01371082696158,15.1080924753532,15.8519207059197,15.1347376327983,1.02800521094398
2.001,0.809058637893337,1.02800527348352,1.01373421404709,15.1094247332255,15.851922634649,15.1360315089768,1.02800527348352
2.002,0.809057922050242,1.02800533560613,1.0137575676547,15.1107550720131,15.8519245505202,15.1373235224031,1.02800533560613
2.003,0.809057210979434,1.02800539731459,1.01378088783125,15.1120834945326,15.8519264536191,15.1386136757998,1.02800539731459
2.004,0.809056504649097,1.02800545861166,1.01380417462348,15.1134100035959,15.8519283440307,15.1399019718849,1.02800545861166
2.005,0.80905580302763,1.02800551950009,1.01382742807813,15.1147346020104,15.8519302218397,15.141188413372,1.02800551950009
2.006,0.809055106083639,1.02800557998259,1.01385064824184,15.1160572925785,15.8519320871301,15.1424730029703,1.02800557998259
2.007,0.809054413785942,1.02800564006187,1.01387383516123,15.117378078098,15.8519339399853,15.1437557433847,1.02800564006187
2.008,0.809053726103562,1.02800569974063,1.01389698888285,15.1186969613624,15.8519357804883,15.1450366373156,1.02800569974063
2.009,0.809053043005732,1.02800575902152,1.01392010945319,15.12001394516,15.8519376087213,15.1463156874592,1.02800575902152
2.01,0.809052364461887,1.02800581790722,1.0139431969187,15.121329032275,15.8519394247663,15.147592896507,1.02800581790722
2.011,0.809051690441668,1.02800587640034,1.01396625132577,15.1226422254866,15.8519412287043,15.1488682671466,1.02800587640034
2.012,0.809051020914916,1.0280059345035,1.01398927272074,15.1239535275696,15.8519430206162,15.1501418020609,1.0280059345035
2.013,0.809050355851677,1.02800599221931,1.0140122611499,15.1252629412942,15.8519448005822,15.1514135039288,1.02800599221931
2.014,0.809049695222192,1.02800604955035,1.01403521665947,15.1265704694259,15.8519465686818,15.1526833754245,1.02800604955035
2.015,0.809049038996905,1.02800610649918,1.01405813929563,15.1278761147258,15.8519483249942,15.1539514192183,1.02800610649918
2.016,0.809048387146452,1.02800616306836,1.01408102910451,15.1291798799504,15.8519500695979,15.1552176379759,1.02800616306836
2.017,0.809047739641669,1.0280062192604,1.01410388613216,15.1304817678517,15.851951802571,15.156482034359,1.0280062192604
2.018,0.809047096453584,1.02800627507783,1.0141267104246,15.1317817811771,15.851953523991,15.1577446110249,1.02800627507783
2.019,0.809046457553421,1.02800633052315,1.0141495020278,15.1330799226695,15.8519552339351,15.1590053706264,1.02800633052315
2.02,0.809045822912591,1.02800638559883,1.01417226098765,15.1343761950673,15.8519569324795,15.1602643158125,1.02800638559883
2.021,0.8090451925027,1.02800644030734,1.01419498735001,15.1356706011046,15.8519586197005,15.1615214492278,1.02800644030734
2.022,0.809044566295542,1.02800649465112,1.01421768116067,15.1369631435107,15.8519602956734,15.1627767735125,1.02800649465112
2.023,0.809043944263099,1.02800654863262,1.01424034246537,15.1382538250108,15.8519619604732,15.1640302913028,1.02800654863262
2.024,0.809043326377538,1.02800660225423,1.01426297130981,15.1395426483254,15.8519636141744,15.1652820052307,1.02800660225423
2.025,0.809042712611215,1.02800665551837,1.01428556773961,15.1408296161707,15.8519652568511,15.1665319179237,1.02800665551837
2.026,0.809042102936667,1.02800670842742,1.01430813180035,15.1421147312583,15.8519668885766,15.1677800320057,1.02800670842742
2.027,0.809041497326616,1.02800676098374,1.01433066353755,15.1433979962957,15.8519685094241,15.1690263500958,1.02800676098374
2.028,0.809040895753965,1.02800681318968,1.01435316299669,15.1446794139857,15.851970119466,15.1702708748094,1.02800681318968
2.029,0.809040298191798,1.02800686504758,1.01437563022317,15.1459589870269,15.8519717187744,15.1715136087575,1.02800686504758
2.03,0.80903970461338,1.02800691655977,1.01439806526236,15.1472367181134,15.8519733074208,15.1727545545472,1.02800691655977
2.031,0.809039114992151,1.02800696772854,1.01442046815956,15.1485126099351,15.8519748854763,15.1739937147811,1.02800696772854
2.032,0.80903852930173,1.02800701855618,1.01444283896002,15.1497866651774,15.8519764530115,15.1752310920581,1.02800701855618
2.033,0.809037947515911,1.02800706904497,1.01446517770893,15.1510588865215,15.8519780100966,15.1764666889727,1.02800706904497
2.034,0.809037369608665,1.02800711919718,1.01448748445144,15.152329276644,15.8519795568011,15.1777005081154,1.02800711919718
2.035,0.809036795554134,1.02800716901503,1.01450975923262,15.1535978382176,15.8519810931944,15.1789325520727,1.02800716901503
2.036,0.809036225326633,1.02800721850076,1.01453200209751,15.1548645739103,15.8519826193451,15.1801628234268,1.02800721850076
2.037,0.809035658900649,1.02800726765659,1.01455421309109,15.1561294863862,15.8519841353216,15.181391324756,1.02800726765659
2.038,0.809035096250838,1.02800731648472,1.01457639225826,15.1573925783047,15.8519856411916,15.1826180586346,1.02800731648472
2.039,0.809034537352026,1.02800736498732,1.01459853964391,15.1586538523212,15.8519871370226,15.1838430276328,1.02800736498732
2.04,0.809033982179206,1.02800741316657,1.01462065529283,15.1599133110867,15.8519886228814,15.1850662343165,1.02800741316657
2.041,0.809033430707538,1.02800746102463,1.01464273924978,15.1611709572482,15.8519900988345,15.186287681248,1.02800746102463
2.042,0.809032882912348,1.02800750856363,1.01466479155947,15.1624267934482,15.8519915649481,15.1875073709854,1.02800750856363
2.043,0.809032338769125,1.02800755578571,1.01468681226653,15.1636808223251,15.8519930212876,15.1887253060826,1.02800755578571
2.044,0.809031798253524,1.02800760269297,1.01470880141555,15.1649330465129,15.8519944679183,15.1899414890897,1.02800760269297
2.045,0.809031261341361,1.02800764928752,1.01473075905107,15.1661834686418,15.8519959049048,15.1911559225529,1.02800764928752
2.046,0.809030728008612,1.02800769557144,1.01475268521757,15.1674320913373,15.8519973323115,15.1923686090142,1.02800769557144
2.047,0.809030198231414,1.0280077415468,1.01477457995947,15.1686789172212,15.8519987502022,15.1935795510118,1.0280077415468
2.048,0.809029671986065,1.02800778721565,1.01479644332113,15.1699239489107,15.8520001586403,15.1947887510798,1.02800778721565
2.049,0.809029149249018,1.02800783258005,1.01481827534688,15.1711671890192,15.8520015576889,15.1959962117484,1.02800783258005
2.05,0.809028629996885,1.02800787764202,1.01484007608097,15.1724086401556,15.8520029474106,15.1972019355439,1.02800787764202
2.051,0.809028114206432,1.02800792240357,1.0148618455676,15.1736483049251,15.8520043278676,15.1984059249886,1.02800792240357
2.052,0.809027601854582,1.02800796686671,1.01488358385092,15.1748861859282,15.8520056991215,15.199608182601,1.02800796686671
2.053,0.809027092918412,1.02800801103344,1.01490529097502,15.1761222857619,15.8520070612338,15.2008087108954,1.02800801103344
2.054,0.809026587375149,1.02800805490572,1.01492696698394,15.1773566070185,15.8520084142655,15.2020075123825,1.02800805490572
2.055,0.809026085202175,1.02800809848551,1.01494861192166,15.1785891522867,15.852009758277,15.203204589569,1.02800809848551
2.056,0.80902558637702,1.02800814177478,1.0149702258321,15.1798199241509,15.8520110933284,15.2043999449576,1.02800814177478
2.057,0.809025090877367,1.02800818477545,1.01499180875914,15.1810489251912,15.8520124194796,15.2055935810473,1.02800818477545
2.058,0.809024598681044,1.02800822748944,1.01501336074659,15.182276157984,15.8520137367898,15.206785500333,1.02800822748944
2.059,0.809024109766031,1.02800826991868,1.01503488183821,15.1835016251014,15.852015045318,15.207975705306,1.02800826991868
2.06,0.809023624110451,1.02800831206506,1.0150563720777,15.1847253291117,15.8520163451227,15.2091641984535,1.02800831206506
2.061,0.809023141692574,1.02800835393046,1.01507783150872,15.1859472725788,15.8520176362622,15.2103509822591,1.02800835393046
2.062,0.809022662490817,1.02800839551676,1.01509926017486,15.1871674580628,15.852018918794,15.2115360592023,1.02800839551676
2.063,0.809022186483738,1.02800843682581,1.01512065811966,15.1883858881198,15.8520201927758,15.212719431759,1.02800843682581
2.064,0.80902171365004,1.02800847785947,1.0151420253866,15.1896025653017,15.8520214582643,15.213901102401,1.02800847785947
2.065,0.809021243968567,1.02800851861958,1.0151633620191,15.1908174921567,15.8520227153163,15.2150810735967,1.02800851861958
2.066,0.809020777418303,1.02800855910795,1.01518466806055,15.1920306712287,15.8520239639881,15.2162593478102,1.02800855910795
2.067,0.809020313978374,1.0280085993264,1.01520594355426,15.1932421050578,15.8520252043354,15.2174359275022,1.0280085993264
2.068,0.809019853628045,1.02800863927672,1.01522718854348,15.19445179618,15.8520264364137,15.2186108151296,1.02800863927672
2.069,0.809019396346718,1.02800867896071,1.01524840307143,15.1956597471275,15.8520276602783,15.2197840131451,1.02800867896071
2.07,0.809018942113933,1.02800871838014,1.01526958718126,15.1968659604283,15.8520288759838,15.2209555239981,1.02800871838014
2.071,0.809018490909367,1.02800875753678,1.01529074091607,15.1980704386068,15.8520300835846,15.222125350134,1.02800875753678
2.072,0.809018042712832,1.02800879643237,1.01531186431888,15.1992731841832,15.8520312831348,15.2232934939946,1.02800879643237
2.073,0.809017597504273,1.02800883506865,1.0153329574327,15.2004741996738,15.8520324746881,15.2244599580177,1.02800883506865
2.074,0.809017155263771,1.02800887344736,1.01535402030044,15.201673487591,15.8520336582977,15.2256247446376,1.02800887344736
2.075,0.809016715971539,1.02800891157021,1.01537505296499,15.2028710504433,15.8520348340166,15.2267878562847,1.02800891157021
2.076,0.809016279607922,1.02800894943891,1.01539605546916,15.2040668907354,15.8520360018974,15.2279492953859,1.02800894943891
2.077,0.809015846153396,1.02800898705515,1.01541702785571,15.2052610109679,15.8520371619925,15.2291090643641,1.02800898705515
2.078,0.809015415588567,1.02800902442062,1.01543797016736,15.2064534136377,15.8520383143535,15.2302671656387,1.02800902442062
2.079,0.80901498789417,1.02800906153698,1.01545888244676,15.2076441012378,15.8520394590323,15.2314236016254,1.02800906153698
2.08,0.809014563051068,1.02800909840591,1.01547976473651,15.2088330762571,15.8520405960798,15.232578374736,1.02800909840591
2.081,0.809014141040255,1.02800913502903,1.01550061707915,15.2100203411811,15.8520417255471,15.2337314873788,1.02800913502903
2.082,0.809013721842846,1.02800917140801,1.01552143951716,15.211205898491,15.8520428474847,15.2348829419585,1.02800917140801
2.083,0.809013305440087,1.02800920754446,1.01554223209298,15.2123897506643,15.8520439619427,15.2360327408758,1.02800920754446
2.084,0.809012891813347,1.02800924343999,1.01556299484899,15.2135719001749,15.852045068971,15.2371808865281,1.02800924343999
2.085,0.809012480944118,1.02800927909623,1.01558372782751,15.2147523494926,15.8520461686192,15.238327381309,1.02800927909623
2.086,0.809012072814017,1.02800931451475,1.01560443107081,15.2159311010834,15.8520472609364,15.2394722276084,1.02800931451475
2.087,0.809011667404784,1.02800934969716,1.01562510462109,15.2171081574096,15.8520483459716,15.2406154278126,1.02800934969716
2.088,0.809011264698279,1.02800938464501,1.01564574852052,15.2182835209298,15.8520494237732,15.2417569843043,1.02800938464501
2.089,0.809010864676483,1.02800941935988,1.01566636281119,15.2194571940985,15.8520504943895,15.2428968994626,1.02800941935988
2.09,0.8090104673215,1.02800945384331,1.01568694753515,15.2206291793667,15.8520515578684,15.2440351756629,1.02800945384331
2.091,0.80901007261555,1.02800948809686,1.0157075027344,15.2217994791815,15.8520526142575,15.245171815277,1.02800948809686
2.092,0.809009680540973,1.02800952212205,1.01572802845087,15.2229680959863,15.852053663604,15.2463068206732,1.02800952212205
2.093,0.809009291080227,1.0280095559204,1.01574852472645,15.2241350322207,15.8520547059549,15.247440194216,1.0280095559204
2.094,0.809008904215885,1.02800958949343,1.01576899160295,15.2253002903204,15.8520557413569,15.2485719382667,1.02800958949343
2.095,0.809008519930639,1.02800962284265,1.01578942912215,15.2264638727177,15.8520567698562,15.2497020551825,1.02800962284265
2.096,0.809008138207295,1.02800965596953,1.01580983732576,15.227625781841,15.8520577914988,15.2508305473174,1.02800965596953
2.097,0.809007759028773,1.02800968887557,1.01583021625545,15.2287860201148,15.8520588063306,15.2519574170218,1.02800968887557
2.098,0.809007382378108,1.02800972156223,1.01585056595283,15.2299445899601,15.8520598143968,15.2530826666424,1.02800972156223
2.099,0.809007008238447,1.02800975403098,1.01587088645944,15.2311014937943,15.8520608157426,15.2542062985224,1.02800975403098
2.1,0.809006636593051,1.02800978628328,1.01589117781678,15.2322567340307,15.8520618104129,15.2553283150016,1.02800978628328
2.101,0.809006267425291,1.02800981832056,1.0159114400663,15.2334103130792,15.852062798452,15.256448718416,1.02800981832056
2.102,0.809005900718649,1.02800985014425,1.01593167324938,15.234562233346,15.8520637799042,15.2575675110983,1.02800985014425
2.103,0.809005536456718,1.02800988175579,1.01595187740735,15.2357124972337,15.8520647548134,15.2586846953775,1.02800988175579
2.104,0.8090051746232,1.02800991315659,1.01597205258149,15.2368611071409,15.8520657232233,15.2598002735793,1.02800991315659
2.105,0.809004815201905,1.02800994434805,1.01599219881303,15.2380080654628,15.8520666851771,15.2609142480256,1.02800994434805
2.106,0.809004458176752,1.02800997533156,1.01601231614313,15.2391533745909,15.852067640718,15.2620266210352,1.02800997533156
2.107,0.809004103531767,1.02801000610852,1.01603240461291,15.2402970369131,15.8520685898885,15.2631373949229,1.02801000610852
2.108,0.809003751251082,1.0280100366803,1.01605246426341,15.2414390548136,15.8520695327314,15.2642465720005,1.0280100366803
2.109,0.809003401318935,1.02801006704826,1.01607249513566,15.242579430673,15.8520704692886,15.2653541545759,1.02801006704826
2.11,0.809003053719669,1.02801009721377,1.0160924972706,15.2437181668681,15.8520713996021,15.2664601449539,1.02801009721377
2.111,0.809002708437731,1.02801012717818,1.01611247070912,15.2448552657724,15.8520723237136,15.2675645454355,1.02801012717818
2.112,0.809002365457673,1.02801015694283,1.01613241549206,15.2459907297556,15.8520732416643,15.2686673583186,1.02801015694283
2.113,0.809002024764148,1.02801018650905,1.01615233166021,15.2471245611837,15.8520741534955,15.2697685858972,1.02801018650905
2.114,0.809001686341914,1.02801021587815,1.01617221925431,15.2482567624194,15.8520750592477,15.2708682304622,1.02801021587815
2.115,0.809001350175828,1.02801024505147,1.01619207831502,15.2493873358215,15.8520759589616,15.271966294301,1.02801024505147
2.116,0.809001016250849,1.02801027403029,1.01621190888297,15.2505162837455,15.8520768526775,15.2730627796974,1.02801027403029
2.117,0.809000684552037,1.02801030281592,1.01623171099874,15.2516436085431,15.8520777404353,15.274157688932,1.02801030281592
2.118,0.80900035506455,1.02801033140965,1.01625148470283,15.2527693125625,15.8520786222747,15.2752510242817,1.02801033140965
2.119,0.809000027773646,1.02801035981276,1.0162712300357,15.2538933981485,15.8520794982353,15.2763427880204,1.02801035981276
2.12,0.808999702664682,1.0280103880265,1.01629094703776,15.2550158676421,15.8520803683561,15.2774329824181,1.0280103880265
2.121,0.808999379723111,1.02801041605216,1.01631063574936,15.2561367233809,15.8520812326761,15.2785216097418,1.02801041605216
2.122,0.808999058934483,1.02801044389098,1.0163302962108,15.2572559676989,15.852082091234,15.2796086722549,1.02801044389098
2.123,0.808998740284447,1.02801047154421,1.01634992846232,15.2583736029267,15.8520829440683,15.2806941722174,1.02801047154421
2.124,0.808998423758744,1.02801049901308,1.01636953254411,15.2594896313913,15.8520837912169,15.281778111886,1.02801049901308
2.125,0.808998109343212,1.02801052629883,1.01638910849631,15.260604055416,15.852084632718,15.282860493514,1.02801052629883
2.126,0.808997797023784,1.02801055340267,1.01640865635899,15.2617168773209,15.852085468609,15.2839413193513,1.02801055340267
2.127,0.808997486786486,1.02801058032582,1.01642817617219,15.2628280994224,15.8520862989275,15.2850205916446,1.02801058032582
2.128,0.808997178617436,1.02801060706948,1.01644766797586,15.2639377240335,15.8520871237106,15.2860983126369,1.02801060706948
2.129,0.808996872502846,1.02801063363486,1.01646713180995,15.2650457534637,15.8520879429951,15.2871744845681,1.02801063363486
2.13,0.80899656842902,1.02801066002312,1.0164865677143,15.2661521900189,15.8520887568177,15.2882491096749,1.02801066002312
2.131,0.808996266382354,1.02801068623547,1.01650597572873,15.2672570360017,15.8520895652149,15.2893221901902,1.02801068623547
2.132,0.808995966349331,1.02801071227307,1.016525355893,15.2683602937111,15.8520903682228,15.290393728344,1.02801071227307
2.133,0.808995668316529,1.02801073813708,1.01654470824681,15.2694619654428,15.8520911658773,15.2914637263627,1.02801073813708
2.134,0.808995372270612,1.02801076382867,1.01656403282981,15.2705620534888,15.8520919582141,15.2925321864696,1.02801076382867
2.135,0.808995078198335,1.02801078934898,1.0165833296816,15.2716605601378,15.8520927452687,15.2935991108845,1.02801078934898
2.136,0.808994786086539,1.02801081469916,1.01660259884172,15.2727574876752,15.8520935270763,15.2946645018241,1.02801081469916
2.137,0.808994495922156,1.02801083988033,1.01662184034966,15.2738528383826,15.8520943036719,15.2957283615014,1.02801083988033
2.138,0.808994207692201,1.02801086489363,1.01664105424485,15.2749466145385,15.8520950750902,15.2967906921266,1.02801086489363
2.139,0.80899392138378,1.02801088974017,1.01666024056668,15.2760388184179,15.8520958413657,15.2978514959063,1.02801088974017
2.14,0.808993636984081,1.02801091442107,1.01667939935447,15.2771294522924,15.8520966025327,15.2989107750439,1.02801091442107
2.141,0.808993354480381,1.02801093893743,1.01669853064751,15.2782185184299,15.8520973586253,15.2999685317395,1.02801093893743
2.142,0.808993073860038,1.02801096329035,1.016717634485,15.2793060190954,15.8520981096773,15.30102476819,1.02801096329035
2.143,0.808992795110498,1.02801098748092,1.01673671090613,15.2803919565501,15.8520988557223,15.3020794865889,1.02801098748092
2.144,0.808992518219288,1.02801101151021,1.01675575995,15.2814763330521,15.8520995967937,15.3031326891265,1.02801101151021
2.145,0.80899224317402,1.02801103537931,1.01677478165567,15.2825591508558,15.8521003329246,15.30418437799,1.02801103537931
2.146,0.808991969962386,1.02801105908928,1.01679377606216,15.2836404122125,15.852101064148,15.3052345553631,1.02801105908928
2.147,0.808991698572164,1.02801108264119,1.01681274320842,15.28472011937,15.8521017904966,15.3062832234264,1.02801108264119
2.148,0.808991428991209,1.02801110603608,1.01683168313335,15.2857982745729,15.8521025120029,15.3073303843573,1.02801110603608
2.149,0.808991161207461,1.02801112927501,1.0168505958758,15.2868748800621,15.8521032286992,15.3083760403298,1.02801112927501
2.15,0.808990895208938,1.02801115235901,1.01686948147457,15.2879499380755,15.8521039406175,15.3094201935148,1.02801115235901
2.151,0.808990630983738,1.02801117528912,1.0168883399684,15.2890234508474,15.8521046477897,15.31046284608,1.02801117528912
2.152,0.80899036852004,1.02801119806636,1.01690717139599,15.2900954206091,15.8521053502474,15.3115040001898,1.02801119806636
2.153,0.8089901078061,1.02801122069175,1.01692597579596,15.2911658495881,15.8521060480221,15.3125436580055,1.02801122069175
2.154,0.808989848830253,1.02801124316631,1.0169447532069,15.292234740009,15.852106741145,15.3135818216851,1.02801124316631
2.155,0.808989591580911,1.02801126549103,1.01696350366734,15.2933020940928,15.8521074296471,15.3146184933835,1.02801126549103
2.156,0.808989336046565,1.02801128766693,1.01698222721577,15.2943679140573,15.8521081135592,15.3156536752522,1.02801128766693
2.157,0.808989082215781,1.02801130969498,1.01700092389061,15.2954322021171,15.8521087929118,15.3166873694399,1.02801130969498
2.158,0.808988830077203,1.02801133157618,1.01701959373023,15.2964949604832,15.8521094677355,15.3177195780916,1.02801133157618
2.159,0.808988579619548,1.02801135331151,1.01703823677295,15.2975561913636,15.8521101380604,15.3187503033496,1.02801135331151
2.16,0.808988330831611,1.02801137490193,1.01705685305705,15.2986158969629,15.8521108039164,15.3197795473528,1.02801137490193
2.161,0.80898808370226,1.02801139634842,1.01707544262073,15.2996740794824,15.8521114653335,15.320807312237,1.02801139634842
2.162,0.808987838220439,1.02801141765193,1.01709400550216,15.3007307411201,15.852112122341,15.3218336001347,1.02801141765193
2.163,0.808987594375162,1.02801143881342,1.01711254173945,15.3017858840709,15.8521127749686,15.3228584131756,1.02801143881342
2.164,0.808987352155521,1.02801145983383,1.01713105137067,15.3028395105261,15.8521134232453,15.3238817534858,1.02801145983383
2.165,0.808987111550678,1.02801148071411,1.01714953443381,15.3038916226741,15.8521140672002,15.3249036231886,1.02801148071411
2.166,0.808986872549867,1.02801150145518,1.01716799096683,15.3049422226998,15.8521147068621,15.325924024404,1.02801150145518
2.167,0.808986635142394,1.02801152205798,1.01718642100763,15.305991312785,15.8521153422595,15.3269429592489,1.02801152205798
2.168,0.808986399317638,1.02801154252343,1.01720482459407,15.3070388951082,15.852115973421,15.3279604298371,1.02801154252343
2.169,0.808986165065048,1.02801156285244,1.01722320176393,15.3080849718447,15.8521166003748,15.3289764382794,1.02801156285244
2.17,0.808985932374141,1.02801158304593,1.01724155255497,15.3091295451664,15.8521172231489,15.3299909866831,1.02801158304593
2.171,0.808985701234506,1.02801160310479,1.01725987700488,15.3101726172422,15.8521178417711,15.3310040771529,1.02801160310479
2.172,0.808985471635803,1.02801162302992,1.01727817515129,15.3112141902378,15.8521184562693,15.3320157117901,1.02801162302992
2.173,0.808985243567758,1.02801164282222,1.0172964470318,15.3122542663154,15.8521190666707,15.3330258926928,1.02801164282222
2.174,0.808985017020166,1.02801166248258,1.01731469268395,15.3132928476342,15.8521196730029,15.3340346219563,1.02801166248258
2.175,0.808984791982892,1.02801168201186,1.01733291214522,15.3143299363504,15.8521202752929,15.3350419016726,1.02801168201186
2.176,0.808984568445866,1.02801170141095,1.01735110545305,15.3153655346165,15.8521208735676,15.3360477339308,1.02801170141095
2.177,0.808984346399087,1.02801172068071,1.01736927264481,15.3163996445822,15.8521214678538,15.3370521208166,1.02801172068071
2.178,0.808984125832619,1.02801173982201,1.01738741375784,15.3174322683939,15.8521220581781,15.3380550644131,1.02801173982201
2.179,0.808983906736595,1.0280117588357,1.01740552882942,15.3184634081949,15.8521226445669,15.3390565667999,1.0280117588357
2.18,0.808983689101211,1.02801177772263,1.01742361789678,15.3194930661251,15.8521232270465,15.3400566300537,1.02801177772263
2.181,0.80898347291673,1.02801179648364,1.01744168099708,15.3205212443215,15.8521238056429,15.3410552562483,1.02801179648364
2.182,0.808983258173478,1.02801181511959,1.01745971816746,15.3215479449179,15.852124380382,15.3420524474542,1.02801181511959
2.183,0.808983044861849,1.02801183363129,1.01747772944499,15.3225731700447,15.8521249512895,15.343048205739,1.02801183363129
2.184,0.808982832972296,1.02801185201958,1.01749571486669,15.3235969218294,15.852125518391,15.3440425331672,1.02801185201958
2.185,0.808982622495341,1.02801187028529,1.01751367446953,15.3246192023963,15.8521260817118,15.3450354318004,1.02801187028529
2.186,0.808982413421565,1.02801188842922,1.01753160829043,15.3256400138665,15.8521266412771,15.3460269036968,1.02801188842922
2.187,0.808982205741615,1.02801190645219,1.01754951636625,15.326659358358,15.852127197112,15.3470169509121,1.02801190645219
2.188,0.808981999446197,1.02801192435501,1.01756739873382,15.3276772379857,15.8521277492414,15.3480055754986,1.02801192435501
2.189,0.808981794526083,1.02801194213848,1.0175852554299,15.3286936548614,15.8521282976899,15.3489927795057,1.02801194213848
2.19,0.808981590972102,1.02801195980339,1.01760308649121,15.3297086110936,15.8521288424821,15.3499785649798,1.02801195980339
2.191,0.808981388775148,1.02801197735054,1.0176208919544,15.3307221087879,15.8521293836424,15.3509629339643,1.02801197735054
2.192,0.808981187926174,1.0280119947807,1.01763867185609,15.3317341500467,15.8521299211949,15.3519458884996,1.0280119947807
2.193,0.808980988416193,1.02801201209466,1.01765642623285,15.3327447369694,15.8521304551638,15.3529274306231,1.02801201209466
2.194,0.808980790236278,1.0280120292932,1.01767415512118,15.3337538716521,15.8521309855728,15.3539075623691,1.0280120292932
2.195,0.808980593377563,1.02801204637708,1.01769185855755,15.3347615561879,15.8521315124459,15.3548862857691,1.02801204637708
2.196,0.808980397831239,1.02801206334707,1.01770953657836,15.335767792667,15.8521320358064,15.3558636028515,1.02801206334707
2.197,0.808980203588558,1.02801208020392,1.01772718921997,15.3367725831762,15.8521325556779,15.3568395156419,1.02801208020392
2.198,0.808980010640827,1.0280120969484,1.01774481651869,15.3377759297995,15.8521330720836,15.3578140261626,1.0280120969484
2.199,0.808979818979415,1.02801211358124,1.01776241851079,15.3387778346176,15.8521335850465,15.3587871364333,1.02801211358124
2.2,0.808979628595746,1.0280121301032,1.01777999523246,15.3397782997084,15.8521340945898,15.3597588484704,1.0280121301032
2.201,0.808979439481301,1.02801214651501,1.01779754671986,15.3407773271465,15.8521346007361,15.3607291642877,1.02801214651501
2.202,0.808979251627619,1.02801216281741,1.0178150730091,15.3417749190036,15.8521351035081,15.3616980858957,1.02801216281741
2.203,0.808979065026295,1.02801217901113,1.01783257413624,15.3427710773482,15.8521356029283,15.3626656153023,1.02801217901113
2.204,0.80897887966898,1.02801219509689,1.01785005013729,15.3437658042459,15.852136099019,15.3636317545121,1.02801219509689
2.205,0.80897869554738,1.02801221107541,1.01786750104819,15.3447591017592,15.8521365918024,15.3645965055271,1.02801221107541
2.206,0.808978512653257,1.02801222694741,1.01788492690485,15.3457509719476,15.8521370813007,15.3655598703461,1.02801222694741
2.207,0.808978330978429,1.0280122427136,1.01790232774313,15.3467414168675,15.8521375675356,15.3665218509651,1.0280122427136
2.208,0.808978150514766,1.02801225837468,1.01791970359884,15.3477304385724,15.852138050529,15.3674824493773,1.02801225837468
2.209,0.808977971254194,1.02801227393135,1.01793705450773,15.3487180391126,15.8521385303024,15.3684416675727,1.02801227393135
2.21,0.808977793188693,1.0280122893843,1.0179543805055,15.3497042205356,15.8521390068774,15.3693995075386,1.0280122893843
2.211,0.808977616310295,1.02801230473424,1.01797168162781,15.3506889848858,15.8521394802751,15.3703559712594,1.02801230473424
2.212,0.808977440611086,1.02801231998185,1.01798895791027,15.3516723342045,15.852139950517,15.3713110607164,1.02801231998185
2.213,0.808977266083206,1.0280123351278,1.01800620938843,15.3526542705301,15.8521404176238,15.3722647778883,1.0280123351278
2.214,0.808977092718845,1.02801235017279,1.0180234360978,15.353634795898,15.8521408816166,15.3732171247506,1.02801235017279
2.215,0.808976920510246,1.02801236511747,1.01804063807384,15.3546139123406,15.8521413425162,15.3741681032761,1.02801236511747
2.216,0.808976749449704,1.02801237996252,1.01805781535195,15.3555916218874,15.8521418003431,15.3751177154347,1.02801237996252
2.217,0.808976579529566,1.02801239470861,1.01807496796749,15.3565679265647,15.8521422551178,15.3760659631934,1.02801239470861
2.218,0.808976410742229,1.02801240935638,1.01809209595577,15.3575428283962,15.8521427068607,15.3770128485164,1.02801240935638
2.219,0.808976243080141,1.02801242390651,1.01810919935204,15.3585163294022,15.852143155592,15.3779583733647,1.02801242390651
2.22,0.8089760765358,1.02801243835963,1.01812627819153,15.3594884316003,15.8521436013317,15.378902539697,1.02801243835963
2.221,0.808975911101754,1.0280124527164,1.01814333250937,15.3604591370052,15.8521440440999,15.3798453494686,1.0280124527164
2.222,0.808975746770603,1.02801246697746,1.0181603623407,15.3614284476283,15.8521444839163,15.3807868046323,1.02801246697746
2.223,0.808975583534992,1.02801248114345,1.01817736772056,15.3623963654785,15.8521449208005,15.3817269071378,1.02801248114345
2.224,0.808975421387619,1.02801249521499,1.01819434868397,15.3633628925615,15.8521453547722,15.3826656589323,1.02801249521499
2.225,0.808975260321228,1.02801250919272,1.0182113052659,15.36432803088,15.8521457858508,15.3836030619597,1.02801250919272
2.226,0.808975100328613,1.02801252307727,1.01822823750125,15.365291782434,15.8521462140555,15.3845391181614,1.02801252307727
2.227,0.808974941402616,1.02801253686926,1.0182451454249,15.3662541492204,15.8521466394056,15.3854738294759,1.02801253686926
2.228,0.808974783536125,1.0280125505693,1.01826202907166,15.3672151332332,15.8521470619199,15.3864071978389,1.0280125505693
2.229,0.808974626722078,1.028012564178,1.01827888847629,15.3681747364634,15.8521474816176,15.387339225183,1.028012564178
2.23,0.808974470953457,1.02801257769599,1.01829572367353,15.3691329608994,15.8521478985172,15.3882699134384,1.02801257769599
2.231,0.808974316223294,1.02801259112385,1.01831253469802,15.3700898085264,15.8521483126375,15.3891992645322,1.02801259112385
2.232,0.808974162524665,1.02801260446219,1.0183293215844,15.3710452813267,15.852148723997,15.3901272803888,1.02801260446219
2.233,0.808974009850694,1.02801261771161,1.01834608436725,15.3719993812798,15.8521491326141,15.3910539629298,1.02801261771161
2.234,0.80897385819455,1.0280126308727,1.01836282308107,15.3729521103623,15.8521495385071,15.3919793140739,1.0280126308727
2.235,0.808973707549446,1.02801264394605,1.01837953776036,15.3739034705479,15.8521499416942,15.3929033357372,1.02801264394605
2.236,0.808973557908643,1.02801265693224,1.01839622843953,15.3748534638073,15.8521503421934,15.3938260298327,1.02801265693224
2.237,0.808973409265445,1.02801266983186,1.01841289515297,15.3758020921086,15.8521507400225,15.394747398271,1.02801266983186
2.238,0.808973261613202,1.02801268264548,1.018429537935,15.3767493574167,15.8521511351995,15.3956674429595,1.02801268264548
2.239,0.808973114945308,1.02801269537368,1.01844615681991,15.3776952616939,15.852151527742,15.3965861658032,1.02801269537368
2.24,0.808972969255199,1.02801270801703,1.01846275184193,15.3786398068993,15.8521519176675,15.3975035687042,1.02801270801703
2.241,0.808972824536358,1.02801272057608,1.01847932303524,15.3795829949896,15.8521523049935,15.3984196535616,1.02801272057608
2.242,0.808972680782309,1.02801273305141,1.01849587043399,15.3805248279182,15.8521526897374,15.399334422272,1.02801273305141
2.243,0.80897253798662,1.02801274544357,1.01851239407227,15.3814653076359,15.8521530719163,15.4002478767293,1.02801274544357
2.244,0.808972396142903,1.02801275775311,1.01852889398411,15.3824044360905,15.8521534515473,15.4011600188244,1.02801275775311
2.245,0.80897225524481,1.02801276998059,1.01854537020351,15.3833422152272,15.8521538286475,15.4020708504455,1.02801276998059
2.246,0.808972115286038,1.02801278212655,1.01856182276442,15.3842786469881,15.8521542032337,15.4029803734783,1.02801278212655
2.247,0.808971976260324,1.02801279419154,1.01857825170073,15.3852137333126,15.8521545753226,15.4038885898054,1.02801279419154
2.248,0.808971838161449,1.0280128061761,1.01859465704629,15.3861474761373,15.852154944931,15.4047955013068,1.0280128061761
2.249,0.808971700983232,1.02801281808076,1.0186110388349,15.3870798773958,15.8521553120753,15.40570110986,1.02801281808076
2.25,0.808971564719538,1.02801282990606,1.01862739710033,15.388010939019,15.8521556767719,15.4066054173394,1.02801282990606
2.251,0.808971429364267,1.02801284165252,1.01864373187628,15.388940662935,15.8521560390373,15.4075084256169,1.02801284165252
2.252,0.808971294911366,1.02801285332067,1.0186600431964,15.3898690510691,15.8521563988876,15.4084101365615,1.02801285332067
2.253,0.808971161354817,1.02801286491103,1.01867633109431,15.3907961053437,15.8521567563389,15.4093105520398,1.02801286491103
2.254,0.808971028688644,1.02801287642413,1.01869259560358,15.3917218276785,15.8521571114071,15.4102096739154,1.02801287642413
2.255,0.808970896906913,1.02801288786047,1.01870883675772,15.3926462199904,15.8521574641083,15.4111075040492,1.02801288786047
2.256,0.808970766003727,1.02801289922057,1.0187250545902,15.3935692841933,15.8521578144581,15.4120040442995,1.02801289922057
2.257,0.808970635973229,1.02801291050493,1.01874124913444,15.3944910221986,15.8521581624723,15.412899296522,1.02801291050493
2.258,0.808970506809601,1.02801292171406,1.01875742042383,15.3954114359148,15.8521585081663,15.4137932625694,1.02801292171406
2.259,0.808970378507064,1.02801293284847,1.01877356849169,15.3963305272475,15.8521588515558,15.414685944292,1.02801293284847
2.26,0.808970251059877,1.02801294390865,1.0187896933713,15.3972482980997,15.8521591926559,15.4155773435373,1.02801294390865
2.261,0.808970124462338,1.02801295489509,1.01880579509589,15.3981647503716,15.8521595314821,15.41646746215,1.02801295489509
2.262,0.808969998708782,1.02801296580829,1.01882187369866,15.3990798859605,15.8521598680495,15.4173563019724,1.02801296580829
2.263,0.808969873793584,1.02801297664874,1.01883792921274,15.3999937067611,15.852160202373,15.4182438648438,1.02801297664874
2.264,0.808969749711153,1.02801298741692,1.01885396167124,15.4009062146653,15.8521605344678,15.4191301526011,1.02801298741692
2.265,0.808969626455939,1.0280129981133,1.01886997110718,15.4018174115621,15.8521608643486,15.4200151670783,1.0280129981133
2.266,0.808969504022426,1.02801300873838,1.01888595755359,15.4027272993379,15.8521611920302,15.420898910107,1.02801300873838
2.267,0.808969382405136,1.02801301929263,1.01890192104341,15.4036358798763,15.8521615175272,15.4217813835159,1.02801301929263
2.268,0.808969261598629,1.02801302977651,1.01891786160954,15.4045431550583,15.8521618408543,15.4226625891312,1.02801302977651
2.269,0.808969141597498,1.0280130401905,1.01893377928485,15.4054491267619,15.8521621620258,15.4235425287763,1.0280130401905
2.27,0.808969022396375,1.02801305053507,1.01894967410216,15.4063537968627,15.8521624810562,15.4244212042722,1.02801305053507
2.271,0.808968903989925,1.02801306081067,1.01896554609422,15.4072571672331,15.8521627979598,15.425298617437,1.02801306081067
2.272,0.808968786372853,1.02801307101777,1.01898139529377,15.4081592397433,15.8521631127506,15.4261747700862,1.02801307101777
2.273,0.808968669539894,1.02801308115681,1.01899722173348,15.4090600162605,15.8521634254429,15.4270496640329,1.02801308115681
2.274,0.808968553485821,1.02801309122827,1.01901302544597,15.4099594986491,15.8521637360506,15.4279233010873,1.02801309122827
2.275,0.808968438205442,1.02801310123258,1.01902880646383,15.410857688771,15.8521640445875,15.4287956830571,1.02801310123258
2.276,0.808968323693599,1.0280131111702,1.0190445648196,15.4117545884853,15.8521643510675,15.4296668117473,1.0280131111702
2.277,0.808968209945169,1.02801312104157,1.01906030054577,15.4126501996484,15.8521646555043,15.4305366889605,1.02801312104157
2.278,0.808968096955061,1.02801313084712,1.01907601367478,15.413544524114,15.8521649579116,15.4314053164963,1.02801313084712
2.279,0.80896798471822,1.02801314058731,1.01909170423903,15.4144375637331,15.8521652583028,15.4322726961521,1.02801314058731
2.28,0.808967873229626,1.02801315026256,1.01910737227087,15.4153293203541,15.8521655566914,15.4331388297225,1.02801315026256
2.281,0.808967762484288,1.02801315987331,1.01912301780261,15.4162197958225,15.8521658530907,15.4340037189993,1.02801315987331
2.282,0.808967652477253,1.02801316941999,1.01913864086652,15.4171089919813,15.8521661475141,15.4348673657721,1.02801316941999
2.283,0.808967543203598,1.02801317890303,1.0191542414948,15.4179969106709,15.8521664399746,15.4357297718277,1.02801317890303
2.284,0.808967434658434,1.02801318832284,1.01916981971963,15.4188835537287,15.8521667304854,15.4365909389503,1.02801318832284
2.285,0.808967326836904,1.02801319767986,1.01918537557313,15.4197689229898,15.8521670190595,15.4374508689215,1.02801319767986
2.286,0.808967219734185,1.02801320697449,1.01920090908738,15.4206530202864,15.8521673057097,15.4383095635204,1.02801320697449
2.287,0.808967113345484,1.02801321620716,1.01921642029442,15.4215358474481,15.8521675904489,15.4391670245235,1.02801321620716
2.288,0.808967007666041,1.02801322537828,1.01923190922623,15.4224174063019,15.8521678732899,15.4400232537046,1.02801322537828
2.289,0.808966902691127,1.02801323448826,1.01924737591475,15.423297698672,15.8521681542453,15.4408782528352,1.02801323448826
2.29,0.808966798416046,1.02801324353751,1.01926282039188,15.4241767263802,15.8521684333276,15.4417320236839,1.02801324353751
2.291,0.808966694836133,1.02801325252643,1.01927824268948,15.4250544912453,15.8521687105494,15.4425845680171,1.02801325252643
2.292,0.808966591946752,1.02801326145542,1.01929364283935,15.4259309950839,15.8521689859231,15.4434358875982,1.02801326145542
2.293,0.8089664897433,1.02801327032488,1.01930902087325,15.4268062397097,15.8521692594609,15.4442859841886,1.02801327032488
2.294,0.808966388221205,1.02801327913522,1.0193243768229,15.4276802269336,15.8521695311751,15.4451348595465,1.02801327913522
2.295,0.808966287375923,1.02801328788682,1.01933971071997,15.4285529585642,15.852169801078,15.4459825154282,1.02801328788682
2.296,0.808966187202944,1.02801329658007,1.01935502259609,15.4294244364074,15.8521700691814,15.446828953587,1.02801329658007
2.297,0.808966087697784,1.02801330521537,1.01937031248283,15.4302946622664,15.8521703354976,15.4476741757739,1.02801330521537
2.298,0.808965988855992,1.02801331379311,1.01938558041175,15.4311636379418,15.8521706000382,15.4485181837372,1.02801331379311
2.299,0.808965890673146,1.02801332231365,1.01940082641432,15.4320313652316,15.8521708628153,15.4493609792228,1.02801332231365
2.3,0.808965793144852,1.0280133307774,1.019416050522,15.4328978459311,15.8521711238405,15.450202563974,1.0280133307774
2.301,0.808965696266746,1.02801333918471,1.01943125276618,15.4337630818333,15.8521713831256,15.4510429397316,1.02801333918471
2.302,0.808965600034494,1.02801334753598,1.01944643317824,15.4346270747282,15.8521716406821,15.451882108234,1.02801334753598
2.303,0.808965504443791,1.02801335583158,1.01946159178947,15.4354898264035,15.8521718965216,15.4527200712168,1.02801335583158
2.304,0.808965409490359,1.02801336407187,1.01947672863116,15.4363513386441,15.8521721506554,15.4535568304133,1.02801336407187
2.305,0.80896531516995,1.02801337225722,1.01949184373452,15.4372116132326,15.8521724030951,15.4543923875542,1.02801337225722
2.306,0.808965221478344,1.02801338038801,1.01950693713074,15.4380706519487,15.8521726538518,15.4552267443679,1.02801338038801
2.307,0.808965128411348,1.02801338846459,1.01952200885095,15.4389284565696,15.8521729029368,15.4560599025801,1.02801338846459
2.308,0.808965035964799,1.02801339648733,1.01953705892624,15.4397850288702,15.8521731503612,15.4568918639139,1.02801339648733
2.309,0.808964944134561,1.02801340445658,1.01955208738767,15.4406403706224,15.8521733961362,15.4577226300902,1.02801340445658
2.31,0.808964852916524,1.02801341237271,1.01956709426623,15.4414944835957,15.8521736402726,15.4585522028272,1.02801341237271
2.311,0.808964762306607,1.02801342023605,1.01958207959289,15.4423473695573,15.8521738827815,15.4593805838407,1.02801342023605
2.312,0.808964672300756,1.02801342804698,1.01959704339856,15.4431990302715,15.8521741236736,15.4602077748439,1.02801342804698
2.313,0.808964582894944,1.02801343580584,1.01961198571411,15.4440494675001,15.8521743629598,15.4610337775478,1.02801343580584
2.314,0.808964494085171,1.02801344351297,1.01962690657036,15.4448986830025,15.8521746006508,15.4618585936607,1.02801344351297
2.315,0.808964405867464,1.02801345116871,1.01964180599812,15.4457466785354,15.8521748367571,15.4626822248883,1.02801345116871
2.316,0.808964318237874,1.02801345877342,1.01965668402811,15.446593455853,15.8521750712895,15.4635046729342,1.02801345877342
2.317,0.808964231192482,1.02801346632744,1.01967154069102,15.4474390167071,15.8521753042582,15.4643259394993,1.02801346632744
2.318,0.808964144727392,1.02801347383109,1.01968637601753,15.4482833628467,15.8521755356739,15.465146026282,1.02801347383109
2.319,0.808964058838736,1.02801348128471,1.01970119003822,15.4491264960185,15.8521757655468,15.4659649349785,1.02801348128471
2.32,0.808963973522671,1.02801348868865,1.01971598278367,15.4499684179665,15.8521759938871,15.4667826672822,1.02801348868865
2.321,0.80896388877538,1.02801349604323,1.0197307542844,15.4508091304323,15.8521762207053,15.4675992248843,1.02801349604323
2.322,0.80896380459307,1.02801350334877,1.0197455045709,15.4516486351549,15.8521764460113,15.4684146094735,1.02801350334877
2.323,0.808963720971977,1.02801351060562,1.01976023367358,15.4524869338708,15.8521766698152,15.4692288227361,1.02801351060562
2.324,0.808963637908357,1.02801351781408,1.01977494162285,15.4533240283141,15.8521768921272,15.4700418663558,1.02801351781408
2.325,0.808963555398494,1.02801352497449,1.01978962844906,15.4541599202162,15.852177112957,15.4708537420141,1.02801352497449
2.326,0.808963473438698,1.02801353208716,1.0198042941825,15.4549946113061,15.8521773323147,15.4716644513898,1.02801353208716
2.327,0.8089633920253,1.02801353915241,1.01981893885345,15.4558281033102,15.85217755021,15.4724739961595,1.02801353915241
2.328,0.808963311154658,1.02801354617056,1.01983356249213,15.4566603979527,15.8521777666526,15.4732823779973,1.02801354617056
2.329,0.808963230823154,1.02801355314193,1.01984816512869,15.4574914969549,15.8521779816523,15.4740895985749,1.02801355314193
2.33,0.808963151027193,1.02801356006681,1.0198627467933,15.4583214020359,15.8521781952187,15.4748956595615,1.02801356006681
2.331,0.808963071763205,1.02801356694554,1.01987730751602,15.4591501149122,15.8521784073613,15.475700562624,1.02801356694554
2.332,0.808962993027643,1.0280135737784,1.01989184732691,15.4599776372978,15.8521786180896,15.4765043094269,1.0280135737784
2.333,0.808962914816986,1.02801358056571,1.01990636625598,15.4608039709043,15.8521788274131,15.4773069016321,1.02801358056571
2.334,0.808962837127732,1.02801358730778,1.01992086433318,15.4616291174406,15.852179035341,15.4781083408993,1.02801358730778
2.335,0.808962759956408,1.02801359400489,1.01993534158844,15.4624530786136,15.8521792418828,15.4789086288858,1.02801359400489
2.336,0.808962683299558,1.02801360065736,1.01994979805163,15.4632758561272,15.8521794470477,15.4797077672464,1.02801360065736
2.337,0.808962607153755,1.02801360726548,1.01996423375259,15.4640974516831,15.8521796508447,15.4805057576336,1.02801360726548
2.338,0.80896253151559,1.02801361382954,1.01997864872111,15.4649178669807,15.8521798532832,15.4813026016974,1.02801361382954
2.339,0.808962456381679,1.02801362034985,1.01999304298693,15.4657371037165,15.852180054372,15.4820983010855,1.02801362034985
2.34,0.808962381748661,1.02801362682668,1.02000741657977,15.466555163585,15.8521802541203,15.4828928574433,1.02801362682668
2.341,0.808962307613197,1.02801363326034,1.02002176952929,15.4673720482779,15.8521804525369,15.4836862724137,1.02801363326034
2.342,0.808962233971969,1.02801363965111,1.02003610186511,15.4681877594847,15.8521806496307,15.4844785476372,1.02801363965111
2.343,0.808962160821682,1.02801364599927,1.02005041361681,15.4690022988923,15.8521808454106,15.485269684752,1.02801364599927
2.344,0.808962088159064,1.02801365230511,1.02006470481392,15.4698156681853,15.8521810398852,15.486059685394,1.02801365230511
2.345,0.808962015980864,1.02801365856891,1.02007897548595,15.4706278690457,15.8521812330634,15.4868485511966,1.02801365856891
2.346,0.808961944283851,1.02801366479095,1.02009322566235,15.4714389031533,15.8521814249537,15.487636283791,1.02801366479095
2.347,0.808961873064819,1.02801367097151,1.02010745537253,15.4722487721851,15.8521816155648,15.4884228848059,1.02801367097151
2.348,0.80896180232058,1.02801367711087,1.02012166464586,15.4730574778162,15.8521818049051,15.4892083558678,1.02801367711087
2.349,0.80896173204797,1.0280136832093,1.02013585351167,15.4738650217188,15.8521819929831,15.4899926986005,1.0280136832093
2.35,0.808961662243843,1.02801368926707,1.02015002199923,15.4746714055628,15.8521821798073,15.490775914626,1.02801368926707
2.351,0.808961592905078,1.02801369528445,1.02016417013781,15.475476631016,15.852182365386,15.4915580055635,1.02801369528445
2.352,0.808961524028571,1.02801370126173,1.02017829795659,15.4762806997434,15.8521825497275,15.4923389730301,1.02801370126173
2.353,0.80896145561124,1.02801370719915,1.02019240548475,15.4770836134077,15.8521827328401,15.4931188186405,1.02801370719915
2.354,0.808961387650025,1.02801371309699,1.0202064927514,15.4778853736694,15.8521829147319,15.4938975440071,1.02801371309699
2.355,0.808961320141885,1.02801371895551,1.02022055978561,15.4786859821862,15.8521830954111,15.4946751507399,1.02801371895551
2.356,0.808961253083799,1.02801372477497,1.02023460661643,15.4794854406139,15.8521832748858,15.4954516404466,1.02801372477497
2.357,0.808961186472767,1.02801373055564,1.02024863327284,15.4802837506056,15.8521834531639,15.4962270147327,1.02801373055564
2.358,0.808961120305809,1.02801373629777,1.02026263978381,15.4810809138119,15.8521836302536,15.4970012752012,1.02801373629777
2.359,0.808961054579963,1.02801374200162,1.02027662617824,15.4818769318814,15.8521838061627,15.4977744234529,1.02801374200162
2.36,0.80896098929229,1.02801374766745,1.02029059248501,15.4826718064599,15.852183980899,15.4985464610863,1.02801374766745
2.361,0.808960924439868,1.0280137532955,1.02030453873294,15.4834655391913,15.8521841544704,15.4993173896975,1.0280137532955
2.362,0.808960860019796,1.02801375888603,1.02031846495082,15.4842581317166,15.8521843268847,15.5000872108804,1.02801375888603
2.363,0.808960796029191,1.02801376443929,1.02033237116741,15.4850495856748,15.8521844981496,15.5008559262265,1.02801376443929
2.364,0.80896073246519,1.02801376995553,1.0203462574114,15.4858399027024,15.8521846682727,15.5016235373252,1.02801376995553
2.365,0.808960669324948,1.02801377543499,1.02036012371147,15.4866290844335,15.8521848372616,15.5023900457634,1.02801377543499
2.366,0.808960606605642,1.02801378087793,1.02037397009623,15.4874171325,15.852185005124,15.5031554531257,1.02801378087793
2.367,0.808960544304464,1.02801378628458,1.02038779659427,15.4882040485313,15.8521851718672,15.5039197609946,1.02801378628458
2.368,0.808960482418628,1.02801379165518,1.02040160323414,15.4889898341544,15.8521853374989,15.5046829709501,1.02801379165518
2.369,0.808960420945364,1.02801379698998,1.02041539004433,15.4897744909942,15.8521855020263,15.5054450845702,1.02801379698998
2.37,0.808960359881921,1.02801380228921,1.0204291570533,15.490558020673,15.8521856654569,15.5062061034303,1.02801380228921
2.371,0.808960299225569,1.02801380755312,1.02044290428949,15.4913404248109,15.852185827798,15.5069660291038,1.02801380755312
2.372,0.808960238973591,1.02801381278193,1.02045663178126,15.4921217050255,15.8521859890567,15.5077248631617,1.02801381278193
2.373,0.808960179123294,1.02801381797589,1.02047033955696,15.4929018629323,15.8521861492405,15.5084826071727,1.02801381797589
2.374,0.808960119671999,1.02801382313522,1.02048402764489,15.4936809001444,15.8521863083563,15.5092392627034,1.02801382313522
2.375,0.808960060617046,1.02801382826015,1.0204976960733,15.4944588182723,15.8521864664113,15.5099948313179,1.02801382826015
2.376,0.808960001955792,1.02801383335092,1.02051134487041,15.4952356189246,15.8521866234127,15.5107493145782,1.02801383335092
2.377,0.808959943685613,1.02801383840775,1.02052497406441,15.4960113037073,15.8521867793674,15.5115027140441,1.02801383840775
2.378,0.808959885803903,1.02801384343086,1.02053858368342,15.4967858742241,15.8521869342824,15.5122550312731,1.02801384343086
2.379,0.80895982830807,1.02801384842049,1.02055217375555,15.4975593320766,15.8521870881646,15.5130062678203,1.02801384842049
2.38,0.808959771195543,1.02801385337685,1.02056574430886,15.4983316788637,15.8521872410209,15.5137564252388,1.02801385337685
2.381,0.808959714463766,1.02801385830018,1.02057929537136,15.4991029161825,15.8521873928582,15.5145055050793,1.02801385830018
2.382,0.808959658110201,1.02801386319068,1.02059282697102,15.4998730456273,15.8521875436833,15.5152535088904,1.02801386319068
2.383,0.808959602132326,1.02801386804857,1.02060633913579,15.5006420687905,15.8521876935028,15.5160004382182,1.02801386804857
2.384,0.808959546527637,1.02801387287408,1.02061983189357,15.5014099872619,15.8521878423236,15.516746294607,1.02801387287408
2.385,0.808959491293646,1.02801387766742,1.02063330527221,15.5021768026291,15.8521879901522,15.5174910795985,1.02801387766742
2.386,0.808959436427882,1.02801388242881,1.02064675929952,15.5029425164776,15.8521881369953,15.5182347947323,1.02801388242881
2.387,0.80895938192789,1.02801388715845,1.02066019400329,15.5037071303903,15.8521882828594,15.5189774415458,1.02801388715845
2.388,0.80895932779123,1.02801389185656,1.02067360941126,15.5044706459481,15.8521884277512,15.5197190215742,1.02801389185656
2.389,0.808959274015482,1.02801389652335,1.02068700555112,15.5052330647294,15.8521885716769,15.5204595363505,1.02801389652335
2.39,0.808959220598239,1.02801390115903,1.02070038245054,15.5059943883105,15.8521887146432,15.5211989874054,1.02801390115903
2.391,0.808959167537111,1.02801390576381,1.02071374013712,15.5067546182652,15.8521888566564,15.5219373762674,1.02801390576381
2.392,0.808959114829723,1.02801391033788,1.02072707863846,15.5075137561653,15.8521889977228,15.5226747044629,1.02801391033788
2.393,0.808959062473719,1.02801391488146,1.02074039798209,15.5082718035802,15.8521891378487,15.5234109735161,1.02801391488146
2.394,0.808959010466754,1.02801391939476,1.02075369819552,15.509028762077,15.8521892770405,15.5241461849488,1.02801391939476
2.395,0.808958958806502,1.02801392387796,1.0207669793062,15.5097846332206,15.8521894153044,15.5248803402809,1.02801392387796
2.396,0.808958907490652,1.02801392833127,1.02078024134156,15.5105394185736,15.8521895526464,15.5256134410299,1.02801392833127
2.397,0.808958856516908,1.0280139327549,1.02079348432898,15.5112931196964,15.8521896890729,15.5263454887112,1.0280139327549
2.398,0.808958805882989,1.02801393714903,1.02080670829581,15.5120457381472,15.8521898245899,15.527076484838,1.02801393714903
2.399,0.808958755586629,1.02801394151387,1.02081991326935,15.5127972754817,15.8521899592034,15.5278064309214,1.02801394151387
2.4,0.808958705625578,1.02801394584962,1.02083309927686,15.5135477332537,15.8521900929195,15.52853532847,1.02801394584962
2.401,0.808958655997601,1.02801395015645,1.02084626634559,15.5142971130145,15.8521902257441,15.5292631789907,1.02801395015645
2.402,0.808958606700477,1.02801395443458,1.0208594145027,15.5150454163133,15.8521903576833,15.5299899839879,1.02801395443458
2.403,0.808958557732,1.02801395868418,1.02087254377536,15.515792644697,15.8521904887429,15.5307157449639,1.02801395868418
2.404,0.80895850908998,1.02801396290546,1.02088565419067,15.5165387997104,15.8521906189287,15.531440463419,1.02801396290546
2.405,0.80895846077224,1.02801396709859,1.0208987457757,15.5172838828958,15.8521907482466,15.5321641408511,1.02801396709859
2.406,0.808958412776619,1.02801397126376,1.02091181855749,15.5180278957936,15.8521908767024,15.532886778756,1.02801397126376
2.407,0.808958365100968,1.02801397540117,1.02092487256304,15.5187708399417,15.8521910043019,15.5336083786275,1.02801397540117
2.408,0.808958317743155,1.028013979511,1.02093790781929,15.519512716876,15.8521911310506,15.5343289419571,1.028013979511
2.409,0.808958270701061,1.02801398359343,1.02095092435316,15.52025352813,15.8521912569544,15.5350484702341,1.02801398359343
2.41,0.80895822397258,1.02801398764864,1.02096392219154,15.5209932752352,15.8521913820189,15.5357669649459,1.02801398764864
2.411,0.808958177555623,1.02801399167682,1.02097690136126,15.5217319597208,15.8521915062495,15.5364844275775,1.02801399167682
2.412,0.808958131448112,1.02801399567814,1.02098986188913,15.5224695831136,15.852191629652,15.537200859612,1.02801399567814
2.413,0.808958085647985,1.02801399965279,1.0210028038019,15.5232061469385,15.8521917522318,15.5379162625301,1.02801399965279
2.414,0.808958040153192,1.02801400360093,1.02101572712631,15.5239416527181,15.8521918739943,15.5386306378105,1.02801400360093
2.415,0.808957994961697,1.02801400752276,1.02102863188904,15.5246761019727,15.8521919949452,15.5393439869298,1.02801400752276
2.416,0.808957950071479,1.02801401141845,1.02104151811673,15.5254094962206,15.8521921150897,15.5400563113624,1.02801401141845
2.417,0.808957905480529,1.02801401528816,1.02105438583601,15.5261418369777,15.8521922344332,15.5407676125808,1.02801401528816
2.418,0.808957861186852,1.02801401913207,1.02106723507344,15.5268731257578,15.8521923529811,15.541477892055,1.02801401913207
2.419,0.808957817188467,1.02801402295036,1.02108006585555,15.5276033640727,15.8521924707387,15.5421871512531,1.02801402295036
2.42,0.808957773483404,1.02801402674319,1.02109287820885,15.5283325534317,15.8521925877112,15.5428953916412,1.02801402674319
2.421,0.808957730069708,1.02801403051074,1.02110567215979,15.5290606953422,15.8521927039039,15.543602614683,1.02801403051074
2.422,0.808957686945436,1.02801403425317,1.02111844773479,15.5297877913092,15.852192819322,15.5443088218404,1.02801403425317
2.423,0.80895764410866,1.02801403797065,1.02113120496024,15.5305138428358,15.8521929339707,15.5450140145729,1.02801403797065
2.424,0.808957601557462,1.02801404166334,1.02114394386248,15.5312388514226,15.852193047855,15.5457181943382,1.02801404166334
2.425,0.808957559289939,1.02801404533142,1.02115666446781,15.5319628185684,15.8521931609801,15.5464213625916,1.02801404533142
2.426,0.8089575173042,1.02801404897505,1.02116936680252,15.5326857457696,15.852193273351,15.5471235207865,1.02801404897505
2.427,0.808957475598365,1.02801405259438,1.02118205089282,15.5334076345204,15.8521933849728,15.5478246703742,1.02801405259438
2.428,0.808957434170569,1.02801405618959,1.02119471676491,15.5341284863131,15.8521934958505,15.5485248128038,1.02801405618959
2.429,0.808957393018959,1.02801405976082,1.02120736444496,15.5348483026376,15.8521936059889,15.5492239495225,1.02801405976082
2.43,0.808957352141693,1.02801406330825,1.02121999395908,15.5355670849819,15.8521937153931,15.5499220819752,1.02801406330825
2.431,0.808957311536941,1.02801406683203,1.02123260533335,15.5362848348315,15.852193824068,15.5506192116048,1.02801406683203
2.432,0.808957271202888,1.02801407033232,1.02124519859381,15.5370015536702,15.8521939320183,15.5513153398522,1.02801407033232
2.433,0.808957231137729,1.02801407380927,1.02125777376649,15.5377172429793,15.852194039249,15.5520104681562,1.02801407380927
2.434,0.808957191339671,1.02801407726304,1.02127033087734,15.5384319042382,15.8521941457648,15.5527045979534,1.02801407726304
2.435,0.808957151806933,1.02801408069379,1.02128286995229,15.5391455389239,15.8521942515705,15.5533977306785,1.02801408069379
2.436,0.808957112537747,1.02801408410167,1.02129539101726,15.5398581485116,15.8521943566708,15.554089867764,1.02801408410167
2.437,0.808957073530355,1.02801408748682,1.02130789409809,15.5405697344743,15.8521944610705,15.5547810106405,1.02801408748682
2.438,0.808957034783013,1.02801409084941,1.0213203792206,15.5412802982826,15.8521945647742,15.5554711607363,1.02801409084941
2.439,0.808956996293986,1.02801409418958,1.02133284641058,15.5419898414053,15.8521946677865,15.5561603194779,1.02801409418958
2.44,0.808956958061553,1.02801409750749,1.02134529569378,15.5426983653089,15.852194770112,15.5568484882897,1.02801409750749
2.441,0.808956920084003,1.02801410080327,1.02135772709592,15.5434058714579,15.8521948717554,15.5575356685938,1.02801410080327
2.442,0.808956882359636,1.02801410407709,1.02137014064265,15.5441123613147,15.8521949727212,15.5582218618106,1.02801410407709
2.443,0.808956844886765,1.02801410732907,1.02138253635963,15.5448178363395,15.8521950730138,15.5589070693582,1.02801410732907
2.444,0.808956807663713,1.02801411055938,1.02139491427245,15.5455222979905,15.8521951726379,15.5595912926528,1.02801411055938
2.445,0.808956770688815,1.02801411376815,1.02140727440668,15.5462257477236,15.8521952715978,15.5602745331084,1.02801411376815
2.446,0.808956733960417,1.02801411695553,1.02141961678785,15.5469281869928,15.8521953698979,15.5609567921373,1.02801411695553
2.447,0.808956697476874,1.02801412012166,1.02143194144144,15.54762961725,15.8521954675427,15.5616380711493,1.02801412012166
2.448,0.808956661236555,1.02801412326669,1.0214442483929,15.548330039945,15.8521955645366,15.5623183715526,1.02801412326669
2.449,0.808956625237838,1.02801412639074,1.02145653766767,15.5490294565254,15.8521956608838,15.5629976947531,1.02801412639074
2.45,0.808956589479112,1.02801412949397,1.02146880929112,15.5497278684368,15.8521957565887,15.5636760421548,1.02801412949397
2.451,0.808956553958778,1.02801413257651,1.02148106328859,15.5504252771227,15.8521958516556,15.5643534151597,1.02801413257651
2.452,0.808956518675246,1.0280141356385,1.02149329968539,15.5511216840245,15.8521959460887,15.5650298151676,1.0280141356385
2.453,0.808956483626938,1.02801413868008,1.0215055185068,15.5518170905817,15.8521960398923,15.5657052435766,1.02801413868008
2.454,0.808956448812285,1.02801414170138,1.02151771977806,15.5525114982314,15.8521961330705,15.5663797017824,1.02801414170138
2.455,0.80895641422973,1.02801414470254,1.02152990352435,15.553204908409,15.8521962256275,15.567053191179,1.02801414470254
2.456,0.808956379877725,1.02801414768369,1.02154206977086,15.5538973225475,15.8521963175674,15.5677257131583,1.02801414768369
2.457,0.808956345754734,1.02801415064497,1.0215542185427,15.554588742078,15.8521964088944,15.5683972691102,1.02801415064497
2.458,0.808956311859229,1.0280141535865,1.02156634986497,15.5552791684296,15.8521964996126,15.5690678604226,1.0280141535865
2.459,0.808956278189694,1.02801415650843,1.02157846376272,15.5559686030293,15.852196589726,15.5697374884813,1.02801415650843
2.46,0.808956244744623,1.02801415941087,1.02159056026098,15.5566570473019,15.8521966792386,15.5704061546703,1.02801415941087
2.461,0.808956211522518,1.02801416229397,1.02160263938472,15.5573445026703,15.8521967681545,15.5710738603714,1.02801416229397
2.462,0.808956178521895,1.02801416515784,1.0216147011589,15.5580309705554,15.8521968564776,15.5717406069646,1.02801416515784
2.463,0.808956145741276,1.02801416800262,1.02162674560844,15.5587164523758,15.8521969442119,15.5724063958279,1.02801416800262
2.464,0.808956113179194,1.02801417082844,1.0216387727582,15.5594009495484,15.8521970313613,15.573071228337,1.02801417082844
2.465,0.808956080834193,1.02801417363542,1.02165078263303,15.5600844634878,15.8521971179297,15.5737351058662,1.02801417363542
2.466,0.808956048704825,1.02801417642368,1.02166277525773,15.5607669956068,15.852197203921,15.5743980297872,1.02801417642368
2.467,0.808956016789652,1.02801417919336,1.02167475065708,15.5614485473158,15.852197289339,15.5750600014702,1.02801417919336
2.468,0.808955985087248,1.02801418194457,1.02168670885581,15.5621291200235,15.8521973741876,15.5757210222832,1.02801418194457
2.469,0.808955953596193,1.02801418467744,1.02169864987862,15.5628087151365,15.8521974584704,15.5763810935923,1.02801418467744
2.47,0.808955922315079,1.0280141873921,1.02171057375018,15.5634873340593,15.8521975421915,15.5770402167616,1.0280141873921
2.471,0.808955891242505,1.02801419008865,1.0217224804951,15.5641649781944,15.8521976253543,15.5776983931532,1.02801419008865
2.472,0.808955860377081,1.02801419276723,1.021734370138,15.5648416489423,15.8521977079628,15.5783556241274,1.02801419276723
2.473,0.808955829717428,1.02801419542795,1.02174624270341,15.5655173477016,15.8521977900205,15.5790119110424,1.02801419542795
2.474,0.808955799262171,1.02801419807093,1.02175809821588,15.5661920758686,15.8521978715312,15.5796672552545,1.02801419807093
2.475,0.80895576900995,1.02801420069629,1.02176993669988,15.5668658348379,15.8521979524984,15.580321658118,1.02801420069629
2.476,0.808955738959411,1.02801420330415,1.02178175817986,15.5675386260019,15.8521980329259,15.5809751209852,1.02801420330415
2.477,0.808955709109208,1.02801420589462,1.02179356268026,15.5682104507511,15.8521981128172,15.5816276452067,1.02801420589462
2.478,0.808955679458006,1.02801420846782,1.02180535022544,15.5688813104739,15.8521981921759,15.5822792321309,1.02801420846782
2.479,0.80895565000448,1.02801421102387,1.02181712083975,15.5695512065567,15.8521982710056,15.5829298831045,1.02801421102387
2.48,0.80895562074731,1.02801421356288,1.02182887454752,15.5702201403841,15.8521983493097,15.5835795994719,1.02801421356288
2.481,0.808955591685188,1.02801421608496,1.02184061137301,15.5708881133385,15.8521984270917,15.5842283825759,1.02801421608496
2.482,0.808955562816813,1.02801421859023,1.02185233134047,15.5715551268004,15.8521985043553,15.5848762337573,1.02801421859023
2.483,0.808955534140894,1.0280142210788,1.02186403447411,15.5722211821482,15.8521985811037,15.5855231543549,1.0280142210788
2.484,0.808955505656149,1.02801422355077,1.02187572079811,15.5728862807586,15.8521986573405,15.5861691457055,1.02801422355077
2.485,0.808955477361301,1.02801422600627,1.02188739033659,15.5735504240059,15.8521987330691,15.5868142091442,1.02801422600627
2.486,0.808955449255086,1.0280142284454,1.02189904311367,15.5742136132628,15.8521988082927,15.5874583460041,1.0280142284454
2.487,0.808955421336245,1.02801423086826,1.02191067915341,15.5748758498999,15.8521988830149,15.5881015576162,1.02801423086826
2.488,0.80895539360353,1.02801423327497,1.02192229847985,15.5755371352857,15.852198957239,15.5887438453098,1.02801423327497
2.489,0.8089553660557,1.02801423566564,1.021933901117,15.5761974707869,15.8521990309682,15.5893852104122,1.02801423566564
2.49,0.808955338691522,1.02801423804037,1.02194548708881,15.5768568577682,15.8521991042059,15.5900256542489,1.02801423804037
2.491,0.808955311509772,1.02801424039927,1.02195705641923,15.5775152975922,15.8521991769553,15.5906651781432,1.02801424039927
2.492,0.808955284509233,1.02801424274244,1.02196860913214,15.5781727916198,15.8521992492198,15.5913037834169,1.02801424274244
2.493,0.808955257688698,1.02801424506999,1.02198014525142,15.5788293412096,15.8521993210025,15.5919414713896,1.02801424506999
2.494,0.808955231046967,1.02801424738203,1.02199166480088,15.5794849477186,15.8521993923066,15.5925782433791,1.02801424738203
2.495,0.808955204582847,1.02801424967865,1.02200316780433,15.5801396125016,15.8521994631354,15.5932141007014,1.02801424967865
2.496,0.808955178295155,1.02801425195996,1.02201465428553,15.5807933369116,15.8521995334919,15.5938490446703,1.02801425195996
2.497,0.808955152182714,1.02801425422606,1.0220261242682,15.5814461222996,15.8521996033795,15.5944830765982,1.02801425422606
2.498,0.808955126244356,1.02801425647706,1.02203757777604,15.5820979700145,15.8521996728011,15.5951161977951,1.02801425647706
2.499,0.80895510047892,1.02801425871304,1.02204901483271,15.5827488814035,15.8521997417599,15.5957484095694,1.02801425871304
2.5,0.808955074885254,1.02801426093412,1.02206043546183,15.5833988578118,15.852199810259,15.5963797132277,1.02801426093412
2.501,0.808955049462213,1.0280142631404,1.02207183968699,15.5840479005826,15.8521998783014,15.5970101100745,1.0280142631404
2.502,0.808955024208658,1.02801426533196,1.02208322753175,15.5846960110572,15.8521999458902,15.5976396014124,1.02801426533196
2.503,0.80895499912346,1.02801426750892,1.02209459901964,15.585343190575,15.8522000130284,15.5982681885425,1.02801426750892
2.504,0.808954974205497,1.02801426967136,1.02210595417413,15.5859894404733,15.8522000797191,15.5988958727636,1.02801426967136
2.505,0.808954949453654,1.02801427181938,1.0221172930187,15.5866347620879,15.8522001459651,15.5995226553728,1.02801427181938
2.506,0.808954924866823,1.02801427395309,1.02212861557676,15.5872791567521,15.8522002117695,15.6001485376653,1.02801427395309
2.507,0.808954900443904,1.02801427607257,1.0221399218717,15.5879226257978,15.8522002771351,15.6007735209347,1.02801427607257
2.508,0.808954876183805,1.02801427817792,1.02215121192688,15.5885651705546,15.8522003420651,15.6013976064723,1.02801427817792
2.509,0.808954852085439,1.02801428026924,1.02216248576561,15.5892067923505,15.8522004065621,15.6020207955678,1.02801428026924
2.51,0.80895482814773,1.02801428234661,1.0221737434112,15.5898474925114,15.8522004706292,15.602643089509,1.02801428234661
2.511,0.808954804369605,1.02801428441013,1.02218498488688,15.5904872723612,15.8522005342691,15.603264489582,1.02801428441013
2.512,0.808954780750001,1.0280142864599,1.02219621021589,15.5911261332223,15.8522005974848,15.6038849970707,1.0280142864599
2.513,0.808954757287861,1.028014288496,1.02220741942141,15.5917640764147,15.8522006602791,15.6045046132575,1.028014288496
2.514,0.808954733982135,1.02801429051853,1.02221861252659,15.5924011032568,15.8522007226547,15.6051233394227,1.02801429051853
2.515,0.808954710831781,1.02801429252757,1.02222978955457,15.5930372150651,15.8522007846145,15.605741176845,1.02801429252757
2.516,0.808954687835763,1.02801429452322,1.02224095052842,15.5936724131541,15.8522008461612,15.606358126801,1.02801429452322
2.517,0.808954664993051,1.02801429650557,1.02225209547121,15.5943066988365,15.8522009072976,15.6069741905657,1.02801429650557
2.518,0.808954642302624,1.0280142984747,1.02226322440595,15.5949400734229,15.8522009680264,15.6075893694121,1.0280142984747
2.519,0.808954619763466,1.0280143004307,1.02227433735564,15.5955725382224,15.8522010283504,15.6082036646115,1.0280143004307
2.52,0.80895459737457,1.02801430237367,1.02228543434323,15.5962040945418,15.8522010882722,15.6088170774333,1.02801430237367
2.521,0.808954575134933,1.02801430430368,1.02229651539164,15.5968347436864,15.8522011477946,15.6094296091451,1.02801430430368
2.522,0.80895455304356,1.02801430622082,1.02230758052378,15.5974644869593,15.8522012069201,15.6100412610126,1.02801430622082
2.523,0.808954531099463,1.02801430812518,1.02231862976248,15.598093325662,15.8522012656514,15.6106520342997,1.02801430812518
2.524,0.80895450930166,1.02801431001685,1.02232966313059,15.5987212610939,15.8522013239912,15.6112619302686,1.02801431001685
2.525,0.808954487649175,1.0280143118959,1.02234068065089,15.5993482945526,15.8522013819421,15.6118709501797,1.0280143118959
2.526,0.808954466141041,1.02801431376243,1.02235168234614,15.599974427334,15.8522014395067,15.6124790952913,1.02801431376243
2.527,0.808954444776294,1.02801431561652,1.02236266823907,15.6005996607319,15.8522014966874,15.6130863668603,1.02801431561652
2.528,0.808954423553979,1.02801431745824,1.02237363835237,15.6012239960383,15.852201553487,15.6136927661414,1.02801431745824
2.529,0.808954402473146,1.02801431928769,1.0223845927087,15.6018474345434,15.8522016099079,15.6142982943877,1.02801431928769
2.53,0.808954381532851,1.02801432110494,1.0223955313307,15.6024699775356,15.8522016659527,15.6149029528506,1.02801432110494
2.531,0.808954360732159,1.02801432291007,1.02240645424097,15.6030916263014,15.8522017216238,15.6155067427794,1.02801432291007
2.532,0.808954340070138,1.02801432470317,1.02241736146205,15.6037123821253,15.8522017769238,15.616109665422,1.02801432470317
2.533,0.808954319545864,1.02801432648432,1.0224282530165,15.6043322462901,15.8522018318551,15.6167117220241,1.02801432648432
2.534,0.808954299158418,1.02801432825359,1.0224391289268,15.6049512200768,15.8522018864202,15.6173129138299,1.02801432825359
2.535,0.808954278906888,1.02801433001107,1.02244998921543,15.6055693047645,15.8522019406216,15.6179132420817,1.02801433001107
2.536,0.808954258790369,1.02801433175683,1.02246083390482,15.6061865016303,15.8522019944616,15.61851270802,1.02801433175683
2.537,0.80895423880796,1.02801433349095,1.02247166301738,15.6068028119498,15.8522020479427,15.6191113128835,1.02801433349095
2.538,0.808954218958767,1.02801433521351,1.02248247657546,15.6074182369965,15.8522021010672,15.6197090579092,1.02801433521351
2.539,0.808954199241902,1.02801433692459,1.02249327460142,15.6080327780421,15.8522021538376,15.6203059443323,1.02801433692459
2.54,0.808954179656483,1.02801433862426,1.02250405711756,15.6086464363566,15.8522022062562,15.6209019733862,1.02801433862426
2.541,0.808954160201633,1.0280143403126,1.02251482414616,15.6092592132081,15.8522022583253,15.6214971463025,1.0280143403126
2.542,0.808954140876482,1.02801434198968,1.02252557570946,15.6098711098628,15.8522023100473,15.622091464311,1.02801434198968
2.543,0.808954121680165,1.02801434365559,1.02253631182966,15.6104821275853,15.8522023614244,15.62268492864,1.02801434365559
2.544,0.808954102611824,1.02801434531038,1.02254703252895,15.611092267638,15.8522024124591,15.6232775405156,1.02801434531038
2.545,0.808954083670606,1.02801434695415,1.02255773782947,15.6117015312819,15.8522024631535,15.6238693011625,1.02801434695415
2.546,0.808954064855661,1.02801434858696,1.02256842775335,15.6123099197759,15.85220251351,15.6244602118035,1.02801434858696
2.547,0.80895404616615,1.02801435020888,1.02257910232266,15.6129174343773,15.8522025635307,15.6250502736596,1.02801435020888
2.548,0.808954027601236,1.02801435181999,1.02258976155946,15.6135240763414,15.852202613218,15.6256394879501,1.02801435181999
2.549,0.808954009160088,1.02801435342035,1.02260040548576,15.6141298469218,15.852202662574,15.6262278558926,1.02801435342035
2.55,0.808953990841881,1.02801435501005,1.02261103412356,15.6147347473704,15.852202711601,15.6268153787028,1.02801435501005
2.551,0.808953972645795,1.02801435658915,1.02262164749482,15.615338778937,15.8522027603012,15.6274020575948,1.02801435658915
2.552,0.808953954571016,1.02801435815773,1.02263224562145,15.6159419428699,15.8522028086767,15.6279878937808,1.02801435815773
2.553,0.808953936616736,1.02801435971584,1.02264282852535,15.6165442404154,15.8522028567297,15.6285728884716,1.02801435971584
2.554,0.808953918782151,1.02801436126357,1.02265339622839,15.6171456728182,15.8522029044623,15.6291570428757,1.02801436126357
2.555,0.808953901066463,1.02801436280098,1.0226639487524,15.6177462413211,15.8522029518767,15.6297403582004,1.02801436280098
2.556,0.80895388346888,1.02801436432814,1.02267448611917,15.6183459471651,15.852202998975,15.6303228356509,1.02801436432814
2.557,0.808953865988615,1.02801436584512,1.02268500835048,15.6189447915894,15.8522030457593,15.630904476431,1.02801436584512
2.558,0.808953848624884,1.02801436735199,1.02269551546807,15.6195427758315,15.8522030922317,15.6314852817424,1.02801436735199
2.559,0.808953831376911,1.02801436884881,1.02270600749363,15.620139901127,15.8522031383943,15.6320652527853,1.02801436884881
2.56,0.808953814243925,1.02801437033566,1.02271648444885,15.6207361687099,15.8522031842492,15.6326443907582,1.02801437033566
2.561,0.808953797225159,1.02801437181259,1.02272694635537,15.6213315798123,15.8522032297984,15.6332226968577,1.02801437181259
2.562,0.808953780319851,1.02801437327967,1.02273739323481,15.6219261356646,15.8522032750439,15.6338001722788,1.02801437327967
2.563,0.808953763527246,1.02801437473697,1.02274782510873,15.6225198374953,15.8522033199877,15.6343768182148,1.02801437473697
2.564,0.808953746846591,1.02801437618456,1.02275824199871,15.6231126865313,15.852203364632,15.6349526358573,1.02801437618456
2.565,0.80895373027714,1.0280143776225,1.02276864392625,15.6237046839976,15.8522034089786,15.6355276263961,1.0280143776225
2.566,0.808953713818153,1.02801437905085,1.02277903091285,15.6242958311175,15.8522034530295,15.6361017910193,1.02801437905085
2.567,0.808953697468892,1.02801438046968,1.02278940297996,15.6248861291126,15.8522034967868,15.6366751309134,1.02801438046968
2.568,0.808953681228626,1.02801438187905,1.02279976014901,15.6254755792026,15.8522035402524,15.637247647263,1.02801438187905
2.569,0.808953665096628,1.02801438327902,1.02281010244141,15.6260641826057,15.8522035834282,15.6378193412512,1.02801438327902
2.57,0.808953649072177,1.02801438466966,1.0228204298785,15.6266519405379,15.8522036263162,15.6383902140592,1.02801438466966
2.571,0.808953633154556,1.02801438605103,1.02283074248164,15.627238854214,15.8522036689182,15.6389602668668,1.02801438605103
2.572,0.808953617343052,1.02801438742319,1.02284104027213,15.6278249248466,15.8522037112363,15.6395295008518,1.02801438742319
2.573,0.808953601636959,1.02801438878621,1.02285132327123,15.6284101536469,15.8522037532722,15.6400979171905,1.02801438878621
2.574,0.808953586035572,1.02801439014013,1.0228615915002,15.6289945418241,15.8522037950278,15.6406655170574,1.02801439014013
2.575,0.808953570538195,1.02801439148503,1.02287184498024,15.6295780905857,15.8522038365051,15.6412323016253,1.02801439148503
2.576,0.808953555144134,1.02801439282097,1.02288208373255,15.6301608011377,15.8522038777059,15.6417982720654,1.02801439282097
2.577,0.8089535398527,1.028014394148,1.02289230777827,15.6307426746841,15.8522039186321,15.6423634295473,1.028014394148
2.578,0.808953524663208,1.02801439546618,1.02290251713852,15.6313237124273,15.8522039592853,15.6429277752386,1.02801439546618
2.579,0.80895350957498,1.02801439677557,1.0229127118344,15.6319039155678,15.8522039996676,15.6434913103055,1.02801439677557
2.58,0.808953494587341,1.02801439807623,1.02292289188697,15.6324832853047,15.8522040397806,15.6440540359125,1.02801439807623
2.581,0.808953479699618,1.02801439936823,1.02293305731726,15.6330618228351,15.8522040796262,15.6446159532223,1.02801439936823
2.582,0.808953464911148,1.02801440065161,1.02294320814627,15.6336395293545,15.8522041192062,15.645177063396,1.02801440065161
2.583,0.808953450221267,1.02801440192643,1.02295334439497,15.6342164060565,15.8522041585223,15.6457373675931,1.02801440192643
2.584,0.808953435629318,1.02801440319276,1.0229634660843,15.6347924541334,15.8522041975763,15.6462968669714,1.02801440319276
2.585,0.808953421134649,1.02801440445064,1.02297357323518,15.6353676747753,15.85220423637,15.6468555626868,1.02801440445064
2.586,0.808953406736612,1.02801440570013,1.02298366586848,15.6359420691708,15.852204274905,15.647413455894,1.02801440570013
2.587,0.808953392434561,1.0280144069413,1.02299374400506,15.636515638507,15.8522043131831,15.6479705477456,1.0280144069413
2.588,0.808953378227857,1.02801440817419,1.02300380766573,15.6370883839689,15.8522043512061,15.6485268393929,1.02801440817419
2.589,0.808953364115865,1.02801440939887,1.02301385687129,15.6376603067401,15.8522043889755,15.6490823319851,1.02801440939887
2.59,0.808953350097952,1.02801441061538,1.0230238916425,15.6382314080024,15.8522044264932,15.6496370266703,1.02801441061538
2.591,0.808953336173493,1.02801441182377,1.02303391200009,15.6388016889358,15.8522044637607,15.6501909245945,1.02801441182377
2.592,0.808953322341863,1.02801441302412,1.02304391796476,15.6393711507187,15.8522045007798,15.6507440269023,1.02801441302412
2.593,0.808953308602444,1.02801441421646,1.02305390955718,15.6399397945279,15.8522045375521,15.6512963347365,1.02801441421646
2.594,0.808953294954621,1.02801441540085,1.023063886798,15.6405076215383,15.8522045740792,15.6518478492384,1.02801441540085
2.595,0.808953281397783,1.02801441657734,1.02307384970783,15.6410746329233,15.8522046103629,15.6523985715476,1.02801441657734
2.596,0.808953267931325,1.028014417746,1.02308379830725,15.6416408298545,15.8522046464046,15.652948502802,1.028014417746
2.597,0.808953254554643,1.02801441890686,1.02309373261681,15.6422062135019,15.8522046822061,15.653497644138,1.02801441890686
2.598,0.808953241267138,1.02801442005998,1.02310365265704,15.6427707850337,15.8522047177688,15.6540459966903,1.02801442005998
2.599,0.808953228068217,1.02801442120541,1.02311355844844,15.6433345456165,15.8522047530945,15.6545935615919,1.02801442120541
2.6,0.808953214957289,1.02801442234321,1.02312345001146,15.6438974964153,15.8522047881847,15.6551403399742,1.02801442234321
2.601,0.808953201933767,1.02801442347343,1.02313332736655,15.6444596385933,15.852204823041,15.6556863329671,1.02801442347343
2.602,0.808953188997069,1.0280144245961,1.02314319053411,15.6450209733119,15.8522048576649,15.6562315416987,1.0280144245961
2.603,0.808953176146615,1.0280144257113,1.02315303953452,15.6455815017313,15.8522048920579,15.6567759672956,1.0280144257113
2.604,0.808953163381831,1.02801442681906,1.02316287438812,15.6461412250095,15.8522049262217,15.6573196108828,1.02801442681906
2.605,0.808953150702146,1.02801442791943,1.02317269511524,15.6467001443032,15.8522049601577,15.6578624735835,1.02801442791943
2.606,0.808953138106991,1.02801442901247,1.02318250173616,15.6472582607672,15.8522049938675,15.6584045565195,1.02801442901247
2.607,0.808953125595805,1.02801443009822,1.02319229427114,15.6478155755548,15.8522050273525,15.6589458608109,1.02801443009822
2.608,0.808953113168026,1.02801443117673,1.02320207274042,15.6483720898176,15.8522050606143,15.6594863875761,1.02801443117673
2.609,0.808953100823099,1.02801443224806,1.0232118371642,15.6489278047055,15.8522050936544,15.6600261379321,1.02801443224806
2.61,0.808953088560472,1.02801443331224,1.02322158756265,15.6494827213669,15.8522051264742,15.6605651129941,1.02801443331224
2.611,0.808953076379595,1.02801443436932,1.02323132395591,15.6500368409482,15.8522051590752,15.6611033138758,1.02801443436932
2.612,0.808953064279925,1.02801443541936,1.02324104636411,15.6505901645946,15.8522051914588,15.6616407416893,1.02801443541936
2.613,0.808953052260919,1.0280144364624,1.02325075480732,15.6511426934493,15.8522052236266,15.6621773975451,1.0280144364624
2.614,0.808953040322039,1.02801443749849,1.0232604493056,15.6516944286541,15.8522052555799,15.6627132825519,1.02801443749849
2.615,0.808953028462752,1.02801443852766,1.02327012987899,15.652245371349,15.8522052873202,15.6632483978173,1.02801443852766
2.616,0.808953016682527,1.02801443954998,1.02327979654748,15.6527955226724,15.8522053188489,15.6637827444467,1.02801443954998
2.617,0.808953004980837,1.02801444056548,1.02328944933105,15.6533448837611,15.8522053501674,15.6643163235444,1.02801444056548
2.618,0.808952993357158,1.02801444157421,1.02329908824963,15.6538934557503,15.8522053812771,15.6648491362128,1.02801444157421
2.619,0.808952981810971,1.02801444257622,1.02330871332315,15.6544412397734,15.8522054121794,15.6653811835529,1.02801444257622
2.62,0.808952970341757,1.02801444357155,1.02331832457148,15.6549882369624,15.8522054428757,15.6659124666641,1.02801444357155
2.621,0.808952958949006,1.02801444456024,1.02332792201448,15.6555344484475,15.8522054733674,15.6664429866441,1.02801444456024
2.622,0.808952947632206,1.02801444554234,1.02333750567199,15.6560798753573,15.8522055036557,15.6669727445891,1.02801444554234
2.623,0.808952936390851,1.02801444651789,1.0233470755638,15.6566245188189,15.8522055337422,15.6675017415937,1.02801444651789
2.624,0.808952925224439,1.02801444748694,1.02335663170969,15.6571683799576,15.8522055636281,15.6680299787511,1.02801444748694
2.625,0.808952914132469,1.02801444844952,1.02336617412939,15.6577114598973,15.8522055933147,15.6685574571526,1.02801444844952
2.626,0.808952903114446,1.0280144494057,1.02337570284263,15.6582537597601,15.8522056228034,15.6690841778882,1.0280144494057
2.627,0.808952892169876,1.02801445035549,1.02338521786908,15.6587952806665,15.8522056520956,15.6696101420462,1.02801445035549
2.628,0.80895288129827,1.02801445129896,1.02339471922841,15.6593360237355,15.8522056811924,15.6701353507135,1.02801445129896
2.629,0.808952870499142,1.02801445223613,1.02340420694024,15.6598759900844,15.8522057100953,15.6706598049752,1.02801445223613
2.63,0.808952859772008,1.02801445316706,1.02341368102419,15.6604151808289,15.8522057388055,15.671183505915,1.02801445316706
2.631,0.808952849116388,1.02801445409178,1.02342314149981,15.6609535970832,15.8522057673243,15.6717064546149,1.02801445409178
2.632,0.808952838531805,1.02801445501033,1.02343258838667,15.6614912399598,15.8522057956529,15.6722286521557,1.02801445501033
2.633,0.808952828017786,1.02801445592277,1.02344202170427,15.6620281105696,15.8522058237927,15.6727500996162,1.02801445592277
2.634,0.808952817573861,1.02801445682912,1.0234514414721,15.6625642100219,15.8522058517449,15.6732707980739,1.02801445682912
2.635,0.808952807199562,1.02801445772942,1.02346084770963,15.6630995394245,15.8522058795108,15.6737907486046,1.02801445772942
2.636,0.808952796894425,1.02801445862373,1.02347024043629,15.6636340998835,15.8522059070915,15.6743099522828,1.02801445862373
2.637,0.808952786657989,1.02801445951207,1.02347961967148,15.6641678925035,15.8522059344884,15.6748284101813,1.02801445951207
2.638,0.808952776489796,1.02801446039449,1.02348898543459,15.6647009183874,15.8522059617027,15.6753461233713,1.02801446039449
2.639,0.80895276638939,1.02801446127103,1.02349833774496,15.6652331786366,15.8522059887355,15.6758630929226,1.02801446127103
2.64,0.808952756356321,1.02801446214172,1.02350767662192,15.6657646743509,15.8522060155881,15.6763793199032,1.02801446214172
2.641,0.808952746390139,1.02801446300661,1.02351700208476,15.6662954066285,15.8522060422616,15.67689480538,1.02801446300661
2.642,0.808952736490398,1.02801446386574,1.02352631415274,15.6668253765661,15.8522060687574,15.677409550418,1.02801446386574
2.643,0.808952726656655,1.02801446471913,1.02353561284511,15.6673545852587,15.8522060950765,15.6779235560808,1.02801446471913
2.644,0.808952716888471,1.02801446556684,1.02354489818108,15.6678830337998,15.8522061212201,15.6784368234305,1.02801446556684
2.645,0.808952707185408,1.0280144664089,1.02355417017983,15.6684107232813,15.8522061471895,15.6789493535276,1.0280144664089
2.646,0.808952697547032,1.02801446724534,1.02356342886052,15.6689376547936,15.8522061729857,15.6794611474312,1.02801446724534
2.647,0.808952687972912,1.0280144680762,1.02357267424227,15.6694638294255,15.85220619861,15.6799722061987,1.0280144680762
2.648,0.808952678462619,1.02801446890153,1.02358190634419,15.6699892482642,15.8522062240634,15.680482530886,1.02801446890153
2.649,0.808952669015728,1.02801446972135,1.02359112518535,15.6705139123953,15.8522062493471,15.6809921225478,1.02801446972135
2.65,0.808952659631817,1.02801447053571,1.0236003307848,15.6710378229029,15.8522062744623,15.6815009822368,1.02801447053571
2.651,0.808952650310464,1.02801447134464,1.02360952316156,15.6715609808696,15.85220629941,15.6820091110046,1.02801447134464
2.652,0.808952641051255,1.02801447214818,1.02361870233462,15.6720833873763,15.8522063241915,15.682516509901,1.02801447214818
2.653,0.808952631853773,1.02801447294636,1.02362786832294,15.6726050435026,15.8522063488077,15.6830231799745,1.02801447294636
2.654,0.808952622717608,1.02801447373922,1.02363702114547,15.6731259503262,15.8522063732598,15.683529122272,1.02801447373922
2.655,0.808952613642351,1.02801447452679,1.0236461608211,15.6736461089235,15.8522063975489,15.6840343378388,1.02801447452679
2.656,0.808952604627595,1.02801447530911,1.02365528736873,15.6741655203692,15.852206421676,15.6845388277189,1.02801447530911
2.657,0.808952595672938,1.02801447608622,1.02366440080721,15.6746841857367,15.8522064456424,15.6850425929546,1.02801447608622
2.658,0.808952586777978,1.02801447685815,1.02367350115538,15.6752021060976,15.8522064694489,15.6855456345869,1.02801447685815
2.659,0.808952577942318,1.02801447762493,1.02368258843202,15.6757192825221,15.8522064930967,15.6860479536552,1.02801447762493
2.66,0.808952569165563,1.02801447838659,1.02369166265592,15.6762357160787,15.8522065165869,15.6865495511974,1.02801447838659
2.661,0.808952560447319,1.02801447914318,1.02370072384582,15.6767514078347,15.8522065399205,15.6870504282499,1.02801447914318
2.662,0.808952551787197,1.02801447989473,1.02370977202045,15.6772663588554,15.8522065630985,15.6875505858476,1.02801447989473
2.663,0.808952543184809,1.02801448064127,1.0237188071985,15.677780570205,15.852206586122,15.6880500250239,1.02801448064127
2.664,0.808952534639771,1.02801448138283,1.02372782939863,15.678294042946,15.852206608992,15.688548746811,1.02801448138283
2.665,0.808952526151699,1.02801448211944,1.0237368386395,15.6788067781392,15.8522066317096,15.6890467522391,1.02801448211944
2.666,0.808952517720214,1.02801448285115,1.0237458349397,15.6793187768442,15.8522066542757,15.6895440423373,1.02801448285115
2.667,0.808952509344939,1.02801448357797,1.02375481831783,15.6798300401189,15.8522066766913,15.6900406181332,1.02801448357797
2.668,0.8089525010255,1.02801448429996,1.02376378879245,15.6803405690196,15.8522066989576,15.6905364806527,1.02801448429996
2.669,0.808952492761523,1.02801448501712,1.02377274638209,15.6808503646012,15.8522067210753,15.6910316309205,1.02801448501712
2.67,0.80895248455264,1.02801448572951,1.02378169110526,15.6813594279172,15.8522067430457,15.6915260699596,1.02801448572951
2.671,0.808952476398482,1.02801448643715,1.02379062298043,15.6818677600193,15.8522067648695,15.6920197987917,1.02801448643715
2.672,0.808952468298686,1.02801448714007,1.02379954202608,15.6823753619579,15.8522067865479,15.6925128184369,1.02801448714007
2.673,0.808952460252888,1.0280144878383,1.02380844826061,15.6828822347819,15.8522068080817,15.6930051299139,1.0280144878383
2.674,0.808952452260729,1.02801448853188,1.02381734170243,15.6833883795385,15.852206829472,15.69349673424,1.02801448853188
2.675,0.80895244432185,1.02801448922084,1.02382622236992,15.6838937972736,15.8522068507197,15.6939876324309,1.02801448922084
2.676,0.808952436435898,1.0280144899052,1.02383509028142,15.6843984890314,15.8522068718257,15.6944778255008,1.0280144899052
2.677,0.808952428602519,1.028014490585,1.02384394545526,15.6849024558549,15.852206892791,15.6949673144628,1.028014490585
2.678,0.808952420821362,1.02801449126027,1.02385278790973,15.6854056987853,15.8522069136166,15.6954561003281,1.02801449126027
2.679,0.80895241309208,1.02801449193103,1.0238616176631,15.6859082188624,15.8522069343033,15.6959441841068,1.02801449193103
2.68,0.808952405414326,1.02801449259733,1.02387043473361,15.6864100171247,15.8522069548521,15.6964315668072,1.02801449259733
2.681,0.808952397787757,1.02801449325918,1.02387923913948,15.6869110946088,15.8522069752639,15.6969182494365,1.02801449325918
2.682,0.808952390212032,1.02801449391662,1.0238880308989,15.6874114523502,15.8522069955396,15.6974042330002,1.02801449391662
2.683,0.808952382686812,1.02801449456968,1.02389681003004,15.6879110913827,15.8522070156802,15.6978895185025,1.02801449456968
2.684,0.80895237521176,1.02801449521838,1.02390557655103,15.6884100127387,15.8522070356865,15.6983741069461,1.02801449521838
2.685,0.808952367786541,1.02801449586276,1.02391433047999,15.688908217449,15.8522070555594,15.6988579993323,1.02801449586276
2.686,0.808952360410824,1.02801449650284,1.023923071835,15.6894057065432,15.8522070752998,15.6993411966609,1.02801449650284
2.687,0.808952353084279,1.02801449713866,1.02393180063413,15.6899024810491,15.8522070949086,15.6998236999303,1.02801449713866
2.688,0.808952345806577,1.02801449777023,1.0239405168954,15.6903985419931,15.8522071143867,15.7003055101374,1.02801449777023
2.689,0.808952338577393,1.0280144983976,1.02394922063682,15.6908938904004,15.852207133735,15.7007866282778,1.0280144983976
2.69,0.808952331396404,1.02801449902078,1.02395791187639,15.6913885272942,15.8522071529543,15.7012670553456,1.02801449902078
2.691,0.808952324263288,1.02801449963981,1.02396659063205,15.6918824536968,15.8522071720454,15.7017467923335,1.02801449963981
2.692,0.808952317177726,1.02801450025471,1.02397525692173,15.6923756706286,15.8522071910092,15.7022258402326,1.02801450025471
2.693,0.808952310139401,1.02801450086552,1.02398391076335,15.6928681791088,15.8522072098467,15.7027042000328,1.02801450086552
2.694,0.808952303147998,1.02801450147225,1.02399255217478,15.693359980155,15.8522072285585,15.7031818727226,1.02801450147225
2.695,0.808952296203205,1.02801450207493,1.02400118117387,15.6938510747834,15.8522072471456,15.7036588592888,1.02801450207493
2.696,0.808952289304711,1.0280145026736,1.02400979777846,15.6943414640087,15.8522072656088,15.7041351607171,1.0280145026736
2.697,0.808952282452206,1.02801450326828,1.02401840200634,15.6948311488441,15.8522072839489,15.7046107779915,1.02801450326828
2.698,0.808952275645385,1.02801450385899,1.0240269938753,15.6953201303015,15.8522073021667,15.7050857120949,1.02801450385899
2.699,0.808952268883942,1.02801450444577,1.02403557340308,15.6958084093911,15.8522073202631,15.7055599640085,1.02801450444577
2.7,0.808952262167576,1.02801450502863,1.02404414060741,15.696295987122,15.8522073382389,15.7060335347122,1.02801450502863
2.701,0.808952255495985,1.02801450560761,1.02405269550599,15.6967828645015,15.8522073560948,15.7065064251846,1.02801450560761
2.702,0.808952248868872,1.02801450618272,1.0240612381165,15.6972690425357,15.8522073738316,15.7069786364027,1.02801450618272
2.703,0.80895224228594,1.02801450675401,1.02406976845659,15.697754522229,15.8522073914502,15.7074501693422,1.02801450675401
2.704,0.808952235746893,1.02801450732148,1.02407828654388,15.6982393045847,15.8522074089514,15.7079210249774,1.02801450732148
2.705,0.808952229251441,1.02801450788517,1.02408679239597,15.6987233906043,15.8522074263359,15.7083912042812,1.02801450788517
2.706,0.808952222799291,1.0280145084451,1.02409528603043,15.6992067812882,15.8522074436045,15.7088607082251,1.0280145084451
2.707,0.808952216390156,1.02801450900131,1.02410376746482,15.699689477635,15.8522074607579,15.7093295377791,1.02801450900131
2.708,0.808952210023748,1.0280145095538,1.02411223671665,15.7001714806422,15.852207477797,15.7097976939121,1.0280145095538
2.709,0.808952203699783,1.02801451010261,1.02412069380343,15.7006527913057,15.8522074947225,15.7102651775913,1.02801451010261
2.71,0.808952197417978,1.02801451064776,1.02412913874262,15.70113341062,15.8522075115352,15.7107319897825,1.02801451064776
2.711,0.808952191178052,1.02801451118927,1.02413757155168,15.7016133395781,15.8522075282358,15.7111981314505,1.02801451118927
2.712,0.808952184979725,1.02801451172718,1.02414599224804,15.7020925791717,15.8522075448251,15.7116636035582,1.02801451172718
2.713,0.80895217882272,1.0280145122615,1.02415440084907,15.7025711303911,15.8522075613037,15.7121284070675,1.0280145122615
2.714,0.808952172706762,1.02801451279226,1.02416279737217,15.7030489942249,15.8522075776725,15.7125925429387,1.02801451279226
2.715,0.808952166631577,1.02801451331948,1.02417118183468,15.7035261716606,15.8522075939322,15.7130560121308,1.02801451331948
2.716,0.808952160596893,1.02801451384318,1.02417955425392,15.7040026636841,15.8522076100835,15.7135188156016,1.02801451384318
2.717,0.80895215460244,1.02801451436339,1.02418791464719,15.70447847128,15.8522076261271,15.7139809543071,1.02801451436339
2.718,0.808952148647951,1.02801451488014,1.02419626303176,15.7049535954313,15.8522076420637,15.7144424292024,1.02801451488014
2.719,0.808952142733158,1.02801451539344,1.02420459942488,15.7054280371199,15.8522076578941,15.7149032412408,1.02801451539344
2.72,0.808952136857797,1.02801451590332,1.02421292384378,15.7059017973259,15.852207673619,15.7153633913746,1.02801451590332
2.721,0.808952131021605,1.0280145164098,1.02422123630565,15.7063748770284,15.852207689239,15.7158228805545,1.0280145164098
2.722,0.808952125224321,1.0280145169129,1.02422953682768,15.7068472772047,15.8522077047549,15.7162817097298,1.0280145169129
2.723,0.808952119465685,1.02801451741265,1.024237825427,15.7073189988309,15.8522077201674,15.7167398798487,1.02801451741265
2.724,0.808952113745441,1.02801451790906,1.02424610212075,15.7077900428818,15.8522077354771,15.7171973918578,1.02801451790906
2.725,0.808952108063331,1.02801451840217,1.02425436692602,15.7082604103306,15.8522077506847,15.7176542467025,1.02801451840217
2.726,0.808952102419102,1.02801451889199,1.02426261985989,15.7087301021492,15.852207765791,15.7181104453266,1.02801451889199
2.727,0.808952096812502,1.02801451937855,1.02427086093942,15.7091991193081,15.8522077807965,15.7185659886727,1.02801451937855
2.728,0.808952091243278,1.02801451986186,1.02427909018162,15.7096674627763,15.8522077957021,15.7190208776822,1.02801451986186
2.729,0.808952085711183,1.02801452034195,1.02428730760351,15.7101351335216,15.8522078105082,15.7194751132949,1.02801452034195
2.73,0.808952080215969,1.02801452081883,1.02429551322206,15.7106021325103,15.8522078252156,15.7199286964494,1.02801452081883
2.731,0.808952074757389,1.02801452129254,1.02430370705422,15.7110684607072,15.852207839825,15.7203816280829,1.02801452129254
2.732,0.8089520693352,1.02801452176309,1.02431188911692,15.711534119076,15.852207854337,15.7208339091311,1.02801452176309
2.733,0.808952063949158,1.02801452223051,1.02432005942707,15.7119991085788,15.8522078687523,15.7212855405286,1.02801452223051
2.734,0.808952058599024,1.0280145226948,1.02432821800155,15.7124634301763,15.8522078830714,15.7217365232087,1.0280145226948
2.735,0.808952053284557,1.02801452315601,1.02433636485722,15.7129270848279,15.8522078972951,15.722186858103,1.02801452315601
2.736,0.80895204800552,1.02801452361413,1.0243445000109,15.7133900734916,15.8522079114239,15.7226365461421,1.02801452361413
2.737,0.808952042761677,1.02801452406921,1.02435262347941,15.7138523971241,15.8522079254586,15.7230855882551,1.02801452406921
2.738,0.808952037552792,1.02801452452125,1.02436073527953,15.7143140566807,15.8522079393997,15.7235339853698,1.02801452452125
2.739,0.808952032378634,1.02801452497027,1.02436883542802,15.7147750531151,15.8522079532479,15.7239817384128,1.02801452497027
2.74,0.808952027238969,1.02801452541631,1.02437692394162,15.71523538738,15.8522079670037,15.7244288483091,1.02801452541631
2.741,0.80895202213357,1.02801452585937,1.02438500083703,15.7156950604265,15.8522079806679,15.7248753159826,1.02801452585937
2.742,0.808952017062206,1.02801452629947,1.02439306613095,15.7161540732043,15.8522079942409,15.7253211423558,1.02801452629947
2.743,0.808952012024651,1.02801452673664,1.02440111984004,15.7166124266619,15.8522080077234,15.7257663283498,1.02801452673664
2.744,0.80895200702068,1.0280145271709,1.02440916198094,15.7170701217463,15.8522080211161,15.7262108748845,1.0280145271709
2.745,0.808952002050069,1.02801452760226,1.02441719257027,15.7175271594032,15.8522080344195,15.7266547828784,1.02801452760226
2.746,0.808951997112595,1.02801452803075,1.02442521162461,15.7179835405769,15.8522080476342,15.7270980532487,1.02801452803075
2.747,0.808951992208038,1.02801452845638,1.02443321916053,15.7184392662105,15.8522080607608,15.7275406869113,1.02801452845638
2.748,0.808951987336178,1.02801452887917,1.02444121519459,15.7188943372456,15.8522080737999,15.7279826847807,1.02801452887917
2.749,0.808951982496797,1.02801452929914,1.0244491997433,15.7193487546223,15.852208086752,15.7284240477703,1.02801452929914
2.75,0.808951977689678,1.02801452971632,1.02445717282316,15.7198025192797,15.8522080996179,15.728864776792,1.02801452971632
2.751,0.808951972914607,1.02801453013071,1.02446513445064,15.7202556321553,15.8522081123979,15.7293048727563,1.02801453013071
2.752,0.808951968171369,1.02801453054234,1.02447308464219,15.7207080941854,15.8522081250927,15.7297443365726,1.02801453054234
2.753,0.808951963459754,1.02801453095122,1.02448102341423,15.7211599063047,15.8522081377029,15.730183169149,1.02801453095122
2.754,0.808951958779549,1.02801453135738,1.02448895078318,15.721611069447,15.8522081502291,15.7306213713921,1.02801453135738
2.755,0.808951954130545,1.02801453176083,1.02449686676541,15.7220615845442,15.8522081626717,15.7310589442074,1.02801453176083
2.756,0.808951949512535,1.0280145321616,1.02450477137727,15.7225114525274,15.8522081750314,15.731495888499,1.0280145321616
2.757,0.808951944925311,1.02801453255969,1.02451266463509,15.722960674326,15.8522081873087,15.7319322051696,1.02801453255969
2.758,0.808951940368669,1.02801453295512,1.0245205465552,15.7234092508681,15.8522081995041,15.7323678951209,1.02801453295512
2.759,0.808951935842405,1.02801453334792,1.02452841715386,15.7238571830808,15.8522082116182,15.732802959253,1.02801453334792
2.76,0.808951931346315,1.02801453373811,1.02453627644734,15.7243044718894,15.8522082236516,15.7332373984648,1.02801453373811
2.761,0.8089519268802,1.02801453412569,1.02454412445188,15.7247511182182,15.8522082356048,15.733671213654,1.02801453412569
2.762,0.808951922443859,1.02801453451068,1.0245519611837,15.7251971229899,15.8522082474782,15.7341044057169,1.02801453451068
2.763,0.808951918037093,1.02801453489311,1.02455978665898,15.7256424871263,15.8522082592725,15.7345369755487,1.02801453489311
2.764,0.808951913659706,1.02801453527299,1.0245676008939,15.7260872115474,15.8522082709882,15.734968924043,1.02801453527299
2.765,0.808951909311501,1.02801453565034,1.02457540390459,15.7265312971722,15.8522082826258,15.7354002520923,1.02801453565034
2.766,0.808951904992284,1.02801453602517,1.02458319570719,15.7269747449182,15.8522082941858,15.735830960588,1.02801453602517
2.767,0.808951900701862,1.02801453639751,1.02459097631779,15.7274175557017,15.8522083056687,15.7362610504198,1.02801453639751
2.768,0.808951896440043,1.02801453676736,1.02459874575247,15.7278597304376,15.8522083170751,15.7366905224764,1.02801453676736
2.769,0.808951892206636,1.02801453713474,1.02460650402727,15.7283012700395,15.8522083284054,15.7371193776453,1.02801453713474
2.77,0.808951888001452,1.02801453749968,1.02461425115824,15.7287421754198,15.8522083396602,15.7375476168124,1.02801453749968
2.771,0.808951883824302,1.02801453786218,1.02462198716137,15.7291824474895,15.8522083508399,15.7379752408627,1.02801453786218
2.772,0.808951879675,1.02801453822227,1.02462971205264,15.7296220871581,15.8522083619452,15.7384022506797,1.02801453822227
2.773,0.80895187555336,1.02801453857995,1.02463742584803,15.7300610953342,15.8522083729763,15.7388286471457,1.02801453857995
2.774,0.808951871459198,1.02801453893526,1.02464512856347,15.7304994729248,15.852208383934,15.7392544311416,1.02801453893526
2.775,0.80895186739233,1.02801453928819,1.02465282021487,15.7309372208356,15.8522083948186,15.7396796035473,1.02801453928819
2.776,0.808951863352575,1.02801453963877,1.02466050081812,15.7313743399712,15.8522084056306,15.7401041652412,1.02801453963877
2.777,0.808951859339751,1.02801453998701,1.02466817038909,15.7318108312347,15.8522084163706,15.7405281171006,1.02801453998701
2.778,0.808951855353679,1.02801454033293,1.02467582894364,15.732246695528,15.8522084270389,15.7409514600014,1.02801454033293
2.779,0.808951851394181,1.02801454067655,1.02468347649758,15.7326819337517,15.8522084376362,15.7413741948183,1.02801454067655
2.78,0.80895184746108,1.02801454101787,1.02469111306671,15.733116546805,15.8522084481628,15.7417963224248,1.02801454101787
2.781,0.8089518435542,1.02801454135692,1.02469873866681,15.733550535586,15.8522084586192,15.742217843693,1.02801454135692
2.782,0.808951839673365,1.02801454169371,1.02470635331365,15.7339839009913,15.8522084690059,15.742638759494,1.02801454169371
2.783,0.808951835818402,1.02801454202825,1.02471395702294,15.7344166439165,15.8522084793233,15.7430590706973,1.02801454202825
2.784,0.80895183198914,1.02801454236056,1.0247215498104,15.7348487652555,15.852208489572,15.7434787781716,1.02801454236056
2.785,0.808951828185406,1.02801454269066,1.02472913169172,15.7352802659013,15.8522084997523,15.7438978827838,1.02801454269066
2.786,0.80895182440703,1.02801454301856,1.02473670268257,15.7357111467454,15.8522085098648,15.7443163854001,1.02801454301856
2.787,0.808951820653843,1.02801454334427,1.02474426279858,15.7361414086782,15.8522085199099,15.744734286885,1.02801454334427
2.788,0.808951816925677,1.02801454366781,1.02475181205538,15.7365710525885,15.852208529888,15.7451515881021,1.02801454366781
2.789,0.808951813222366,1.02801454398919,1.02475935046857,15.7370000793642,15.8522085397995,15.7455682899136,1.02801454398919
2.79,0.808951809543743,1.02801454430843,1.02476687805371,15.7374284898917,15.852208549645,15.7459843931805,1.02801454430843
2.791,0.808951805889645,1.02801454462554,1.02477439482637,15.7378562850561,15.8522085594249,15.7463998987625,1.02801454462554
2.792,0.808951802259908,1.02801454494054,1.02478190080207,15.7382834657414,15.8522085691396,15.7468148075181,1.02801454494054
2.793,0.808951798654368,1.02801454525344,1.02478939599632,15.7387100328303,15.8522085787894,15.7472291203047,1.02801454525344
2.794,0.808951795072866,1.02801454556425,1.02479688042462,15.739135987204,15.852208588375,15.7476428379781,1.02801454556425
2.795,0.80895179151524,1.02801454587299,1.02480435410241,15.7395613297427,15.8522085978967,15.7480559613934,1.02801454587299
2.796,0.808951787981332,1.02801454617967,1.02481181704515,15.7399860613252,15.8522086073549,15.748468491404,1.02801454617967
2.797,0.808951784470983,1.02801454648431,1.02481926926825,15.7404101828292,15.85220861675,15.7488804288624,1.02801454648431
2.798,0.808951780984036,1.02801454678691,1.02482671078711,15.7408336951308,15.8522086260825,15.7492917746196,1.02801454678691
2.799,0.808951777520336,1.0280145470875,1.02483414161711,15.7412565991053,15.8522086353528,15.7497025295256,1.0280145470875
2.8,0.808951774079727,1.02801454738608,1.02484156177359,15.7416788956263,15.8522086445612,15.7501126944291,1.02801454738608
2.801,0.808951770662056,1.02801454768268,1.0248489712719,15.7421005855664,15.8522086537083,15.7505222701775,1.02801454768268
2.802,0.808951767267169,1.02801454797729,1.02485637012733,15.742521669797,15.8522086627944,15.7509312576172,1.02801454797729
2.803,0.808951763894914,1.02801454826995,1.02486375835518,15.742942149188,15.8522086718199,15.7513396575932,1.02801454826995
2.804,0.808951760545142,1.02801454856065,1.02487113597071,15.7433620246083,15.8522086807853,15.7517474709492,1.02801454856065
2.805,0.808951757217701,1.02801454884941,1.02487850298917,15.7437812969253,15.8522086896909,15.7521546985279,1.02801454884941
2.806,0.808951753912443,1.02801454913625,1.02488585942577,15.7441999670054,15.8522086985371,15.7525613411708,1.02801454913625
2.807,0.80895175062922,1.02801454942118,1.02489320529572,15.7446180357137,15.8522087073244,15.752967399718,1.02801454942118
2.808,0.808951747367885,1.0280145497042,1.02490054061419,15.7450355039139,15.852208716053,15.7533728750085,1.0280145497042
2.809,0.808951744128292,1.02801454998534,1.02490786539634,15.7454523724686,15.8522087247235,15.75377776788,1.02801454998534
2.81,0.808951740910297,1.02801455026461,1.0249151796573,15.7458686422392,15.8522087333362,15.7541820791693,1.02801455026461
2.811,0.808951737713755,1.02801455054201,1.02492248341219,15.7462843140857,15.8522087418914,15.7545858097116,1.02801455054201
2.812,0.808951734538524,1.02801455081757,1.02492977667609,15.746699388867,15.8522087503896,15.7549889603412,1.02801455081757
2.813,0.80895173138446,1.02801455109128,1.02493705946407,15.7471138674407,15.8522087588312,15.755391531891,1.02801455109128
2.814,0.808951728251424,1.02801455136318,1.02494433179119,15.7475277506632,15.8522087672165,15.7557935251929,1.02801455136318
2.815,0.808951725139274,1.02801455163326,1.02495159367246,15.7479410393897,15.8522087755459,15.7561949410773,1.02801455163326
2.816,0.808951722047872,1.02801455190154,1.0249588451229,15.7483537344741,15.8522087838197,15.7565957803737,1.02801455190154
2.817,0.80895171897708,1.02801455216803,1.02496608615748,15.7487658367691,15.8522087920384,15.7569960439104,1.02801455216803
2.818,0.808951715926759,1.02801455243274,1.02497331679117,15.7491773471261,15.8522088002023,15.7573957325143,1.02801455243274
2.819,0.808951712896774,1.02801455269569,1.0249805370389,15.7495882663955,15.8522088083118,15.7577948470112,1.02801455269569
2.82,0.808951709886989,1.02801455295689,1.02498774691559,15.7499985954263,15.8522088163672,15.7581933882259,1.02801455295689
2.821,0.808951706897269,1.02801455321634,1.02499494643614,15.7504083350663,15.8522088243689,15.7585913569817,1.02801455321634
2.822,0.808951703927481,1.02801455347407,1.02500213561543,15.7508174861621,15.8522088323173,15.7589887541009,1.02801455347407
2.823,0.808951700977491,1.02801455373007,1.0250093144683,15.751226049559,15.8522088402126,15.7593855804047,1.02801455373007
2.824,0.808951698047168,1.02801455398437,1.0250164830096,15.7516340261013,15.8522088480554,15.759781836713,1.02801455398437
2.825,0.80895169513638,1.02801455423698,1.02502364125413,15.7520414166319,15.8522088558458,15.7601775238444,1.02801455423698
2.826,0.808951692244998,1.0280145544879,1.02503078921668,15.7524482219925,15.8522088635844,15.7605726426166,1.0280145544879
2.827,0.808951689372891,1.02801455473715,1.02503792691202,15.7528544430237,15.8522088712713,15.7609671938459,1.02801455473715
2.828,0.808951686519932,1.02801455498474,1.0250450543549,15.7532600805648,15.852208878907,15.7613611783476,1.02801455498474
2.829,0.808951683685992,1.02801455523067,1.02505217156004,15.753665135454,15.8522088864918,15.7617545969356,1.02801455523067
2.83,0.808951680870946,1.02801455547497,1.02505927854216,15.754069608528,15.852208894026,15.762147450423,1.02801455547497
2.831,0.808951678074666,1.02801455571764,1.02506637531593,15.7544735006228,15.85220890151,15.7625397396213,1.02801455571764
2.832,0.808951675297028,1.02801455595869,1.02507346189601,15.7548768125727,15.852208908944,15.7629314653412,1.02801455595869
2.833,0.808951672537908,1.02801455619813,1.02508053829706,15.7552795452111,15.8522089163286,15.7633226283919,1.02801455619813
2.834,0.808951669797182,1.02801455643598,1.02508760453368,15.7556816993702,15.8522089236639,15.7637132295817,1.02801455643598
2.835,0.808951667074727,1.02801455667224,1.02509466062049,15.7560832758808,15.8522089309503,15.7641032697177,1.02801455667224
2.836,0.808951664370423,1.02801455690692,1.02510170657205,15.7564842755726,15.8522089381881,15.7644927496058,1.02801455690692
2.837,0.808951661684147,1.02801455714005,1.02510874240293,15.7568846992743,15.8522089453777,15.7648816700507,1.02801455714005
2.838,0.808951659015779,1.02801455737161,1.02511576812766,15.7572845478131,15.8522089525193,15.7652700318559,1.02801455737161
2.839,0.8089516563652,1.02801455760164,1.02512278376077,15.7576838220152,15.8522089596134,15.7656578358239,1.02801455760164
2.84,0.808951653732292,1.02801455783013,1.02512978931674,15.7580825227057,15.8522089666601,15.766045082756,1.02801455783013
2.841,0.808951651116937,1.02801455805709,1.02513678481004,15.7584806507082,15.8522089736598,15.7664317734523,1.02801455805709
2.842,0.808951648519018,1.02801455828255,1.02514377025515,15.7588782068454,15.8522089806129,15.7668179087117,1.02801455828255
2.843,0.808951645938418,1.0280145585065,1.02515074566647,15.7592751919387,15.8522089875197,15.7672034893321,1.0280145585065
2.844,0.808951643375021,1.02801455872896,1.02515771105844,15.7596716068084,15.8522089943804,15.7675885161102,1.02801455872896
2.845,0.808951640828715,1.02801455894993,1.02516466644544,15.7600674522735,15.8522090011953,15.7679729898416,1.02801455894993
2.846,0.808951638299383,1.02801455916943,1.02517161184184,15.7604627291519,15.8522090079649,15.7683569113205,1.02801455916943
2.847,0.808951635786914,1.02801455938747,1.02517854726199,15.7608574382603,15.8522090146893,15.7687402813402,1.02801455938747
2.848,0.808951633291195,1.02801455960406,1.02518547272022,15.7612515804143,15.8522090213688,15.7691231006929,1.02801455960406
2.849,0.808951630812113,1.0280145598192,1.02519238823084,15.7616451564282,15.8522090280039,15.7695053701695,1.0280145598192
2.85,0.808951628349559,1.0280145600329,1.02519929380814,15.7620381671153,15.8522090345946,15.7698870905599,1.0280145600329
2.851,0.808951625903422,1.02801456024518,1.02520618946638,15.7624306132875,15.8522090411415,15.7702682626528,1.02801456024518
2.852,0.808951623473593,1.02801456045605,1.02521307521982,15.7628224957558,15.8522090476447,15.7706488872357,1.02801456045605
2.853,0.808951621059962,1.02801456066551,1.02521995108268,15.7632138153298,15.8522090541046,15.7710289650951,1.02801456066551
2.854,0.808951618662422,1.02801456087358,1.02522681706917,15.763604572818,15.8522090605214,15.7714084970162,1.02801456087358
2.855,0.808951616280866,1.02801456108025,1.02523367319347,15.763994769028,15.8522090668954,15.7717874837834,1.02801456108025
2.856,0.808951613915187,1.02801456128555,1.02524051946976,15.7643844047657,15.8522090732269,15.7721659261795,1.02801456128555
2.857,0.808951611565279,1.02801456148948,1.02524735591216,15.7647734808364,15.8522090795162,15.7725438249867,1.02801456148948
2.858,0.808951609231037,1.02801456169206,1.02525418253482,15.7651619980439,15.8522090857636,15.7729211809855,1.02801456169206
2.859,0.808951606912357,1.02801456189328,1.02526099935183,15.765549957191,15.8522090919694,15.7732979949558,1.02801456189328
2.86,0.808951604609135,1.02801456209316,1.02526780637728,15.7659373590792,15.8522090981337,15.7736742676762,1.02801456209316
2.861,0.808951602321267,1.0280145622917,1.02527460362523,15.7663242045091,15.852209104257,15.7740499999239,1.0280145622917
2.862,0.808951600048652,1.02801456248892,1.02528139110974,15.7667104942798,15.8522091103394,15.7744251924755,1.02801456248892
2.863,0.808951597791188,1.02801456268483,1.02528816884481,15.7670962291896,15.8522091163813,15.7747998461061,1.02801456268483
2.864,0.808951595548773,1.02801456287944,1.02529493684446,15.7674814100354,15.8522091223829,15.7751739615897,1.02801456287944
2.865,0.808951593321308,1.02801456307274,1.02530169512267,15.7678660376132,15.8522091283446,15.7755475396995,1.02801456307274
2.866,0.808951591108693,1.02801456326476,1.0253084436934,15.7682501127175,15.8522091342664,15.7759205812072,1.02801456326476
2.867,0.808951588910828,1.02801456345549,1.0253151825706,15.768633636142,15.8522091401488,15.7762930868836,1.02801456345549
2.868,0.808951586727616,1.02801456364496,1.02532191176819,15.769016608679,15.852209145992,15.7766650574985,1.02801456364496
2.869,0.808951584558958,1.02801456383316,1.02532863130007,15.76939903112,15.8522091517962,15.7770364938203,1.02801456383316
2.87,0.808951582404759,1.02801456402011,1.02533534118014,15.769780904255,15.8522091575617,15.7774073966165,1.02801456402011
2.871,0.80895158026492,1.02801456420581,1.02534204142224,15.7701622288731,15.8522091632888,15.7777777666535,1.02801456420581
2.872,0.808951578139347,1.02801456439027,1.02534873204022,15.7705430057621,15.8522091689777,15.7781476046965,1.02801456439027
2.873,0.808951576027945,1.0280145645735,1.02535541304792,15.7709232357088,15.8522091746287,15.7785169115096,1.0280145645735
2.874,0.808951573930619,1.02801456475551,1.02536208445913,15.7713029194989,15.852209180242,15.778885687856,1.02801456475551
2.875,0.808951571847275,1.02801456493631,1.02536874628763,15.7716820579167,15.8522091858178,15.7792539344976,1.02801456493631
2.876,0.80895156977782,1.0280145651159,1.0253753985472,15.7720606517458,15.8522091913565,15.7796216521951,1.0280145651159
2.877,0.808951567722161,1.0280145652943,1.02538204125157,15.7724387017682,15.8522091968583,15.7799888417085,1.0280145652943
2.878,0.808951565680207,1.0280145654715,1.02538867441447,15.7728162087653,15.8522092023234,15.7803555037964,1.0280145654715
2.879,0.808951563651865,1.02801456564753,1.02539529804961,15.7731931735168,15.8522092077521,15.7807216392163,1.02801456564753
2.88,0.808951561637046,1.02801456582238,1.02540191217067,15.7735695968018,15.8522092131446,15.7810872487249,1.02801456582238
2.881,0.808951559635659,1.02801456599606,1.02540851679131,15.7739454793979,15.8522092185011,15.7814523330774,1.02801456599606
2.882,0.808951557647615,1.02801456616859,1.02541511192519,15.7743208220819,15.8522092238219,15.7818168930282,1.02801456616859
2.883,0.808951555672824,1.02801456633997,1.02542169758593,15.7746956256292,15.8522092291073,15.7821809293306,1.02801456633997
2.884,0.808951553711198,1.0280145665102,1.02542827378714,15.7750698908143,15.8522092343574,15.7825444427367,1.0280145665102
2.885,0.80895155176265,1.0280145666793,1.0254348405424,15.7754436184104,15.8522092395725,15.7829074339976,1.0280145666793
2.886,0.808951549827093,1.02801456684727,1.02544139786528,15.7758168091898,15.8522092447528,15.7832699038633,1.02801456684727
2.887,0.808951547904439,1.02801456701413,1.02544794576933,15.7761894639234,15.8522092498987,15.7836318530827,1.02801456701413
2.888,0.808951545994603,1.02801456717987,1.02545448426808,15.7765615833814,15.8522092550102,15.7839932824038,1.02801456717987
2.889,0.808951544097499,1.0280145673445,1.02546101337504,15.7769331683325,15.8522092600876,15.7843541925732,1.0280145673445
2.89,0.808951542213042,1.02801456750804,1.0254675331037,15.7773042195446,15.8522092651312,15.7847145843366,1.02801456750804
2.891,0.808951540341148,1.02801456767049,1.02547404346753,15.7776747377842,15.8522092701411,15.7850744584388,1.02801456767049
2.892,0.808951538481734,1.02801456783185,1.02548054447999,15.7780447238169,15.8522092751177,15.7854338156232,1.02801456783185
2.893,0.808951536634716,1.02801456799214,1.02548703615449,15.7784141784072,15.852209280061,15.7857926566324,1.02801456799214
2.894,0.808951534800011,1.02801456815136,1.02549351850446,15.7787831023185,15.8522092849715,15.7861509822078,1.02801456815136
2.895,0.808951532977538,1.02801456830952,1.02549999154329,15.7791514963129,15.8522092898491,15.7865087930897,1.02801456830952
2.896,0.808951531167214,1.02801456846662,1.02550645528436,15.7795193611518,15.8522092946943,15.7868660900175,1.02801456846662
2.897,0.808951529368959,1.02801456862268,1.02551290974101,15.7798866975951,15.8522092995072,15.7872228737293,1.02801456862268
2.898,0.808951527582693,1.0280145687777,1.02551935492659,15.7802535064018,15.8522093042879,15.7875791449625,1.0280145687777
2.899,0.808951525808335,1.02801456893168,1.02552579085442,15.7806197883298,15.8522093090369,15.787934904453,1.02801456893168
2.9,0.808951524045806,1.02801456908464,1.02553221753778,15.780985544136,15.8522093137541,15.7882901529359,1.02801456908464
2.901,0.808951522295028,1.02801456923657,1.02553863498996,15.781350774576,15.8522093184399,15.7886448911453,1.02801456923657
2.902,0.808951520555921,1.0280145693875,1.02554504322422,15.7817154804044,15.8522093230945,15.7889991198141,1.0280145693875
2.903,0.808951518828408,1.02801456953742,1.02555144225379,15.7820796623749,15.852209327718,15.7893528396742,1.02801456953742
2.904,0.808951517112412,1.02801456968633,1.02555783209191,15.7824433212399,15.8522093323107,15.7897060514565,1.02801456968633
2.905,0.808951515407856,1.02801456983426,1.02556421275177,15.7828064577507,15.8522093368728,15.7900587558907,1.02801456983426
2.906,0.808951513714663,1.0280145699812,1.02557058424655,15.7831690726577,15.8522093414045,15.7904109537056,1.0280145699812
2.907,0.808951512032759,1.02801457012716,1.02557694658942,15.7835311667101,15.8522093459059,15.7907626456289,1.02801457012716
2.908,0.808951510362067,1.02801457027215,1.02558329979353,15.783892740656,15.8522093503774,15.7911138323872,1.02801457027215
2.909,0.808951508702514,1.02801457041617,1.025589643872,15.7842537952426,15.852209354819,15.7914645147062,1.02801457041617
2.91,0.808951507054024,1.02801457055923,1.02559597883794,15.7846143312158,15.8522093592311,15.7918146933104,1.02801457055923
2.911,0.808951505416523,1.02801457070133,1.02560230470444,15.7849743493205,15.8522093636137,15.7921643689234,1.02801457070133
2.912,0.80895150378994,1.02801457084249,1.02560862148457,15.7853338503007,15.8522093679671,15.7925135422677,1.02801457084249
2.913,0.8089515021742,1.02801457098271,1.02561492919138,15.785692834899,15.8522093722915,15.7928622140647,1.02801457098271
2.914,0.808951500569232,1.02801457112199,1.0256212278379,15.7860513038573,15.852209376587,15.7932103850348,1.02801457112199
2.915,0.808951498974964,1.02801457126035,1.02562751743715,15.7864092579162,15.8522093808539,15.7935580558974,1.02801457126035
2.916,0.808951497391325,1.02801457139778,1.02563379800213,15.7867666978152,15.8522093850924,15.7939052273708,1.02801457139778
2.917,0.808951495818242,1.02801457153429,1.0256400695458,15.787123624293,15.8522093893026,15.7942519001725,1.02801457153429
2.918,0.808951494255647,1.0280145716699,1.02564633208113,15.787480038087,15.8522093934847,15.7945980750185,1.0280145716699
2.919,0.80895149270347,1.0280145718046,1.02565258562106,15.7878359399336,15.852209397639,15.7949437526244,1.0280145718046
2.92,0.80895149116164,1.02801457193841,1.0256588301785,15.7881913305681,15.8522094017656,15.7952889337041,1.02801457193841
2.921,0.808951489630089,1.02801457207132,1.02566506576637,15.7885462107249,15.8522094058646,15.795633618971,1.02801457207132
2.922,0.808951488108749,1.02801457220334,1.02567129239754,15.7889005811372,15.8522094099363,15.7959778091372,1.02801457220334
2.923,0.80895148659755,1.02801457233449,1.02567751008487,15.7892544425372,15.8522094139809,15.796321504914,1.02801457233449
2.924,0.808951485096427,1.02801457246476,1.02568371884123,15.789607795656,15.8522094179985,15.7966647070113,1.02801457246476
2.925,0.808951483605311,1.02801457259416,1.02568991867942,15.7899606412238,15.8522094219894,15.7970074161384,1.02801457259416
2.926,0.808951482124135,1.0280145727227,1.02569610961227,15.7903129799695,15.8522094259536,15.7973496330033,1.0280145727227
2.927,0.808951480652834,1.02801457285039,1.02570229165257,15.7906648126212,15.8522094298914,15.7976913583131,1.02801457285039
2.928,0.808951479191342,1.02801457297722,1.02570846481308,15.7910161399058,15.852209433803,15.7980325927739,1.02801457297722
2.929,0.808951477739593,1.0280145731032,1.02571462910657,15.7913669625492,15.8522094376884,15.7983733370907,1.0280145731032
2.93,0.808951476297523,1.02801457322835,1.02572078454577,15.7917172812763,15.852209441548,15.7987135919676,1.02801457322835
2.931,0.808951474865066,1.02801457335266,1.02572693114339,15.7920670968109,15.8522094453818,15.7990533581076,1.02801457335266
2.932,0.808951473442159,1.02801457347615,1.02573306891214,15.7924164098757,15.8522094491901,15.7993926362127,1.02801457347615
2.933,0.808951472028738,1.02801457359881,1.0257391978647,15.7927652211925,15.852209452973,15.7997314269839,1.02801457359881
2.934,0.808951470624739,1.02801457372065,1.02574531801374,15.7931135314821,15.8522094567307,15.8000697311212,1.02801457372065
2.935,0.808951469230101,1.02801457384168,1.02575142937189,15.7934613414641,15.8522094604633,15.8004075493236,1.02801457384168
2.936,0.80895146784476,1.0280145739619,1.02575753195178,15.793808651857,15.852209464171,15.8007448822891,1.0280145739619
2.937,0.808951466468655,1.02801457408132,1.02576362576603,15.7941554633786,15.8522094678541,15.8010817307146,1.02801457408132
2.938,0.808951465101724,1.02801457419995,1.02576971082723,15.7945017767454,15.8522094715125,15.8014180952963,1.02801457419995
2.939,0.808951463743906,1.02801457431778,1.02577578714794,15.794847592673,15.8522094751466,15.801753976729,1.02801457431778
2.94,0.80895146239514,1.02801457443483,1.02578185474072,15.7951929118758,15.8522094787565,15.8020893757068,1.02801457443483
2.941,0.808951461055366,1.0280145745511,1.02578791361811,15.7955377350673,15.8522094823422,15.8024242929226,1.0280145745511
2.942,0.808951459724523,1.0280145746666,1.02579396379263,15.7958820629601,15.8522094859041,15.8027587290684,1.0280145746666
2.943,0.808951458402553,1.02801457478132,1.02580000527677,15.7962258962655,15.8522094894423,15.8030926848353,1.02801457478132
2.944,0.808951457089396,1.02801457489528,1.02580603808303,15.796569235694,15.8522094929568,15.8034261609132,1.02801457489528
2.945,0.808951455784994,1.02801457500848,1.02581206222386,15.796912081955,15.8522094964479,15.8037591579912,1.02801457500848
2.946,0.808951454489287,1.02801457512092,1.02581807771171,15.7972544357568,15.8522094999158,15.8040916767573,1.02801457512092
2.947,0.808951453202219,1.02801457523262,1.02582408455901,15.7975962978068,15.8522095033605,15.8044237178985,1.02801457523262
2.948,0.80895145192373,1.02801457534357,1.02583008277818,15.7979376688114,15.8522095067822,15.804755282101,1.02801457534357
2.949,0.808951450653766,1.02801457545378,1.0258360723816,15.7982785494759,15.8522095101812,15.8050863700497,1.02801457545378
2.95,0.808951449392267,1.02801457556325,1.02584205338165,15.7986189405046,15.8522095135575,15.8054169824287,1.02801457556325
2.951,0.808951448139179,1.028014575672,1.02584802579069,15.7989588426008,15.8522095169112,15.8057471199212,1.028014575672
2.952,0.808951446894444,1.02801457578002,1.02585398962105,15.7992982564668,15.8522095202427,15.8060767832092,1.02801457578002
2.953,0.808951445658008,1.02801457588732,1.02585994488507,15.7996371828039,15.8522095235519,15.806405972974,1.02801457588732
2.954,0.808951444429815,1.02801457599391,1.02586589159504,15.7999756223124,15.852209526839,15.8067346898956,1.02801457599391
2.955,0.808951443209809,1.02801457609978,1.02587182976326,15.8003135756916,15.8522095301043,15.8070629346533,1.02801457609978
2.956,0.808951441997937,1.02801457620495,1.02587775940199,15.8006510436397,15.8522095333477,15.8073907079253,1.02801457620495
2.957,0.808951440794144,1.02801457630942,1.02588368052348,15.8009880268539,15.8522095365696,15.8077180103888,1.02801457630942
2.958,0.808951439598377,1.02801457641319,1.02588959313996,15.8013245260307,15.8522095397699,15.80804484272,1.02801457641319
2.959,0.808951438410581,1.02801457651627,1.02589549726366,15.8016605418652,15.8522095429489,15.8083712055943,1.02801457651627
2.96,0.808951437230704,1.02801457661866,1.02590139290677,15.8019960750516,15.8522095461068,15.808697099686,1.02801457661866
2.961,0.808951436058692,1.02801457672037,1.02590728008148,15.8023311262833,15.8522095492436,15.8090225256684,1.02801457672037
2.962,0.808951434894494,1.02801457682141,1.02591315879994,15.8026656962526,15.8522095523594,15.809347484214,1.02801457682141
2.963,0.808951433738058,1.02801457692176,1.02591902907431,15.8029997856507,15.8522095554545,15.809671975994,1.02801457692176
2.964,0.808951432589331,1.02801457702145,1.02592489091671,15.8033333951678,15.852209558529,15.8099960016791,1.02801457702145
2.965,0.808951431448262,1.02801457712048,1.02593074433925,15.8036665254934,15.8522095615829,15.8103195619387,1.02801457712048
2.966,0.8089514303148,1.02801457721884,1.02593658935403,15.8039991773157,15.8522095646166,15.8106426574412,1.02801457721884
2.967,0.808951429188895,1.02801457731655,1.02594242597313,15.8043313513219,15.8522095676299,15.8109652888544,1.02801457731655
2.968,0.808951428070495,1.02801457741361,1.0259482542086,15.8046630481986,15.8522095706232,15.8112874568448,1.02801457741361
2.969,0.808951426959552,1.02801457751002,1.02595407407248,15.8049942686309,15.8522095735966,15.811609162078,1.02801457751002
2.97,0.808951425856015,1.02801457760579,1.02595988557681,15.8053250133032,15.8522095765501,15.8119304052188,1.02801457760579
2.971,0.808951424759835,1.02801457770092,1.02596568873359,15.805655282899,15.8522095794839,15.8122511869309,1.02801457770092
2.972,0.808951423670963,1.02801457779541,1.0259714835548,15.8059850781006,15.8522095823982,15.8125715078771,1.02801457779541
2.973,0.80895142258935,1.02801457788928,1.02597727005243,15.8063143995894,15.852209585293,15.8128913687192,1.02801457788928
2.974,0.808951421514947,1.02801457798252,1.02598304823843,15.8066432480459,15.8522095881686,15.8132107701181,1.02801457798252
2.975,0.808951420447708,1.02801457807513,1.02598881812473,15.8069716241495,15.8522095910249,15.8135297127338,1.02801457807513
2.976,0.808951419387583,1.02801457816713,1.02599457972326,15.8072995285787,15.8522095938623,15.8138481972252,1.02801457816713
2.977,0.808951418334526,1.02801457825852,1.02600033304593,15.8076269620111,15.8522095966807,15.8141662242504,1.02801457825852
2.978,0.808951417288489,1.0280145783493,1.02600607810461,15.807953925123,15.8522095994803,15.8144837944665,1.0280145783493
2.979,0.808951416249426,1.02801457843947,1.02601181491118,15.8082804185902,15.8522096022612,15.8148009085296,1.02801457843947
2.98,0.80895141521729,1.02801457852904,1.0260175434775,15.8086064430872,15.8522096050237,15.8151175670949,1.02801457852904
2.981,0.808951414192034,1.02801457861802,1.0260232638154,15.8089319992876,15.8522096077677,15.8154337708168,1.02801457861802
2.982,0.808951413173614,1.0280145787064,1.02602897593669,15.809257087864,15.8522096104934,15.8157495203486,1.0280145787064
2.983,0.808951412161983,1.02801457879419,1.02603467985319,15.8095817094882,15.8522096132009,15.8160648163425,1.02801457879419
2.984,0.808951411157097,1.0280145788814,1.02604037557667,15.809905864831,15.8522096158904,15.8163796594502,1.0280145788814
2.985,0.80895141015891,1.02801457896802,1.02604606311891,15.8102295545619,15.852209618562,15.8166940503221,1.02801457896802
2.986,0.808951409167377,1.02801457905407,1.02605174249165,15.8105527793499,15.8522096212157,15.8170079896078,1.02801457905407
2.987,0.808951408182454,1.02801457913954,1.02605741370663,15.8108755398628,15.8522096238518,15.817321477956,1.02801457913954
2.988,0.808951407204098,1.02801457922445,1.02606307677557,15.8111978367675,15.8522096264702,15.8176345160143,1.02801457922445
2.989,0.808951406232264,1.02801457930878,1.02606873171017,15.8115196707298,15.8522096290713,15.8179471044296,1.02801457930878
2.99,0.808951405266909,1.02801457939256,1.02607437852211,15.8118410424148,15.8522096316549,15.8182592438477,1.02801457939256
2.991,0.80895140430799,1.02801457947578,1.02608001722306,15.8121619524865,15.8522096342214,15.8185709349136,1.02801457947578
2.992,0.808951403355463,1.02801457955844,1.02608564782467,15.8124824016078,15.8522096367708,15.8188821782713,1.02801457955844
2.993,0.808951402409287,1.02801457964055,1.02609127033857,15.812802390441,15.8522096393031,15.8191929745638,1.02801457964055
2.994,0.808951401469418,1.02801457972212,1.02609688477639,15.8131219196471,15.8522096418186,15.8195033244333,1.02801457972212
2.995,0.808951400535815,1.02801457980314,1.02610249114972,15.8134409898864,15.8522096443173,15.8198132285211,1.02801457980314
2.996,0.808951399608437,1.02801457988362,1.02610808947014,15.8137596018182,15.8522096467993,15.8201226874674,1.02801457988362
2.997,0.80895139868724,1.02801457996356,1.02611367974922,15.8140777561006,15.8522096492648,15.8204317019117,1.02801457996356
2.998,0.808951397772185,1.02801458004297,1.02611926199852,15.8143954533912,15.8522096517139,15.8207402724924,1.02801458004297
2.999,0.808951396863231,1.02801458012185,1.02612483622956,15.8147126943462,15.8522096541466,15.8210483998471,1.02801458012185
3,0.808951395960336,1.02801458020021,1.02613040245387,15.8150294796213,15.8522096565631,15.8213560846124,1.02801458020021
3.001,0.80895139506346,1.02801458027804,1.02613596068294,15.8153458098708,15.8522096589635,15.8216633274241,1.02801458027804
3.002,0.808951394172564,1.02801458035535,1.02614151092826,15.8156616857485,15.8522096613479,15.821970128917,1.02801458035535
3.003,0.808951393287607,1.02801458043215,1.0261470532013,15.8159771079069,15.8522096637165,15.8222764897249,1.02801458043215
3.004,0.80895139240855,1.02801458050844,1.02615258751351,15.8162920769978,15.8522096660692,15.8225824104809,1.02801458050844
3.005,0.808951391535353,1.02801458058422,1.02615811387631,15.816606593672,15.8522096684062,15.8228878918171,1.02801458058422
3.006,0.808951390667977,1.02801458065949,1.02616363230114,15.8169206585792,15.8522096707277,15.8231929343646,1.02801458065949
3.007,0.808951389806384,1.02801458073426,1.02616914279939,15.8172342723685,15.8522096730336,15.8234975387538,1.02801458073426
3.008,0.808951388950535,1.02801458080854,1.02617464538245,15.8175474356878,15.8522096753242,15.8238017056138,1.02801458080854
3.009,0.808951388100391,1.02801458088231,1.02618014006169,15.8178601491841,15.8522096775996,15.8241054355734,1.02801458088231
3.01,0.808951387255915,1.0280145809556,1.02618562684846,15.8181724135035,15.8522096798597,15.8244087292599,1.0280145809556
3.011,0.808951386417069,1.0280145810284,1.02619110575409,15.8184842292914,15.8522096821048,15.8247115873001,1.0280145810284
3.012,0.808951385583815,1.02801458110071,1.02619657678991,15.8187955971918,15.8522096843349,15.8250140103197,1.02801458110071
3.013,0.808951384756116,1.02801458117254,1.02620203996723,15.8191065178482,15.8522096865502,15.8253159989435,1.02801458117254
3.014,0.808951383933936,1.02801458124389,1.02620749529732,15.8194169919029,15.8522096887507,15.8256175537955,1.02801458124389
3.015,0.808951383117236,1.02801458131476,1.02621294279146,15.8197270199976,15.8522096909365,15.8259186754989,1.02801458131476
3.016,0.808951382305981,1.02801458138517,1.02621838246091,15.8200366027726,15.8522096931078,15.8262193646756,1.02801458138517
3.017,0.808951381500135,1.0280145814551,1.02622381431691,15.8203457408678,15.8522096952645,15.8265196219472,1.0280145814551
3.018,0.808951380699661,1.02801458152457,1.02622923837067,15.8206544349218,15.8522096974069,15.8268194479338,1.02801458152457
3.019,0.808951379904523,1.02801458159357,1.02623465463341,15.8209626855724,15.852209699535,15.827118843255,1.02801458159357
3.02,0.808951379114686,1.02801458166211,1.02624006311632,15.8212704934565,15.852209701649,15.8274178085294,1.02801458166211
3.021,0.808951378330115,1.0280145817302,1.02624546383057,15.8215778592101,15.8522097037488,15.8277163443748,1.0280145817302
3.022,0.808951377550774,1.02801458179783,1.02625085678732,15.8218847834684,15.8522097058346,15.8280144514079,1.02801458179783
3.023,0.808951376776629,1.02801458186502,1.02625624199771,15.8221912668653,15.8522097079066,15.8283121302446,1.02801458186502
3.024,0.808951376007645,1.02801458193175,1.02626161947287,15.8224973100343,15.8522097099647,15.8286093815001,1.02801458193175
3.025,0.808951375243787,1.02801458199804,1.02626698922391,15.8228029136076,15.8522097120091,15.8289062057885,1.02801458199804
3.026,0.808951374485022,1.02801458206389,1.02627235126193,15.8231080782166,15.8522097140398,15.8292026037231,1.02801458206389
3.027,0.808951373731315,1.0280145821293,1.026277705598,15.823412804492,15.8522097160571,15.8294985759163,1.0280145821293
3.028,0.808951372982633,1.02801458219427,1.02628305224318,15.8237170930632,15.8522097180608,15.8297941229797,1.02801458219427
3.029,0.808951372238942,1.02801458225881,1.02628839120854,15.824020944559,15.8522097200513,15.8300892455238,1.02801458225881
3.03,0.808951371500209,1.02801458232292,1.02629372250508,15.8243243596073,15.8522097220284,15.8303839441585,1.02801458232292
3.031,0.808951370766401,1.0280145823866,1.02629904614384,15.8246273388348,15.8522097239924,15.8306782194926,1.0280145823866
3.032,0.808951370037485,1.02801458244986,1.02630436213581,15.8249298828677,15.8522097259433,15.8309720721343,1.02801458244986
3.033,0.808951369313428,1.02801458251269,1.02630967049197,15.825231992331,15.8522097278811,15.8312655026905,1.02801458251269
3.034,0.808951368594199,1.02801458257511,1.02631497122329,15.825533667849,15.8522097298061,15.8315585117676,1.02801458257511
3.035,0.808951367879764,1.02801458263711,1.02632026434073,15.8258349100449,15.8522097317182,15.8318510999711,1.02801458263711
3.036,0.808951367170093,1.02801458269869,1.02632554985521,15.8261357195412,15.8522097336176,15.8321432679054,1.02801458269869
3.037,0.808951366465152,1.02801458275987,1.02633082777767,15.8264360969595,15.8522097355043,15.8324350161742,1.02801458275987
3.038,0.808951365764911,1.02801458282064,1.026336098119,15.8267360429202,15.8522097373784,15.8327263453804,1.02801458282064
3.039,0.808951365069338,1.028014582881,1.0263413608901,15.8270355580432,15.8522097392401,15.8330172561258,1.028014582881
3.04,0.808951364378403,1.02801458294096,1.02634661610184,15.8273346429473,15.8522097410893,15.8333077490115,1.02801458294096
3.041,0.808951363692074,1.02801458300053,1.02635186376508,15.8276332982505,15.8522097429262,15.8335978246378,1.02801458300053
3.042,0.80895136301032,1.02801458305969,1.02635710389065,15.8279315245699,15.8522097447508,15.8338874836039,1.02801458305969
3.043,0.808951362333111,1.02801458311846,1.0263623364894,15.8282293225216,15.8522097465633,15.8341767265084,1.02801458311846
3.044,0.808951361660417,1.02801458317684,1.02636756157212,15.8285266927209,15.8522097483637,15.8344655539489,1.02801458317684
3.045,0.808951360992208,1.02801458323483,1.02637277914961,15.8288236357823,15.8522097501521,15.8347539665221,1.02801458323483
3.046,0.808951360328453,1.02801458329243,1.02637798923266,15.8291201523193,15.8522097519286,15.835041964824,1.02801458329243
3.047,0.808951359669123,1.02801458334965,1.02638319183203,15.8294162429446,15.8522097536932,15.8353295494496,1.02801458334965
3.048,0.808951359014189,1.02801458340648,1.02638838695847,15.8297119082698,15.8522097554461,15.8356167209932,1.02801458340648
3.049,0.808951358363621,1.02801458346294,1.02639357462271,15.830007148906,15.8522097571873,15.8359034800479,1.02801458346294
3.05,0.80895135771739,1.02801458351902,1.02639875483548,15.8303019654631,15.8522097589169,15.8361898272065,1.02801458351902
3.051,0.808951357075468,1.02801458357473,1.02640392760747,15.8305963585503,15.8522097606349,15.8364757630604,1.02801458357473
3.052,0.808951356437825,1.02801458363007,1.02640909294936,15.8308903287758,15.8522097623415,15.8367612882005,1.02801458363007
3.053,0.808951355804433,1.02801458368503,1.02641425087185,15.831183876747,15.8522097640367,15.8370464032168,1.02801458368503
3.054,0.808951355175263,1.02801458373964,1.02641940138558,15.8314770030705,15.8522097657206,15.8373311086983,1.02801458373964
3.055,0.808951354550288,1.02801458379387,1.02642454450119,15.8317697083519,15.8522097673933,15.8376154052332,1.02801458379387
3.056,0.80895135392948,1.02801458384775,1.02642968022931,15.8320619931959,15.8522097690549,15.837899293409,1.02801458384775
3.057,0.80895135331281,1.02801458390126,1.02643480858055,15.8323538582066,15.8522097707053,15.8381827738123,1.02801458390126
3.058,0.808951352700251,1.02801458395442,1.02643992956551,15.8326453039869,15.8522097723448,15.8384658470288,1.02801458395442
3.059,0.808951352091776,1.02801458400723,1.02644504319477,15.832936331139,15.8522097739733,15.8387485136432,1.02801458400723
3.06,0.808951351487358,1.02801458405968,1.02645014947889,15.8332269402642,15.852209775591,15.8390307742398,1.02801458405968
3.061,0.808951350886969,1.02801458411178,1.02645524842843,15.833517131963,15.8522097771979,15.8393126294016,1.02801458411178
3.062,0.808951350290582,1.02801458416354,1.02646034005392,15.8338069068349,15.852209778794,15.839594079711,1.02801458416354
3.063,0.808951349698172,1.02801458421495,1.02646542436588,15.8340962654787,15.8522097803796,15.8398751257496,1.02801458421495
3.064,0.80895134910971,1.02801458426602,1.02647050137481,15.8343852084922,15.8522097819545,15.840155768098,1.02801458426602
3.065,0.808951348525172,1.02801458431675,1.0264755710912,15.8346737364725,15.852209783519,15.8404360073362,1.02801458431675
3.066,0.808951347944531,1.02801458436714,1.02648063352554,15.8349618500157,15.852209785073,15.840715844043,1.02801458436714
3.067,0.808951347367761,1.02801458441719,1.02648568868828,15.8352495497171,15.8522097866167,15.8409952787968,1.02801458441719
3.068,0.808951346794836,1.02801458446691,1.02649073658986,15.8355368361711,15.8522097881501,15.8412743121749,1.02801458446691
3.069,0.808951346225731,1.0280145845163,1.02649577724071,15.8358237099713,15.8522097896732,15.8415529447537,1.0280145845163
3.07,0.808951345660419,1.02801458456536,1.02650081065126,15.8361101717104,15.8522097911862,15.8418311771091,1.02801458456536
3.071,0.808951345098876,1.02801458461409,1.02650583683189,15.8363962219803,15.8522097926892,15.8421090098158,1.02801458461409
3.072,0.808951344541077,1.0280145846625,1.02651085579299,15.8366818613721,15.8522097941821,15.8423864434479,1.0280145846625
3.073,0.808951343986997,1.02801458471058,1.02651586754494,15.8369670904759,15.852209795665,15.8426634785787,1.02801458471058
3.074,0.80895134343661,1.02801458475834,1.02652087209809,15.837251909881,15.8522097971381,15.8429401157806,1.02801458475834
3.075,0.808951342889893,1.02801458480579,1.02652586946278,15.837536320176,15.8522097986013,15.8432163556251,1.02801458480579
3.076,0.80895134234682,1.02801458485292,1.02653085964933,15.8378203219485,15.8522098000548,15.843492198683,1.02801458485292
3.077,0.808951341807368,1.02801458489973,1.02653584266806,15.8381039157852,15.8522098014986,15.8437676455242,1.02801458489973
3.078,0.808951341271512,1.02801458494624,1.02654081852926,15.8383871022721,15.8522098029328,15.8440426967178,1.02801458494624
3.079,0.808951340739229,1.02801458499243,1.02654578724321,15.8386698819944,15.8522098043574,15.8443173528322,1.02801458499243
3.08,0.808951340210494,1.02801458503831,1.02655074882018,15.8389522555363,15.8522098057725,15.8445916144349,1.02801458503831
3.081,0.808951339685284,1.02801458508389,1.02655570327042,15.8392342234812,15.8522098071781,15.8448654820924,1.02801458508389
3.082,0.808951339163575,1.02801458512917,1.02656065060416,15.8395157864118,15.8522098085745,15.8451389563708,1.02801458512917
3.083,0.808951338645345,1.02801458517414,1.02656559083163,15.8397969449098,15.8522098099615,15.8454120378349,1.02801458517414
3.084,0.808951338130569,1.02801458521882,1.02657052396304,15.840077699556,15.8522098113392,15.8456847270491,1.02801458521882
3.085,0.808951337619225,1.02801458526319,1.02657545000857,15.8403580509307,15.8522098127078,15.8459570245767,1.02801458526319
3.086,0.808951337111291,1.02801458530727,1.02658036897842,15.840637999613,15.8522098140672,15.8462289309804,1.02801458530727
3.087,0.808951336606742,1.02801458535106,1.02658528088273,15.8409175461813,15.8522098154176,15.846500446822,1.02801458535106
3.088,0.808951336105557,1.02801458539455,1.02659018573166,15.8411966912134,15.852209816759,15.8467715726625,1.02801458539455
3.089,0.808951335607713,1.02801458543775,1.02659508353534,15.8414754352858,15.8522098180914,15.847042309062,1.02801458543775
3.09,0.808951335113189,1.02801458548067,1.02659997430389,15.8417537789746,15.8522098194149,15.84731265658,1.02801458548067
3.091,0.808951334621961,1.0280145855233,1.02660485804742,15.8420317228549,15.8522098207297,15.847582615775,1.0280145855233
3.092,0.808951334134008,1.02801458556565,1.02660973477602,15.8423092675009,15.8522098220356,15.8478521872049,1.02801458556565
3.093,0.808951333649308,1.02801458560771,1.02661460449977,15.8425864134861,15.8522098233329,15.8481213714265,1.02801458560771
3.094,0.808951333167839,1.02801458564949,1.02661946722872,15.8428631613831,15.8522098246215,15.8483901689962,1.02801458564949
3.095,0.80895133268958,1.028014585691,1.02662432297292,15.8431395117638,15.8522098259015,15.8486585804692,1.028014585691
3.096,0.808951332214509,1.02801458573223,1.02662917174241,15.8434154651991,15.852209827173,15.8489266064002,1.02801458573223
3.097,0.808951331742606,1.02801458577318,1.0266340135472,15.8436910222591,15.852209828436,15.8491942473428,1.02801458577318
3.098,0.808951331273849,1.02801458581386,1.0266388483973,15.8439661835133,15.8522098296906,15.8494615038502,1.02801458581386
3.099,0.808951330808216,1.02801458585427,1.0266436763027,15.8442409495301,15.8522098309368,15.8497283764746,1.02801458585427
3.1,0.808951330345688,1.02801458589441,1.02664849727337,15.8445153208774,15.8522098321747,15.8499948657672,1.02801458589441
3.101,0.808951329886244,1.02801458593428,1.02665331131928,15.8447892981219,15.8522098334044,15.8502609722788,1.02801458593428
3.102,0.808951329429862,1.02801458597388,1.02665811845036,15.8450628818297,15.8522098346258,15.8505266965592,1.02801458597388
3.103,0.808951328976523,1.02801458601323,1.02666291867656,15.8453360725662,15.8522098358392,15.8507920391573,1.02801458601323
3.104,0.808951328526206,1.02801458605231,1.02666771200779,15.8456088708957,15.8522098370444,15.8510570006215,1.02801458605231
3.105,0.808951328078891,1.02801458609112,1.02667249845395,15.845881277382,15.8522098382416,15.8513215814991,1.02801458609112
3.106,0.808951327634559,1.02801458612968,1.02667727802494,15.8461532925879,15.8522098394308,15.851585782337,1.02801458612968
3.107,0.808951327193189,1.02801458616799,1.02668205073063,15.8464249170753,15.8522098406121,15.8518496036808,1.02801458616799
3.108,0.808951326754761,1.02801458620604,1.02668681658088,15.8466961514056,15.8522098417855,15.8521130460758,1.02801458620604
3.109,0.808951326319255,1.02801458624383,1.02669157558554,15.8469669961391,15.8522098429511,15.8523761100663,1.02801458624383
3.11,0.808951325886654,1.02801458628137,1.02669632775444,15.8472374518355,15.8522098441089,15.8526387961957,1.02801458628137
3.111,0.808951325456936,1.02801458631866,1.0267010730974,15.8475075190535,15.852209845259,15.8529011050069,1.02801458631866
3.112,0.808951325030083,1.02801458635571,1.02670581162422,15.8477771983512,15.8522098464014,15.8531630370418,1.02801458635571
3.113,0.808951324606076,1.0280145863925,1.02671054334469,15.8480464902857,15.8522098475363,15.8534245928416,1.0280145863925
3.114,0.808951324184895,1.02801458642905,1.0267152682686,15.8483153954135,15.8522098486635,15.8536857729467,1.02801458642905
3.115,0.808951323766523,1.02801458646536,1.02671998640571,15.8485839142901,15.8522098497832,15.8539465778969,1.02801458646536
3.116,0.808951323350939,1.02801458650143,1.02672469776575,15.8488520474705,15.8522098508955,15.8542070082308,1.02801458650143
3.117,0.808951322938126,1.02801458653725,1.02672940235847,15.8491197955085,15.8522098520004,15.8544670644867,1.02801458653725
3.118,0.808951322528066,1.02801458657284,1.02673410019359,15.8493871589574,15.8522098530979,15.8547267472019,1.02801458657284
3.119,0.808951322120739,1.02801458660819,1.02673879128081,15.8496541383696,15.852209854188,15.8549860569128,1.02801458660819
3.12,0.808951321716127,1.0280145866433,1.02674347562983,15.8499207342968,15.8522098552709,15.8552449941554,1.0280145866433
3.121,0.808951321314213,1.02801458667818,1.02674815325033,15.8501869472897,15.8522098563466,15.8555035594645,1.02801458667818
3.122,0.808951320914978,1.02801458671283,1.02675282415196,15.8504527778985,15.8522098574151,15.8557617533744,1.02801458671283
3.123,0.808951320518405,1.02801458674724,1.02675748834439,15.8507182266723,15.8522098584765,15.8560195764187,1.02801458674724
3.124,0.808951320124475,1.02801458678143,1.02676214583724,15.8509832941596,15.8522098595308,15.8562770291299,1.02801458678143
3.125,0.808951319733172,1.02801458681539,1.02676679664014,15.8512479809081,15.8522098605781,15.8565341120401,1.02801458681539
3.126,0.808951319344478,1.02801458684912,1.0267714407627,15.8515122874647,15.8522098616184,15.8567908256804,1.02801458684912
3.127,0.808951318958375,1.02801458688262,1.02677607821452,15.8517762143755,15.8522098626518,15.8570471705813,1.02801458688262
3.128,0.808951318574846,1.02801458691591,1.02678070900518,15.8520397621858,15.8522098636783,15.8573031472723,1.02801458691591
3.129,0.808951318193873,1.02801458694897,1.02678533314424,15.8523029314401,15.8522098646979,15.8575587562825,1.02801458694897
3.13,0.808951317815441,1.02801458698181,1.02678995064126,15.8525657226822,15.8522098657108,15.8578139981398,1.02801458698181
3.131,0.808951317439531,1.02801458701443,1.02679456150578,15.8528281364551,15.8522098667169,15.8580688733717,1.02801458701443
3.132,0.808951317066128,1.02801458704684,1.02679916574733,15.8530901733009,15.8522098677162,15.8583233825048,1.02801458704684
3.133,0.808951316695214,1.02801458707903,1.02680376337542,15.8533518337611,15.852209868709,15.858577526065,1.02801458707903
3.134,0.808951316326772,1.028014587111,1.02680835439954,15.8536131183763,15.8522098696951,15.8588313045774,1.028014587111
3.135,0.808951315960787,1.02801458714276,1.0268129388292,15.8538740276864,15.8522098706746,15.8590847185662,1.02801458714276
3.136,0.808951315597242,1.02801458717431,1.02681751667385,15.8541345622304,15.8522098716476,15.8593377685552,1.02801458717431
3.137,0.80895131523612,1.02801458720565,1.02682208794295,15.8543947225466,15.8522098726141,15.8595904550671,1.02801458720565
3.138,0.808951314877406,1.02801458723678,1.02682665264596,15.8546545091726,15.8522098735741,15.859842778624,1.02801458723678
3.139,0.808951314521083,1.0280145872677,1.0268312107923,15.8549139226452,15.8522098745278,15.8600947397473,1.0280145872677
3.14,0.808951314167136,1.02801458729842,1.02683576239139,15.8551729635003,15.8522098754751,15.8603463389577,1.02801458729842
3.141,0.808951313815549,1.02801458732893,1.02684030745264,15.8554316322732,15.8522098764161,15.8605975767748,1.02801458732893
3.142,0.808951313466305,1.02801458735924,1.02684484598543,15.8556899294983,15.8522098773508,15.8608484537179,1.02801458735924
3.143,0.80895131311939,1.02801458738935,1.02684937799914,15.8559478557092,15.8522098782793,15.8610989703052,1.02801458738935
3.144,0.808951312774787,1.02801458741925,1.02685390350314,15.856205411439,15.8522098792016,15.8613491270544,1.02801458741925
3.145,0.808951312432482,1.02801458744896,1.02685842250678,15.8564625972198,15.8522098801178,15.8615989244824,1.02801458744896
3.146,0.808951312092459,1.02801458747847,1.02686293501939,15.8567194135829,15.8522098810278,15.8618483631053,1.02801458747847
3.147,0.808951311754702,1.02801458750778,1.02686744105031,15.856975861059,15.8522098819318,15.8620974434384,1.02801458750778
3.148,0.808951311419198,1.02801458753689,1.02687194060882,15.857231940178,15.8522098828297,15.8623461659964,1.02801458753689
3.149,0.80895131108593,1.02801458756581,1.02687643370425,15.8574876514689,15.8522098837217,15.8625945312933,1.02801458756581
3.15,0.808951310754884,1.02801458759454,1.02688092034586,15.8577429954601,15.8522098846077,15.8628425398421,1.02801458759454
3.151,0.808951310426044,1.02801458762308,1.02688540054293,15.8579979726792,15.8522098854878,15.8630901921553,1.02801458762308
3.152,0.808951310099397,1.02801458765143,1.02688987430472,15.858252583653,15.852209886362,15.8633374887445,1.02801458765143
3.153,0.808951309774928,1.02801458767959,1.02689434164047,15.8585068289076,15.8522098872304,15.8635844301209,1.02801458767959
3.154,0.808951309452622,1.02801458770756,1.0268988025594,15.8587607089683,15.8522098880931,15.8638310167945,1.02801458770756
3.155,0.808951309132464,1.02801458773534,1.02690325707074,15.8590142243596,15.8522098889499,15.8640772492748,1.02801458773534
3.156,0.808951308814441,1.02801458776294,1.02690770518369,15.8592673756054,15.8522098898011,15.8643231280707,1.02801458776294
3.157,0.808951308498538,1.02801458779035,1.02691214690745,15.8595201632286,15.8522098906466,15.8645686536901,1.02801458779035
3.158,0.808951308184742,1.02801458781759,1.02691658225118,15.8597725877517,15.8522098914864,15.8648138266404,1.02801458781759
3.159,0.808951307873037,1.02801458784464,1.02692101122405,15.8600246496961,15.8522098923207,15.865058647428,1.02801458784464
3.16,0.80895130756341,1.02801458787151,1.02692543383521,15.8602763495827,15.8522098931494,15.8653031165589,1.02801458787151
3.161,0.808951307255847,1.0280145878982,1.02692985009381,15.8605276879315,15.8522098939725,15.8655472345382,1.0280145878982
3.162,0.808951306950335,1.02801458792471,1.02693426000896,15.8607786652619,15.8522098947902,15.8657910018702,1.02801458792471
3.163,0.808951306646859,1.02801458795105,1.02693866358978,15.8610292820923,15.8522098956024,15.8660344190587,1.02801458795105
3.164,0.808951306345407,1.02801458797721,1.02694306084537,15.8612795389406,15.8522098964092,15.8662774866065,1.02801458797721
3.165,0.808951306045964,1.02801458800319,1.0269474517848,15.8615294363239,15.8522098972107,15.8665202050158,1.02801458800319
3.166,0.808951305748518,1.02801458802901,1.02695183641717,15.8617789747585,15.8522098980068,15.8667625747883,1.02801458802901
3.167,0.808951305453054,1.02801458805465,1.02695621475151,15.86202815476,15.8522098987975,15.8670045964246,1.02801458805465
3.168,0.808951305159561,1.02801458808012,1.02696058679688,15.8622769768432,15.852209899583,15.8672462704248,1.02801458808012
3.169,0.808951304868024,1.02801458810542,1.02696495256232,15.8625254415223,15.8522099003633,15.8674875972882,1.02801458810542
3.17,0.80895130457843,1.02801458813055,1.02696931205684,15.8627735493106,15.8522099011384,15.8677285775135,1.02801458813055
3.171,0.808951304290767,1.02801458815551,1.02697366528945,15.8630213007207,15.8522099019083,15.8679692115986,1.02801458815551
3.172,0.808951304005022,1.02801458818031,1.02697801226914,15.8632686962646,15.8522099026731,15.8682095000407,1.02801458818031
3.173,0.808951303721182,1.02801458820494,1.0269823530049,15.8635157364534,15.8522099034327,15.8684494433362,1.02801458820494
3.174,0.808951303439234,1.02801458822941,1.0269866875057,15.8637624217976,15.8522099041873,15.8686890419809,1.02801458822941
3.175,0.808951303159166,1.02801458825372,1.02699101578049,15.8640087528067,15.8522099049369,15.8689282964698,1.02801458825372
3.176,0.808951302880965,1.02801458827786,1.02699533783821,15.8642547299899,15.8522099056815,15.8691672072974,1.02801458827786
3.177,0.808951302604618,1.02801458830184,1.0269996536878,15.8645003538553,15.8522099064211,15.8694057749571,1.02801458830184
3.178,0.808951302330114,1.02801458832566,1.02700396333817,15.8647456249104,15.8522099071558,15.8696439999421,1.02801458832566
3.179,0.80895130205744,1.02801458834933,1.02700826679822,15.8649905436619,15.8522099078856,15.8698818827443,1.02801458834933
3.18,0.808951301786584,1.02801458837283,1.02701256407686,15.8652351106161,15.8522099086105,15.8701194238555,1.02801458837283
3.181,0.808951301517533,1.02801458839618,1.02701685518294,15.865479326278,15.8522099093306,15.8703566237663,1.02801458839618
3.182,0.808951301250276,1.02801458841938,1.02702114012536,15.8657231911524,15.8522099100459,15.8705934829668,1.02801458841938
3.183,0.808951300984801,1.02801458844241,1.02702541891294,15.8659667057432,15.8522099107564,15.8708300019465,1.02801458844241
3.184,0.808951300721096,1.0280145884653,1.02702969155455,15.8662098705533,15.8522099114622,15.8710661811941,1.0280145884653
3.185,0.808951300459149,1.02801458848803,1.027033958059,15.8664526860854,15.8522099121633,15.8713020211975,1.02801458848803
3.186,0.808951300198948,1.02801458851061,1.02703821843511,15.866695152841,15.8522099128597,15.8715375224439,1.02801458851061
3.187,0.808951299940482,1.02801458853304,1.02704247269168,15.8669372713211,15.8522099135514,15.8717726854201,1.02801458853304
3.188,0.808951299683738,1.02801458855532,1.02704672083751,15.8671790420261,15.8522099142386,15.8720075106119,1.02801458855532
3.189,0.808951299428707,1.02801458857746,1.02705096288136,15.8674204654554,15.8522099149212,15.8722419985044,1.02801458857746
3.19,0.808951299175375,1.02801458859944,1.02705519883201,15.8676615421078,15.8522099155992,15.8724761495822,1.02801458859944
3.191,0.808951298923733,1.02801458862128,1.02705942869821,15.8679022724815,15.8522099162727,15.872709964329,1.02801458862128
3.192,0.808951298673768,1.02801458864297,1.0270636524887,15.8681426570739,15.8522099169417,15.872943443228,1.02801458864297
3.193,0.80895129842547,1.02801458866452,1.02706787021219,15.8683826963816,15.8522099176062,15.8731765867616,1.02801458866452
3.194,0.808951298178827,1.02801458868592,1.02707208187742,15.8686223909006,15.8522099182663,15.8734093954114,1.02801458868592
3.195,0.808951297933828,1.02801458870719,1.02707628749308,15.8688617411262,15.8522099189221,15.8736418696586,1.02801458870719
3.196,0.808951297690462,1.02801458872831,1.02708048706785,15.8691007475528,15.8522099195734,15.8738740099833,1.02801458872831
3.197,0.808951297448719,1.02801458874928,1.02708468061043,15.8693394106743,15.8522099202204,15.8741058168654,1.02801458874928
3.198,0.808951297208588,1.02801458877012,1.02708886812946,15.8695777309839,15.8522099208631,15.8743372907836,1.02801458877012
3.199,0.808951296970057,1.02801458879082,1.02709304963361,15.8698157089738,15.8522099215015,15.8745684322164,1.02801458879082
3.2,0.808951296733117,1.02801458881139,1.02709722513151,15.870053345136,15.8522099221356,15.8747992416412,1.02801458881139
3.201,0.808951296497756,1.02801458883181,1.0271013946318,15.8702906399612,15.8522099227656,15.8750297195349,1.02801458883181
3.202,0.808951296263964,1.0280145888521,1.02710555814307,15.8705275939399,15.8522099233913,15.8752598663739,1.0280145888521
3.203,0.808951296031731,1.02801458887225,1.02710971567395,15.8707642075616,15.8522099240128,15.8754896826335,1.02801458887225
3.204,0.808951295801047,1.02801458889227,1.02711386723301,15.8710004813152,15.8522099246302,15.8757191687886,1.02801458889227
3.205,0.8089512955719,1.02801458891216,1.02711801282884,15.8712364156889,15.8522099252435,15.8759483253134,1.02801458891216
3.206,0.80895129534428,1.02801458893191,1.02712215247,15.8714720111701,15.8522099258527,15.8761771526814,1.02801458893191
3.207,0.808951295118178,1.02801458895153,1.02712628616505,15.8717072682457,15.8522099264579,15.8764056513653,1.02801458895153
3.208,0.808951294893584,1.02801458897102,1.02713041392252,15.8719421874016,15.852209927059,15.8766338218373,1.02801458897102
3.209,0.808951294670487,1.02801458899039,1.02713453575094,15.8721767691234,15.8522099276561,15.8768616645687,1.02801458899039
3.21,0.808951294448877,1.02801458900962,1.02713865165884,15.8724110138957,15.8522099282492,15.8770891800305,1.02801458900962
3.211,0.808951294228744,1.02801458902872,1.02714276165471,15.8726449222024,15.8522099288384,15.8773163686926,1.02801458902872
3.212,0.808951294010079,1.0280145890477,1.02714686574704,15.8728784945269,15.8522099294236,15.8775432310245,1.0280145890477
3.213,0.808951293792872,1.02801458906655,1.02715096394433,15.8731117313518,15.8522099300049,15.8777697674948,1.02801458906655
3.214,0.808951293577113,1.02801458908527,1.02715505625502,15.873344633159,15.8522099305824,15.8779959785718,1.02801458908527
3.215,0.808951293362792,1.02801458910387,1.02715914268759,15.8735772004296,15.852209931156,15.8782218647226,1.02801458910387
3.216,0.808951293149901,1.02801458912235,1.02716322325047,15.8738094336443,15.8522099317258,15.8784474264142,1.02801458912235
3.217,0.808951292938428,1.0280145891407,1.02716729795209,15.8740413332828,15.8522099322918,15.8786726641125,1.0280145891407
3.218,0.808951292728365,1.02801458915893,1.02717136680087,15.8742728998242,15.852209932854,15.8788975782828,1.02801458915893
3.219,0.808951292519703,1.02801458917704,1.02717542980523,15.8745041337472,15.8522099334125,15.87912216939,1.02801458917704
3.22,0.808951292312431,1.02801458919502,1.02717948697355,15.8747350355293,15.8522099339672,15.879346437898,1.02801458919502
3.221,0.808951292106542,1.02801458921289,1.02718353831421,15.8749656056477,15.8522099345183,15.8795703842702,1.02801458921289
3.222,0.808951291902025,1.02801458923064,1.0271875838356,15.8751958445789,15.8522099350656,15.8797940089694,1.02801458923064
3.223,0.808951291698871,1.02801458924827,1.02719162354606,15.8754257527984,15.8522099356094,15.8800173124576,1.02801458924827
3.224,0.808951291497072,1.02801458926578,1.02719565745394,15.8756553307814,15.8522099361494,15.8802402951961,1.02801458926578
3.225,0.808951291296618,1.02801458928318,1.02719968556758,15.8758845790021,15.8522099366859,15.8804629576457,1.02801458928318
3.226,0.808951291097501,1.02801458930046,1.02720370789531,15.8761134979343,15.8522099372189,15.8806853002665,1.02801458930046
3.227,0.808951290899711,1.02801458931762,1.02720772444542,15.8763420880509,15.8522099377482,15.8809073235178,1.02801458931762
3.228,0.80895129070324,1.02801458933467,1.02721173522623,15.8765703498242,15.8522099382741,15.8811290278584,1.02801458933467
3.229,0.808951290508078,1.02801458935161,1.02721574024601,15.8767982837259,15.8522099387964,15.8813504137463,1.02801458935161
3.23,0.808951290314218,1.02801458936843,1.02721973951304,15.877025890227,15.8522099393153,15.881571481639,1.02801458936843
3.231,0.80895129012165,1.02801458938515,1.02722373303559,15.8772531697976,15.8522099398306,15.8817922319933,1.02801458938515
3.232,0.808951289930365,1.02801458940175,1.02722772082191,15.8774801229073,15.8522099403426,15.8820126652651,1.02801458940175
3.233,0.808951289740356,1.02801458941824,1.02723170288024,15.8777067500252,15.8522099408511,15.8822327819101,1.02801458941824
3.234,0.808951289551614,1.02801458943461,1.02723567921879,15.8779330516195,15.8522099413563,15.882452582383,1.02801458943461
3.235,0.80895128936413,1.02801458945089,1.0272396498458,15.8781590281577,15.8522099418581,15.882672067138,1.02801458945089
3.236,0.808951289177896,1.02801458946705,1.02724361476946,15.8783846801067,15.8522099423565,15.8828912366284,1.02801458946705
3.237,0.808951288992903,1.0280145894831,1.02724757399797,15.8786100079328,15.8522099428516,15.8831100913073,1.0280145894831
3.238,0.808951288809144,1.02801458949905,1.02725152753951,15.8788350121015,15.8522099433434,15.8833286316267,1.02801458949905
3.239,0.808951288626609,1.02801458951489,1.02725547540224,15.8790596930777,15.852209943832,15.8835468580382,1.02801458951489
3.24,0.808951288445292,1.02801458953062,1.02725941759432,15.8792840513258,15.8522099443173,15.8837647709928,1.02801458953062
3.241,0.808951288265183,1.02801458954625,1.0272633541239,15.8795080873091,15.8522099447993,15.8839823709405,1.02801458954625
3.242,0.808951288086275,1.02801458956178,1.0272672849991,15.8797318014907,15.8522099452781,15.8841996583312,1.02801458956178
3.243,0.80895128790856,1.0280145895772,1.02727121022807,15.8799551943327,15.8522099457538,15.8844166336136,1.0280145895772
3.244,0.80895128773203,1.02801458959252,1.02727512981889,15.8801782662968,15.8522099462262,15.8846332972361,1.02801458959252
3.245,0.808951287556676,1.02801458960774,1.02727904377968,15.8804010178437,15.8522099466956,15.8848496496463,1.02801458960774
3.246,0.808951287382492,1.02801458962286,1.02728295211851,15.8806234494339,15.8522099471618,15.8850656912914,1.02801458962286
3.247,0.808951287209469,1.02801458963787,1.02728685484347,15.8808455615267,15.8522099476248,15.8852814226176,1.02801458963787
3.248,0.808951287037599,1.02801458965279,1.02729075196261,15.8810673545813,15.8522099480848,15.8854968440708,1.02801458965279
3.249,0.808951286866875,1.0280145896676,1.027294643484,15.8812888290558,15.8522099485418,15.8857119560959,1.0280145896676
3.25,0.808951286697289,1.02801458968232,1.02729852941566,15.8815099854078,15.8522099489956,15.8859267591375,1.02801458968232
3.251,0.808951286528834,1.02801458969694,1.02730240976563,15.8817308240942,15.8522099494465,15.8861412536393,1.02801458969694
3.252,0.808951286361502,1.02801458971146,1.02730628454193,15.8819513455715,15.8522099498943,15.8863554400447,1.02801458971146
3.253,0.808951286195285,1.02801458972589,1.02731015375256,15.8821715502952,15.8522099503392,15.886569318796,1.02801458972589
3.254,0.808951286030176,1.02801458974021,1.02731401740552,15.8823914387202,15.8522099507811,15.8867828903352,1.02801458974021
3.255,0.808951285866169,1.02801458975445,1.02731787550879,15.882611011301,15.8522099512201,15.8869961551036,1.02801458975445
3.256,0.808951285703254,1.02801458976858,1.02732172807034,15.8828302684911,15.8522099516561,15.8872091135419,1.02801458976858
3.257,0.808951285541426,1.02801458978263,1.02732557509813,15.8830492107436,15.8522099520892,15.88742176609,1.02801458978263
3.258,0.808951285380676,1.02801458979658,1.02732941660011,15.8832678385109,15.8522099525194,15.8876341131872,1.02801458979658
3.259,0.808951285220998,1.02801458981044,1.02733325258421,15.8834861522448,15.8522099529468,15.8878461552725,1.02801458981044
3.26,0.808951285062385,1.0280145898242,1.02733708305837,15.8837041523961,15.8522099533713,15.8880578927838,1.0280145898242
3.261,0.808951284904829,1.02801458983787,1.0273409080305,15.8839218394155,15.852209953793,15.8882693261587,1.02801458983787
3.262,0.808951284748324,1.02801458985146,1.02734472750849,15.8841392137527,15.8522099542119,15.888480455834,1.02801458985146
3.263,0.808951284592862,1.02801458986495,1.02734854150025,15.8843562758567,15.8522099546279,15.8886912822459,1.02801458986495
3.264,0.808951284438436,1.02801458987835,1.02735235001365,15.8845730261762,15.8522099550412,15.8889018058301,1.02801458987835
3.265,0.80895128428504,1.02801458989166,1.02735615305656,15.8847894651589,15.8522099554518,15.8891120270215,1.02801458989166
3.266,0.808951284132666,1.02801458990488,1.02735995063684,15.885005593252,15.8522099558596,15.8893219462544,1.02801458990488
3.267,0.808951283981309,1.02801458991802,1.02736374276234,15.8852214109022,15.8522099562647,15.8895315639627,1.02801458991802
3.268,0.80895128383096,1.02801458993107,1.02736752944089,15.8854369185552,15.8522099566671,15.8897408805794,1.02801458993107
3.269,0.808951283681613,1.02801458994403,1.02737131068031,15.8856521166564,15.8522099570668,15.8899498965369,1.02801458994403
3.27,0.808951283533263,1.0280145899569,1.02737508648841,15.8858670056504,15.8522099574639,15.8901586122673,1.0280145899569
3.271,0.808951283385901,1.02801458996969,1.02737885687301,15.8860815859813,15.8522099578583,15.8903670282016,1.02801458996969
3.272,0.808951283239522,1.02801458998239,1.02738262184188,15.8862958580923,15.85220995825,15.8905751447705,1.02801458998239
3.273,0.808951283094118,1.02801458999501,1.02738638140282,15.8865098224262,15.8522099586392,15.8907829624041,1.02801458999501
3.274,0.808951282949684,1.02801459000755,1.02739013556357,15.8867234794251,15.8522099590258,15.8909904815316,1.02801459000755
3.275,0.808951282806213,1.02801459002,1.02739388433192,15.8869368295304,15.8522099594097,15.891197702582,1.02801459002
3.276,0.808951282663698,1.02801459003237,1.02739762771558,15.887149873183,15.8522099597912,15.8914046259832,1.02801459003237
3.277,0.808951282522133,1.02801459004465,1.02740136572232,15.887362610823,15.8522099601701,15.891611252163,1.02801459004465
3.278,0.808951282381512,1.02801459005685,1.02740509835983,15.88757504289,15.8522099605464,15.8918175815481,1.02801459005685
3.279,0.808951282241829,1.02801459006898,1.02740882563585,15.8877871698229,15.8522099609203,15.8920236145649,1.02801459006898
3.28,0.808951282103077,1.02801459008102,1.02741254755806,15.88799899206,15.8522099612916,15.8922293516392,1.02801459008102
3.281,0.80895128196525,1.02801459009298,1.02741626413417,15.888210510039,15.8522099616605,15.8924347931959,1.02801459009298
3.282,0.808951281828341,1.02801459010486,1.02741997537184,15.8884217241968,15.8522099620269,15.8926399396596,1.02801459010486
3.283,0.808951281692346,1.02801459011666,1.02742368127875,15.8886326349699,15.8522099623909,15.8928447914541,1.02801459011666
3.284,0.808951281557257,1.02801459012838,1.02742738186255,15.8888432427942,15.8522099627525,15.8930493490027,1.02801459012838
3.285,0.808951281423069,1.02801459014003,1.02743107713089,15.8890535481046,15.8522099631116,15.8932536127281,1.02801459014003
3.286,0.808951281289775,1.0280145901516,1.02743476709141,15.8892635513358,15.8522099634684,15.8934575830522,1.0280145901516
3.287,0.80895128115737,1.02801459016309,1.02743845175172,15.8894732529216,15.8522099638227,15.8936612603966,1.02801459016309
3.288,0.808951281025847,1.0280145901745,1.02744213111945,15.8896826532953,15.8522099641747,15.893864645182,1.0280145901745
3.289,0.808951280895202,1.02801459018584,1.02744580520219,15.8898917528897,15.8522099645244,15.8940677378287,1.02801459018584
3.29,0.808951280765427,1.0280145901971,1.02744947400754,15.8901005521366,15.8522099648717,15.8942705387563,1.0280145901971
3.291,0.808951280636517,1.02801459020829,1.02745313754307,15.8903090514676,15.8522099652167,15.8944730483838,1.02801459020829
3.292,0.808951280508467,1.0280145902194,1.02745679581636,15.8905172513134,15.8522099655594,15.8946752671297,1.0280145902194
3.293,0.808951280381271,1.02801459023044,1.02746044883496,15.8907251521042,15.8522099658999,15.8948771954118,1.02801459023044
3.294,0.808951280254922,1.0280145902414,1.02746409660642,15.8909327542696,15.852209966238,15.8950788336472,1.0280145902414
3.295,0.808951280129416,1.0280145902523,1.02746773913828,15.8911400582385,15.8522099665739,15.8952801822526,1.0280145902523
3.296,0.808951280004747,1.02801459026312,1.02747137643806,15.8913470644392,15.8522099669076,15.895481241644,1.02801459026312
3.297,0.808951279880908,1.02801459027386,1.02747500851329,15.8915537732994,15.852209967239,15.8956820122369,1.02801459027386
3.298,0.808951279757896,1.02801459028454,1.02747863537146,15.8917601852463,15.8522099675683,15.895882494446,1.02801459028454
3.299,0.808951279635703,1.02801459029514,1.02748225702006,15.8919663007063,15.8522099678953,15.8960826886857,1.02801459029514
3.3,0.808951279514325,1.02801459030568,1.02748587346659,15.8921721201053,15.8522099682202,15.8962825953694,1.02801459030568
3.301,0.808951279393756,1.02801459031614,1.02748948471851,15.8923776438685,15.8522099685429,15.8964822149104,1.02801459031614
3.302,0.808951279273991,1.02801459032653,1.02749309078328,15.8925828724206,15.8522099688634,15.8966815477209,1.02801459032653
3.303,0.808951279155025,1.02801459033686,1.02749669166836,15.8927878061856,15.8522099691818,15.896880594213,1.02801459033686
3.304,0.808951279036851,1.02801459034711,1.02750028738119,15.892992445587,15.8522099694981,15.8970793547977,1.02801459034711
3.305,0.808951278919466,1.0280145903573,1.02750387792919,15.8931967910475,15.8522099698123,15.8972778298859,1.0280145903573
3.306,0.808951278802863,1.02801459036742,1.02750746331978,15.8934008429894,15.8522099701243,15.8974760198876,1.02801459036742
3.307,0.808951278687037,1.02801459037747,1.02751104356038,15.8936046018343,15.8522099704343,15.8976739252123,1.02801459037747
3.308,0.808951278571983,1.02801459038745,1.02751461865837,15.8938080680032,15.8522099707423,15.8978715462688,1.02801459038745
3.309,0.808951278457697,1.02801459039737,1.02751818862115,15.8940112419165,15.8522099710481,15.8980688834656,1.02801459039737
3.31,0.808951278344172,1.02801459040722,1.02752175345609,15.894214123994,15.852209971352,15.8982659372103,1.02801459040722
3.311,0.808951278231404,1.02801459041701,1.02752531317055,15.8944167146548,15.8522099716538,15.8984627079101,1.02801459041701
3.312,0.808951278119388,1.02801459042673,1.0275288677719,15.8946190143175,15.8522099719536,15.8986591959716,1.02801459042673
3.313,0.808951278008119,1.02801459043639,1.02753241726748,15.8948210234002,15.8522099722514,15.8988554018006,1.02801459043639
3.314,0.808951277897592,1.02801459044598,1.02753596166461,15.8950227423203,15.8522099725472,15.8990513258027,1.02801459044598
3.315,0.808951277787801,1.02801459045551,1.02753950097063,15.8952241714944,15.8522099728411,15.8992469683827,1.02801459045551
3.316,0.808951277678742,1.02801459046497,1.02754303519285,15.8954253113388,15.8522099731329,15.8994423299447,1.02801459046497
3.317,0.808951277570411,1.02801459047437,1.02754656433856,15.8956261622691,15.8522099734229,15.8996374108924,1.02801459047437
3.318,0.808951277462801,1.02801459048371,1.02755008841506,15.8958267247003,15.8522099737109,15.8998322116289,1.02801459048371
3.319,0.808951277355909,1.02801459049299,1.02755360742964,15.8960269990467,15.852209973997,15.9000267325566,1.02801459049299
3.32,0.80895127724973,1.0280145905022,1.02755712138956,15.8962269857222,15.8522099742812,15.9002209740776,1.0280145905022
3.321,0.808951277144259,1.02801459051136,1.02756063030208,15.89642668514,15.8522099745634,15.9004149365931,1.02801459051136
3.322,0.80895127703949,1.02801459052045,1.02756413417446,15.8966260977126,15.8522099748438,15.9006086205039,1.02801459052045
3.323,0.80895127693542,1.02801459052948,1.02756763301392,15.8968252238522,15.8522099751224,15.9008020262101,1.02801459052948
3.324,0.808951276832044,1.02801459053845,1.02757112682771,15.8970240639701,15.8522099753991,15.9009951541114,1.02801459053845
3.325,0.808951276729357,1.02801459054736,1.02757461562304,15.8972226184771,15.8522099756739,15.9011880046068,1.02801459054736
3.326,0.808951276627355,1.02801459055621,1.02757809940712,15.8974208877836,15.8522099759469,15.9013805780948,1.02801459055621
3.327,0.808951276526032,1.02801459056501,1.02758157818715,15.8976188722992,15.8522099762181,15.9015728749732,1.02801459056501
3.328,0.808951276425386,1.02801459057374,1.02758505197031,15.8978165724329,15.8522099764874,15.9017648956395,1.02801459057374
3.329,0.80895127632541,1.02801459058242,1.02758852076379,15.8980139885932,15.852209976755,15.9019566404902,1.02801459058242
3.33,0.8089512762261,1.02801459059104,1.02759198457474,15.8982111211881,15.8522099770208,15.9021481099217,1.02801459059104
3.331,0.808951276127453,1.0280145905996,1.02759544341033,15.8984079706247,15.8522099772848,15.9023393043294,1.0280145905996
3.332,0.808951276029463,1.0280145906081,1.0275988972777,15.89860453731,15.8522099775471,15.9025302241085,1.0280145906081
3.333,0.808951275932127,1.02801459061655,1.027602346184,15.8988008216499,15.8522099778076,15.9027208696535,1.02801459061655
3.334,0.808951275835439,1.02801459062494,1.02760579013633,15.8989968240501,15.8522099780664,15.9029112413581,1.02801459062494
3.335,0.808951275739397,1.02801459063327,1.02760922914183,15.8991925449155,15.8522099783234,15.9031013396158,1.02801459063327
3.336,0.808951275643994,1.02801459064155,1.0276126632076,15.8993879846505,15.8522099785788,15.9032911648194,1.02801459064155
3.337,0.808951275549227,1.02801459064978,1.02761609234072,15.8995831436589,15.8522099788324,15.903480717361,1.02801459064978
3.338,0.808951275455092,1.02801459065795,1.0276195165483,15.899778022344,15.8522099790844,15.9036699976324,1.02801459065795
3.339,0.808951275361585,1.02801459066606,1.02762293583739,15.8999726211085,15.8522099793346,15.9038590060245,1.02801459066606
3.34,0.808951275268701,1.02801459067412,1.02762635021507,15.9001669403543,15.8522099795832,15.9040477429279,1.02801459067412
3.341,0.808951275176437,1.02801459068213,1.0276297596884,15.9003609804829,15.8522099798301,15.9042362087326,1.02801459068213
3.342,0.808951275084787,1.02801459069008,1.02763316426441,15.9005547418954,15.8522099800754,15.9044244038279,1.02801459069008
3.343,0.808951274993749,1.02801459069798,1.02763656395014,15.900748224992,15.8522099803191,15.9046123286028,1.02801459069798
3.344,0.808951274903317,1.02801459070583,1.02763995875261,15.9009414301726,15.8522099805611,15.9047999834455,1.02801459070583
3.345,0.808951274813488,1.02801459071363,1.02764334867885,15.9011343578362,15.8522099808016,15.9049873687436,1.02801459071363
3.346,0.808951274724258,1.02801459072137,1.02764673373584,15.9013270083816,15.8522099810404,15.9051744848845,1.02801459072137
3.347,0.808951274635623,1.02801459072906,1.0276501139306,15.9015193822067,15.8522099812776,15.9053613322547,1.02801459072906
3.348,0.808951274547579,1.0280145907367,1.02765348927009,15.9017114797091,15.8522099815132,15.9055479112403,1.0280145907367
3.349,0.808951274460122,1.02801459074429,1.0276568597613,15.9019033012857,15.8522099817473,15.9057342222267,1.02801459074429
3.35,0.808951274373248,1.02801459075183,1.0276602254112,15.9020948473328,15.8522099819798,15.905920265599,1.02801459075183
3.351,0.808951274286953,1.02801459075932,1.02766358622672,15.9022861182461,15.8522099822108,15.9061060417415,1.02801459075932
3.352,0.808951274201233,1.02801459076676,1.02766694221482,15.9024771144208,15.8522099824402,15.906291551038,1.02801459076676
3.353,0.808951274116085,1.02801459077415,1.02767029338243,15.9026678362517,15.8522099826681,15.9064767938719,1.02801459077415
3.354,0.808951274031504,1.02801459078149,1.02767363973648,15.9028582841327,15.8522099828945,15.9066617706259,1.02801459078149
3.355,0.808951273947488,1.02801459078878,1.02767698128388,15.9030484584574,15.8522099831193,15.9068464816821,1.02801459078878
3.356,0.808951273864031,1.02801459079602,1.02768031803153,15.9032383596186,15.8522099833427,15.9070309274223,1.02801459079602
3.357,0.808951273781131,1.02801459080322,1.02768364998633,15.9034279880088,15.8522099835646,15.9072151082276,1.02801459080322
3.358,0.808951273698783,1.02801459081036,1.02768697715516,15.9036173440197,15.852209983785,15.9073990244784,1.02801459081036
3.359,0.808951273616985,1.02801459081746,1.0276902995449,15.9038064280427,15.8522099840039,15.9075826765548,1.02801459081746
3.36,0.808951273535731,1.02801459082451,1.02769361716241,15.9039952404683,15.8522099842214,15.9077660648362,1.02801459082451
3.361,0.80895127345502,1.02801459083152,1.02769693001454,15.9041837816867,15.8522099844374,15.9079491897016,1.02801459083152
3.362,0.808951273374846,1.02801459083847,1.02770023810815,15.9043720520874,15.852209984652,15.9081320515293,1.02801459083847
3.363,0.808951273295207,1.02801459084539,1.02770354145006,15.9045600520595,15.8522099848651,15.9083146506971,1.02801459084539
3.364,0.808951273216099,1.02801459085225,1.02770684004711,15.9047477819914,15.8522099850768,15.9084969875824,1.02801459085225
3.365,0.808951273137519,1.02801459085907,1.0277101339061,15.9049352422709,15.8522099852871,15.9086790625618,1.02801459085907
3.366,0.808951273059462,1.02801459086584,1.02771342303385,15.9051224332855,15.8522099854961,15.9088608760115,1.02801459086584
3.367,0.808951272981925,1.02801459087257,1.02771670743714,15.9053093554218,15.8522099857036,15.9090424283073,1.02801459087257
3.368,0.808951272904906,1.02801459087926,1.02771998712277,15.9054960090661,15.8522099859097,15.9092237198242,1.02801459087926
3.369,0.8089512728284,1.0280145908859,1.02772326209751,15.905682394604,15.8522099861145,15.9094047509368,1.0280145908859
3.37,0.808951272752404,1.02801459089249,1.02772653236812,15.9058685124206,15.8522099863179,15.9095855220191,1.02801459089249
3.371,0.808951272676915,1.02801459089904,1.02772979794137,15.9060543629005,15.8522099865199,15.9097660334448,1.02801459089904
3.372,0.808951272601928,1.02801459090555,1.02773305882401,15.9062399464277,15.8522099867206,15.9099462855866,1.02801459090555
3.373,0.808951272527442,1.02801459091201,1.02773631502276,15.9064252633857,15.85220998692,15.910126278817,1.02801459091201
3.374,0.808951272453453,1.02801459091844,1.02773956654436,15.9066103141572,15.852209987118,15.9103060135081,1.02801459091844
3.375,0.808951272379956,1.02801459092481,1.02774281339552,15.9067950991248,15.8522099873147,15.910485490031,1.02801459092481
3.376,0.80895127230695,1.02801459093115,1.02774605558296,15.9069796186701,15.8522099875101,15.9106647087566,1.02801459093115
3.377,0.80895127223443,1.02801459093744,1.02774929311337,15.9071638731744,15.8522099877042,15.9108436700553,1.02801459093744
3.378,0.808951272162394,1.02801459094369,1.02775252599345,15.9073478630185,15.852209987897,15.9110223742968,1.02801459094369
3.379,0.808951272090838,1.0280145909499,1.02775575422986,15.9075315885824,15.8522099880885,15.9112008218503,1.0280145909499
3.38,0.808951272019759,1.02801459095607,1.02775897782929,15.9077150502458,15.8522099882787,15.9113790130846,1.02801459095607
3.381,0.808951271949154,1.0280145909622,1.02776219679839,15.9078982483877,15.8522099884677,15.9115569483677,1.0280145909622
3.382,0.80895127187902,1.02801459096829,1.02776541114381,15.9080811833867,15.8522099886554,15.9117346280674,1.02801459096829
3.383,0.808951271809353,1.02801459097433,1.0277686208722,15.9082638556208,15.8522099888419,15.9119120525508,1.02801459097433
3.384,0.808951271740151,1.02801459098034,1.02777182599019,15.9084462654673,15.8522099890271,15.9120892221844,1.02801459098034
3.385,0.80895127167141,1.0280145909863,1.02777502650439,15.9086284133031,15.8522099892111,15.9122661373343,1.0280145909863
3.386,0.808951271603127,1.02801459099223,1.02777822242142,15.9088102995047,15.8522099893938,15.9124427983661,1.02801459099223
3.387,0.808951271535299,1.02801459099812,1.02778141374789,15.9089919244477,15.8522099895753,15.9126192056448,1.02801459099812
3.388,0.808951271467924,1.02801459100396,1.02778460049039,15.9091732885076,15.8522099897557,15.9127953595348,1.02801459100396
3.389,0.808951271400998,1.02801459100977,1.0277877826555,15.909354392059,15.8522099899348,15.9129712604001,1.02801459100977
3.39,0.808951271334518,1.02801459101554,1.0277909602498,15.909535235476,15.8522099901127,15.9131469086041,1.02801459101554
3.391,0.808951271268481,1.02801459102127,1.02779413327986,15.9097158191324,15.8522099902895,15.9133223045099,1.02801459102127
3.392,0.808951271202885,1.02801459102696,1.02779730175222,15.9098961434013,15.852209990465,15.9134974484797,1.02801459102696
3.393,0.808951271137726,1.02801459103262,1.02780046567344,15.9100762086552,15.8522099906394,15.9136723408755,1.02801459103262
3.394,0.808951271073001,1.02801459103823,1.02780362505005,15.9102560152662,15.8522099908126,15.9138469820585,1.02801459103823
3.395,0.808951271008707,1.02801459104381,1.02780677988858,15.9104355636058,15.8522099909847,15.9140213723897,1.02801459104381
3.396,0.808951270944843,1.02801459104936,1.02780993019555,15.910614854045,15.8522099911556,15.9141955122294,1.02801459104936
3.397,0.808951270881404,1.02801459105486,1.02781307597747,15.9107938869543,15.8522099913254,15.9143694019373,1.02801459105486
3.398,0.808951270818388,1.02801459106033,1.02781621724084,15.9109726627034,15.8522099914941,15.9145430418728,1.02801459106033
3.399,0.808951270755792,1.02801459106576,1.02781935399215,15.9111511816619,15.8522099916616,15.9147164323946,1.02801459106576
3.4,0.808951270693613,1.02801459107116,1.02782248623787,15.9113294441985,15.852209991828,15.914889573861,1.02801459107116
3.401,0.808951270631849,1.02801459107652,1.02782561398449,15.9115074506816,15.8522099919933,15.9150624666297,1.02801459107652
3.402,0.808951270570497,1.02801459108184,1.02782873723846,15.911685201479,15.8522099921575,15.9152351110579,1.02801459108184
3.403,0.808951270509554,1.02801459108713,1.02783185600624,15.911862696958,15.8522099923207,15.9154075075024,1.02801459108713
3.404,0.808951270449017,1.02801459109239,1.02783497029427,15.9120399374852,15.8522099924827,15.9155796563193,1.02801459109239
3.405,0.808951270388883,1.0280145910976,1.02783808010899,15.9122169234269,15.8522099926436,15.9157515578644,1.0280145910976
3.406,0.808951270329151,1.02801459110279,1.02784118545682,15.9123936551488,15.8522099928035,15.9159232124928,1.02801459110279
3.407,0.808951270269816,1.02801459110794,1.02784428634417,15.912570133016,15.8522099929623,15.9160946205591,1.02801459110794
3.408,0.808951270210878,1.02801459111305,1.02784738277746,15.9127463573931,15.85220999312,15.9162657824176,1.02801459111305
3.409,0.808951270152332,1.02801459111813,1.02785047476308,15.9129223286444,15.8522099932767,15.9164366984219,1.02801459111813
3.41,0.808951270094176,1.02801459112318,1.02785356230741,15.9130980471332,15.8522099934324,15.9166073689251,1.02801459112318
3.411,0.808951270036409,1.02801459112819,1.02785664541685,15.9132735132228,15.852209993587,15.9167777942799,1.02801459112819
3.412,0.808951269979026,1.02801459113317,1.02785972409776,15.9134487272757,15.8522099937406,15.9169479748384,1.02801459113317
3.413,0.808951269922026,1.02801459113812,1.0278627983565,15.9136236896538,15.8522099938931,15.9171179109522,1.02801459113812
3.414,0.808951269865406,1.02801459114303,1.02786586819943,15.9137984007188,15.8522099940447,15.9172876029724,1.02801459114303
3.415,0.808951269809163,1.02801459114791,1.02786893363288,15.9139728608314,15.8522099941952,15.9174570512497,1.02801459114791
3.416,0.808951269753295,1.02801459115276,1.02787199466319,15.9141470703524,15.8522099943447,15.9176262561341,1.02801459115276
3.417,0.8089512696978,1.02801459115758,1.02787505129668,15.9143210296414,15.8522099944932,15.9177952179753,1.02801459115758
3.418,0.808951269642674,1.02801459116236,1.02787810353967,15.9144947390581,15.8522099946408,15.9179639371223,1.02801459116236
3.419,0.808951269587917,1.02801459116711,1.02788115139847,15.9146681989613,15.8522099947873,15.9181324139238,1.02801459116711
3.42,0.808951269533524,1.02801459117183,1.02788419487937,15.9148414097095,15.8522099949329,15.9183006487279,1.02801459117183
3.421,0.808951269479494,1.02801459117652,1.02788723398866,15.9150143716604,15.8522099950775,15.9184686418821,1.02801459117652
3.422,0.808951269425824,1.02801459118118,1.02789026873263,15.9151870851715,15.8522099952212,15.9186363937336,1.02801459118118
3.423,0.808951269372512,1.02801459118581,1.02789329911753,15.9153595505996,15.8522099953638,15.918803904629,1.02801459118581
3.424,0.808951269319555,1.0280145911904,1.02789632514964,15.9155317683011,15.8522099955056,15.9189711749143,1.0280145911904
3.425,0.808951269266951,1.02801459119497,1.02789934683521,15.9157037386317,15.8522099956464,15.9191382049353,1.02801459119497
3.426,0.808951269214698,1.0280145911995,1.02790236418047,15.9158754619469,15.8522099957862,15.9193049950369,1.0280145911995
3.427,0.808951269162794,1.02801459120401,1.02790537719166,15.9160469386014,15.8522099959251,15.9194715455638,1.02801459120401
3.428,0.808951269111235,1.02801459120848,1.02790838587502,15.9162181689495,15.8522099960631,15.9196378568602,1.02801459120848
3.429,0.80895126906002,1.02801459121293,1.02791139023674,15.9163891533451,15.8522099962002,15.9198039292696,1.02801459121293
3.43,0.808951269009147,1.02801459121734,1.02791439028305,15.9165598921413,15.8522099963364,15.9199697631353,1.02801459121734
3.431,0.808951268958612,1.02801459122173,1.02791738602014,15.916730385691,15.8522099964716,15.9201353587997,1.02801459122173
3.432,0.808951268908415,1.02801459122608,1.0279203774542,15.9169006343464,15.8522099966059,15.9203007166052,1.02801459122608
3.433,0.808951268858552,1.02801459123041,1.02792336459141,15.9170706384594,15.8522099967394,15.9204658368932,1.02801459123041
3.434,0.808951268809022,1.02801459123471,1.02792634743795,15.917240398381,15.852209996872,15.9206307200051,1.02801459123471
3.435,0.808951268759822,1.02801459123898,1.02792932599997,15.9174099144623,15.8522099970036,15.9207953662815,1.02801459123898
3.436,0.80895126871095,1.02801459124322,1.02793230028363,15.9175791870532,15.8522099971344,15.9209597760626,1.02801459124322
3.437,0.808951268662403,1.02801459124743,1.02793527029507,15.9177482165037,15.8522099972644,15.921123949688,1.02801459124743
3.438,0.808951268614181,1.02801459125162,1.02793823604044,15.9179170031629,15.8522099973934,15.921287887497,1.02801459125162
3.439,0.80895126856628,1.02801459125577,1.02794119752586,15.9180855473796,15.8522099975216,15.9214515898283,1.02801459125577
3.44,0.808951268518698,1.0280145912599,1.02794415475744,15.918253849502,15.852209997649,15.9216150570201,1.0280145912599
3.441,0.808951268471433,1.02801459126401,1.02794710774131,15.9184219098779,15.8522099977755,15.9217782894102,1.02801459126401
3.442,0.808951268424484,1.02801459126808,1.02795005648355,15.9185897288545,15.8522099979012,15.9219412873359,1.02801459126808
3.443,0.808951268377847,1.02801459127213,1.02795300099027,15.9187573067786,15.852209998026,15.9221040511339,1.02801459127213
3.444,0.808951268331521,1.02801459127615,1.02795594126755,15.9189246439964,15.85220999815,15.9222665811405,1.02801459127615
3.445,0.808951268285505,1.02801459128014,1.02795887732145,15.9190917408536,15.8522099982731,15.9224288776916,1.02801459128014
3.446,0.808951268239795,1.02801459128411,1.02796180915806,15.9192585976955,15.8522099983955,15.9225909411225,1.02801459128411
3.447,0.808951268194389,1.02801459128805,1.02796473678342,15.9194252148668,15.852209998517,15.922752771768,1.02801459128805
3.448,0.808951268149287,1.02801459129196,1.02796766020359,15.9195915927119,15.8522099986377,15.9229143699625,1.02801459129196
3.449,0.808951268104485,1.02801459129585,1.0279705794246,15.9197577315744,15.8522099987576,15.9230757360399,1.02801459129585
3.45,0.808951268059982,1.02801459129971,1.02797349445249,15.9199236317977,15.8522099988767,15.9232368703336,1.02801459129971
3.451,0.808951268015775,1.02801459130355,1.02797640529327,15.9200892937245,15.852209998995,15.9233977731765,1.02801459130355
3.452,0.808951267971863,1.02801459130736,1.02797931195298,15.9202547176971,15.8522099991125,15.9235584449011,1.02801459130736
3.453,0.808951267928244,1.02801459131114,1.0279822144376,15.9204199040573,15.8522099992293,15.9237188858393,1.02801459131114
3.454,0.808951267884916,1.0280145913149,1.02798511275313,15.9205848531464,15.8522099993453,15.9238790963227,1.0280145913149
3.455,0.808951267841877,1.02801459131864,1.02798800690558,15.9207495653052,15.8522099994604,15.9240390766823,1.02801459131864
3.456,0.808951267799124,1.02801459132235,1.02799089690091,15.9209140408741,15.8522099995749,15.9241988272485,1.02801459132235
3.457,0.808951267756657,1.02801459132604,1.02799378274509,15.9210782801928,15.8522099996885,15.9243583483516,1.02801459132604
3.458,0.808951267714472,1.0280145913297,1.02799666444409,15.9212422836007,15.8522099998014,15.9245176403211,1.0280145913297
3.459,0.808951267672569,1.02801459133333,1.02799954200387,15.9214060514367,15.8522099999136,15.9246767034861,1.02801459133333
3.46,0.808951267630945,1.02801459133694,1.02800241543036,15.9215695840392,15.852210000025,15.8233997804902,1.02801459133694
3.461,0.808951267589599,1.02801459134053,1.02800528472951,15.9166610938618,15.8522100001356,15.8233997804902,1.02801459134053
3.462,0.808951267548528,1.0280145913441,1.02800768380417,15.9119980281932,15.8522100002456,15.8233997804902,1.0280145913441
3.463,0.808951267507732,1.02801459134764,1.02800963834398,15.907568115808,15.8522100003548,15.8233997804902,1.02801459134764
3.464,0.808951267467207,1.02801459135115,1.02801117273954,15.9033596990421,15.8522100004632,15.8233997804902,1.02801459135115
3.465,0.808951267426952,1.02801459135465,1.02801231014752,15.8993617031145,15.852210000571,15.8233997804902,1.02801459135465
3.466,0.808951267386966,1.02801459135812,1.02801307255241,15.8955636069833,15.852210000678,15.8233997804902,1.02801459135812
3.467,0.808951267347246,1.02801459136157,1.02801348082525,15.8919554156587,15.8522100007843,15.8233997804902,1.02801459136157
3.468,0.808951267307791,1.02801459136499,1.02801355477939,15.8885276339003,15.8522100008899,15.8233997804902,1.02801459136499
3.469,0.808951267268599,1.02801459136839,1.02801331322347,15.8852712412298,15.8522100009948,15.8233997804902,1.02801459136839
3.47,0.808951267229668,1.02801459137177,1.02801277401174,15.8821776681928,15.852210001099,15.8233997804902,1.02801459137177
3.471,0.808951267190997,1.02801459137512,1.02801195409188,15.8792387738076,15.8522100012025,15.8233997804902,1.02801459137512
3.472,0.808951267152584,1.02801459137846,1.02801086955042,15.8764468241418,15.8522100013053,15.8233997804902,1.02801459137846
3.473,0.808951267114427,1.02801459138177,1.02800953565589,15.8737944719592,15.8522100014074,15.8233997804902,1.02801459138177
3.474,0.808951267076524,1.02801459138506,1.02800796689982,15.8712747373858,15.8522100015088,15.8233997804902,1.02801459138506
3.475,0.808951267038874,1.02801459138833,1.02800617703564,15.868880989541,15.8522100016096,15.8233997804902,1.02801459138833
3.476,0.808951267001475,1.02801459139157,1.02800417911575,15.8666069290884,15.8522100017097,15.8233997804902,1.02801459139157
3.477,0.808951266964325,1.0280145913948,1.02800198552659,15.8644465716585,15.8522100018091,15.8233997804902,1.0280145913948
3.478,0.808951266927423,1.028014591398,1.02799960802206,15.8623942321001,15.8522100019079,15.9249780961387,1.028014591398
3.479,0.808951266890767,1.02801459140118,1.02799705775522,15.865523425302,15.852210002006,15.92541233161,1.02801459140118
3.48,0.808951266854355,1.02801459140434,1.02799481206656,15.8685178706174,15.8522100021035,15.9258314893445,1.02801459140434
3.481,0.808951266818186,1.02801459140748,1.02799285654209,15.8713835515538,15.8522100022003,15.9262362548751,1.02801459140748
3.482,0.808951266782258,1.0280145914106,1.02799117741379,15.8741261867199,15.8522100022964,15.9266272831281,1.0280145914106
3.483,0.80895126674657,1.02801459141369,1.02798976153095,15.8767512415403,15.8522100023919,15.9270051997794,1.02801459141369
3.484,0.808951266711119,1.02801459141677,1.02798859633286,15.8792639394522,15.8522100024868,15.927370602551,1.02801459141677
3.485,0.808951266675905,1.02801459141983,1.02798766982254,15.8816692726072,15.8522100025811,15.9277240624503,1.02801459141983
3.486,0.808951266640926,1.02801459142286,1.02798697054181,15.8839720120993,15.8522100026747,15.9280661249542,1.02801459142286
3.487,0.808951266606179,1.02801459142588,1.02798648754733,15.8861767177421,15.8522100027677,15.9283973111412,1.02801459142588
3.488,0.808951266571665,1.02801459142887,1.02798621038776,15.888287747412,15.85221000286,15.9287181187728,1.02801459142887
3.489,0.80895126653738,1.02801459143185,1.02798612908194,15.8903092659801,15.8522100029518,15.9290290233282,1.02801459143185
3.49,0.808951266503325,1.0280145914348,1.02798623409801,15.8922452538475,15.852210003043,15.9293304789918,1.0280145914348
3.491,0.808951266469496,1.02801459143774,1.02798651633347,15.8940995151047,15.8522100031335,15.9296229195985,1.02801459143774
3.492,0.808951266435892,1.02801459144065,1.02798696709606,15.8958756853294,15.8522100032234,15.9299067595355,1.02801459144065
3.493,0.808951266402513,1.02801459144355,1.02798757808564,15.8975772390397,15.8522100033128,15.9301823946057,1.02801459144355
3.494,0.808951266369356,1.02801459144643,1.02798834137666,15.899207496818,15.8522100034015,15.9304502028524,1.02801459144643
3.495,0.808951266336421,1.02801459144929,1.02798924940163,15.9007696321197,15.8522100034897,15.930710545347,1.02801459144929
3.496,0.808951266303705,1.02801459145213,1.0279902949351,15.9022666777811,15.8522100035772,15.9309637669423,1.02801459145213
3.497,0.808951266271207,1.02801459145495,1.02799147107854,15.9037015322391,15.8522100036642,15.9312101969929,1.02801459145495
3.498,0.808951266238925,1.02801459145775,1.02799277124578,15.9050769654768,15.8522100037506,15.9314501500426,1.02801459145775
3.499,0.808951266206859,1.02801459146053,1.02799418914912,15.9063956247051,15.8522100038364,15.9316839264826,1.02801459146053
3.5,0.808951266175007,1.02801459146329,1.02799571878605,15.907660039794,15.8522100039217,15.9319118131796,1.02801459146329
3.501,0.808951266143367,1.02801459146604,1.02799735442658,15.9088726284633,15.8522100040064,15.9321340840765,1.02801459146604
3.502,0.808951266111938,1.02801459146877,1.02799909060112,15.9100357012439,15.8522100040905,15.932351000767,1.02801459146877
3.503,0.808951266080718,1.02801459147148,1.02800092208887,15.9111514662201,15.852210004174,15.8310512246638,1.02801459147148
3.504,0.808951266049707,1.02801459147417,1.02800284390677,15.9071464541423,15.852210004257,15.8310512246638,1.02801459147417
3.505,0.808951266018902,1.02801459147684,1.02800438484739,15.9033416926683,15.8522100043395,15.8310512246638,1.02801459147684
3.506,0.808951265988303,1.0280145914795,1.02800556585318,15.8997271692681,15.8522100044214,15.8310512246638,1.0280145914795
3.507,0.808951265957907,1.02801459148214,1.02800640680678,15.8962933720379,15.8522100045027,15.8310512246638,1.02801459148214
3.508,0.808951265927714,1.02801459148476,1.02800692658417,15.8930312646692,15.8522100045835,15.8310512246638,1.02801459148476
3.509,0.808951265897723,1.02801459148736,1.028007143105,15.8899322626689,15.8522100046638,15.8310512246638,1.02801459148736
3.51,0.808951265867932,1.02801459148994,1.02800707338055,15.8869882107687,15.8522100047435,15.8310512246638,1.02801459148994
3.511,0.808951265838339,1.02801459149251,1.02800673355923,15.8841913614634,15.8522100048227,15.8310512246638,1.02801459149251
3.512,0.808951265808943,1.02801459149506,1.02800613896975,15.8815343546234,15.8522100049014,15.8310512246638,1.02801459149506
3.513,0.808951265779743,1.0280145914976,1.02800530416225,15.8790101981255,15.8522100049796,15.8310512246638,1.0280145914976
3.514,0.808951265750739,1.02801459150011,1.02800424294729,15.8766122494524,15.8522100050572,15.8310512246638,1.02801459150011
3.515,0.808951265721927,1.02801459150261,1.02800296843289,15.8743341982129,15.8522100051343,15.8310512246638,1.02801459150261
3.516,0.808951265693307,1.0280145915051,1.02800149305975,15.8721700495355,15.8522100052109,15.8310512246638,1.0280145915051
3.517,0.808951265664879,1.02801459150757,1.02799982863472,15.8701141082919,15.852210005287,15.9326183377766,1.02801459150757
3.518,0.80895126563664,1.02801459151002,1.02799798636252,15.8732393197661,15.8522100053626,15.933016588235,1.02801459151002
3.519,0.808951265608589,1.02801459151245,1.02799644358261,15.8762281831896,15.8522100054377,15.9333999113598,1.02801459151245
3.52,0.808951265580725,1.02801459151487,1.02799518576785,15.8790867695981,15.8522100055122,15.9337689992044,1.02801459151487
3.521,0.808951265553047,1.02801459151727,1.02799419904586,15.8818208810784,15.8522100055863,15.934124512786,1.02801459151727
3.522,0.808951265525553,1.02801459151966,1.02799347016996,15.8844360626638,15.8522100056599,15.9344670834626,1.02801459151966
3.523,0.808951265498242,1.02801459152203,1.02799298649139,15.8869376137037,15.852210005733,15.9347973142487,1.02801459152203
3.524,0.808951265471114,1.02801459152438,1.02799273593273,15.889330598731,15.8522100058056,15.9351157810736,1.02801459152438
3.525,0.808951265444167,1.02801459152672,1.0279927069625,15.8916198578481,15.8522100058777,15.9354230339835,1.02801459152672
3.526,0.808951265417399,1.02801459152904,1.02799288857092,15.8938100166549,15.8522100059494,15.9357195982901,1.02801459152904
3.527,0.80895126539081,1.02801459153135,1.0279932702467,15.8959054957366,15.8522100060205,15.9360059756694,1.02801459153135
3.528,0.808951265364398,1.02801459153364,1.02799384195488,15.8979105197333,15.8522100060912,15.9362826452107,1.02801459153364
3.529,0.808951265338162,1.02801459153592,1.02799459411565,15.8998291260071,15.8522100061614,15.93655006442,1.02801459153592
3.53,0.8089512653121,1.02801459153818,1.02799551758412,15.9016651729278,15.8522100062312,15.9368086701784,1.02801459153818
3.531,0.808951265286213,1.02801459154043,1.02799660363092,15.9034223477903,15.8522100063005,15.9370588796589,1.02801459154043
3.532,0.808951265260498,1.02801459154266,1.02799784392378,15.9051041743837,15.8522100063693,15.9373010912015,1.02801459154266
3.533,0.808951265234955,1.02801459154488,1.02799923050979,15.9067140202246,15.8522100064377,15.9375356851506,1.02801459154488
3.534,0.808951265209582,1.02801459154708,1.02800075579856,15.9082551034709,15.8522100065056,15.8362429921855,1.02801459154708
3.535,0.808951265184378,1.02801459154926,1.02800241254604,15.9046544979067,15.852210006573,15.8362429921855,1.02801459154926
3.536,0.808951265159342,1.02801459155144,1.02800372734879,15.9012339226206,15.85221000664,15.8362429921855,1.02801459155144
3.537,0.808951265134473,1.0280145915536,1.02800471903144,15.8979843760988,15.8522100067066,15.8362429921855,1.0280145915536
3.538,0.80895126510977,1.02801459155574,1.02800540546585,15.8948973069032,15.8522100067727,15.8362429921855,1.02801459155574
3.539,0.808951265085232,1.02801459155787,1.02800580361887,15.8919645911673,15.8522100068384,15.8362429921855,1.02801459155787
3.54,0.808951265060857,1.02801459155998,1.02800592959763,15.8891785112182,15.8522100069036,15.8362429921855,1.02801459155998
3.541,0.808951265036645,1.02801459156209,1.02800579869262,15.8865317352666,15.8522100069684,15.8362429921855,1.02801459156209
3.542,0.808951265012594,1.02801459156417,1.0280054254186,15.8840172981125,15.8522100070328,15.8362429921855,1.02801459156417
3.543,0.808951264988703,1.02801459156625,1.02800482355343,15.8816285828162,15.8522100070967,15.8362429921855,1.02801459156625
3.544,0.808951264964972,1.02801459156831,1.02800400617506,15.8793593032846,15.8522100071602,15.8362429921855,1.02801459156831
3.545,0.808951264941399,1.02801459157035,1.02800298569651,15.8772034877297,15.8522100072233,15.8362429921855,1.02801459157035
3.546,0.808951264917983,1.02801459157238,1.02800177389925,15.8751554629525,15.852210007286,15.8362429921855,1.02801459157238
3.547,0.808951264894723,1.0280145915744,1.02800038196483,15.8732098394141,15.8522100073483,15.8362429921855,1.0280145915744
3.548,0.808951264871618,1.02801459157641,1.02799882050497,15.8713614970527,15.8522100074101,15.9378612973263,1.02801459157641
3.549,0.808951264848667,1.0280145915784,1.02799709959007,15.8746864870664,15.8522100074715,15.9382535389331,1.0280145915784
3.55,0.808951264825869,1.02801459158038,1.0279956957183,15.8778648396597,15.8522100075325,15.9386299435019,1.02801459158038
3.551,0.808951264803224,1.02801459158234,1.02799459329989,15.8809030948518,15.8522100075931,15.9389912543711,1.02801459158234
3.552,0.808951264780729,1.02801459158429,1.02799377745004,15.8838075028278,15.8522100076534,15.9393381814564,1.02801459158429
3.553,0.808951264758384,1.02801459158623,1.02799323395757,15.8865840367592,15.8522100077132,15.9396714027344,1.02801459158623
3.554,0.808951264736188,1.02801459158816,1.02799294925502,15.889238405058,15.8522100077726,15.9399915656609,1.02801459158816
3.555,0.80895126471414,1.02801459159007,1.02799291038994,15.8917760630881,15.8522100078316,15.9402992885264,1.02801459159007
3.556,0.808951264692239,1.02801459159197,1.02799310499761,15.89420222436,15.8522100078902,15.9405951617516,1.02801459159197
3.557,0.808951264670484,1.02801459159386,1.02799352127488,15.8965218712296,15.8522100079484,15.9408797491248,1.02801459159386
3.558,0.808951264648875,1.02801459159574,1.02799414795514,15.8987397651244,15.8522100080063,15.9411535889862,1.02801459159574
3.559,0.808951264627409,1.0280145915976,1.02799497428451,15.9008604563175,15.8522100080637,15.9414171953579,1.0280145915976
3.56,0.808951264606086,1.02801459159945,1.02799598999894,15.9028882932695,15.8522100081208,15.9416710590254,1.02801459159945
3.561,0.808951264584906,1.02801459160129,1.02799718530246,15.9048274315573,15.8522100081775,15.94191564857,1.02801459160129
3.562,0.808951264563866,1.02801459160311,1.0279985508463,15.9066818424079,15.8522100082338,15.9421514113567,1.02801459160311
3.563,0.808951264542967,1.02801459160493,1.02800007770898,15.9084553208553,15.8522100082897,15.8408243091577,1.02801459160493
3.564,0.808951264522207,1.02801459160673,1.02800175737726,15.9050737702705,15.8522100083453,15.8408243091577,1.02801459160673
3.565,0.808951264501586,1.02801459160852,1.02800311507941,15.9018612972148,15.8522100084005,15.8408243091577,1.02801459160852
3.566,0.808951264481102,1.0280145916103,1.02800416850029,15.898809447812,15.8522100084553,15.8408243091577,1.0280145916103
3.567,0.808951264460755,1.02801459161206,1.02800493442994,15.8959101908793,15.8522100085097,15.8408243091577,1.02801459161206
3.568,0.808951264440543,1.02801459161382,1.02800542880839,15.8931558967932,15.8522100085638,15.8408243091577,1.02801459161382
3.569,0.808951264420466,1.02801459161556,1.02800566676823,15.8905393174114,15.8522100086176,15.8408243091577,1.02801459161556
3.57,0.808951264400523,1.02801459161729,1.02800566267505,15.8880535669987,15.8522100086709,15.8408243091577,1.02801459161729
3.571,0.808951264380713,1.02801459161901,1.02800543016587,15.8856921041067,15.852210008724,15.8408243091577,1.02801459161901
3.572,0.808951264361035,1.02801459162072,1.02800498218563,15.8834487143592,15.8522100087766,15.8408243091577,1.02801459162072
3.573,0.808951264341488,1.02801459162241,1.02800433102186,15.8813174940992,15.8522100088289,15.8408243091577,1.02801459162241
3.574,0.808951264322071,1.0280145916241,1.02800348833763,15.8792928348521,15.8522100088809,15.8408243091577,1.0280145916241
3.575,0.808951264302784,1.02801459162577,1.0280024652028,15.8773694085674,15.8522100089325,15.8408243091577,1.02801459162577
3.576,0.808951264283626,1.02801459162743,1.02800127212381,15.8755421535969,15.8522100089838,15.8408243091577,1.02801459162743
3.577,0.808951264264595,1.02801459162909,1.02799991907187,15.8738062613749,15.8522100090348,15.9423868299437,1.02801459162909
3.578,0.808951264245691,1.02801459163073,1.02799841550982,15.8772352898034,15.8522100090853,15.9427678671929,1.02801459163073
3.579,0.808951264226913,1.02801459163236,1.02799723710312,15.8805119186728,15.8522100091356,15.9431326223606,1.02801459163236
3.58,0.80895126420826,1.02801459163397,1.02799636767837,15.8836429538572,15.8522100091855,15.9434818671855,1.02801459163397
3.581,0.808951264189732,1.02801459163558,1.02799579179548,15.8866348995236,15.8522100092351,15.9438163386344,1.02801459163558
3.582,0.808951264171327,1.02801459163718,1.02799549471502,15.8894939714792,15.8522100092844,15.9441367404462,1.02801459163718
3.583,0.808951264153045,1.02801459163877,1.02799546236705,15.8922261099275,15.8522100093333,15.9444437446087,1.02801459163877
3.584,0.808951264134885,1.02801459164034,1.02799568132136,15.8948369916616,15.8522100093819,15.944737992769,1.02801459164034
3.585,0.808951264116845,1.02801459164191,1.02799613875897,15.897332041717,15.8522100094302,15.9450200975816,1.02801459164191
3.586,0.808951264098926,1.02801459164346,1.02799682244493,15.8997164445102,15.8522100094781,15.9452906439979,1.02801459164346
3.587,0.808951264081127,1.02801459164501,1.02799772070231,15.9019951544846,15.8522100095258,15.9455501904968,1.02801459164501
3.588,0.808951264063446,1.02801459164654,1.02799882238734,15.9041729062852,15.8522100095731,15.9457992702629,1.02801459164654
3.589,0.808951264045883,1.02801459164807,1.02800011686566,15.9062542244841,15.8522100096201,15.844485915336,1.02801459164807
3.59,0.808951264028437,1.02801459164958,1.02800159398964,15.9031658090267,15.8522100096668,15.844485915336,1.02801459164958
3.591,0.808951264011108,1.02801459165108,1.02800277743724,15.9002318143421,15.8522100097132,15.844485915336,1.02801459165108
3.592,0.808951263993894,1.02801459165258,1.02800368335774,15.8974445193918,15.8522100097592,15.844485915336,1.02801459165258
3.593,0.808951263976794,1.02801459165406,1.0280043270832,15.894796589189,15.852210009805,15.844485915336,1.02801459165406
3.594,0.808951263959809,1.02801459165554,1.02800472316937,15.8922810554964,15.8522100098505,15.844485915336,1.02801459165554
3.595,0.808951263942937,1.028014591657,1.02800488543456,15.8898912984884,15.8522100098956,15.844485915336,1.028014591657
3.596,0.808951263926177,1.02801459165845,1.02800482699659,15.8876210293307,15.8522100099405,15.844485915336,1.02801459165845
3.597,0.80895126390953,1.0280145916599,1.0280045603079,15.885464273631,15.852210009985,15.844485915336,1.0280145916599
3.598,0.808951263892993,1.02801459166133,1.02800409718884,15.8834153557163,15.8522100100293,15.844485915336,1.02801459166133
3.599,0.808951263876566,1.02801459166276,1.02800344885935,15.8814688836972,15.8522100100733,15.844485915336,1.02801459166276
3.6,0.808951263860249,1.02801459166418,1.02800262596907,15.8796197352792,15.8522100101169,15.844485915336,1.02801459166418
3.601,0.808951263844041,1.02801459166558,1.02800163862589,15.877863044282,15.8522100101603,15.844485915336,1.02801459166558
3.602,0.808951263827941,1.02801459166698,1.0280004964231,15.8761941878347,15.8522100102034,15.844485915336,1.02801459166698
3.603,0.808951263811948,1.02801459166837,1.02799920846519,15.8746087742098,15.8522100102462,15.9460845201651,1.02801459166837
3.604,0.808951263796061,1.02801459166975,1.02799778339235,15.8781825615075,15.8522100102887,15.9464616800462,1.02801459166975
3.605,0.808951263780281,1.02801459167112,1.02799669625511,15.8815965174345,15.852210010331,15.9468218969184,1.02801459167112
3.606,0.808951263764606,1.02801459167248,1.02799593011188,15.8848577864087,15.8522100103729,15.9471659795818,1.02801459167248
3.607,0.808951263749035,1.02801459167383,1.02799546879059,15.8879731960673,15.8522100104146,15.9474947003413,1.02801459167383
3.608,0.808951263733568,1.02801459167517,1.02799529685446,15.890949271281,15.852210010456,15.9478087966289,1.02801459167517
3.609,0.808951263718204,1.0280145916765,1.02799539956927,15.8937922475484,15.8522100104971,15.9481089725526,1.0280145916765
3.61,0.808951263702943,1.02801459167783,1.02799576287205,15.8965080837986,15.852210010538,15.9483959003783,1.02801459167783
3.611,0.808951263687783,1.02801459167914,1.02799637334126,15.8991024746276,15.8522100105785,15.9486702219449,1.02801459167914
3.612,0.808951263672725,1.02801459168045,1.02799721816813,15.9015808619935,15.8522100106188,15.9489325500179,1.02801459168045
3.613,0.808951263657767,1.02801459168175,1.02799828512944,15.9039484463947,15.8522100106589,15.9491834695818,1.02801459168175
3.614,0.808951263642908,1.02801459168304,1.02799956256137,15.9062101975541,15.8522100106986,15.9494235390765,1.02801459168304
3.615,0.808951263628149,1.02801459168432,1.02800103933458,15.9083708646302,15.8522100107381,15.8481476568425,1.02801459168432
3.616,0.808951263613488,1.02801459168559,1.0280027048304,15.9053597042408,15.8522100107774,15.8481476568425,1.02801459168559
3.617,0.808951263598925,1.02801459168685,1.02800408249385,15.9024991018709,15.8522100108163,15.8481476568425,1.02801459168685
3.618,0.808951263584459,1.02801459168811,1.02800518808028,15.8997815296195,15.8522100108551,15.8481476568425,1.02801459168811
3.619,0.808951263570089,1.02801459168936,1.02800603654815,15.8971998359806,15.8522100108935,15.8481476568425,1.02801459168936
3.62,0.808951263555815,1.0280145916906,1.02800664209899,15.8947472270237,15.8522100109317,15.8481476568425,1.0280145916906
3.621,0.808951263541636,1.02801459169183,1.02800701821528,15.8924172485147,15.8522100109697,15.8481476568425,1.02801459169183
3.622,0.808951263527552,1.02801459169305,1.02800717769645,15.8902037689311,15.8522100110074,15.8481476568425,1.02801459169305
3.623,0.808951263513562,1.02801459169426,1.02800713269313,15.8881009633266,15.8522100110448,15.8481476568425,1.02801459169426
3.624,0.808951263499665,1.02801459169547,1.02800689473961,15.8861032980024,15.852210011082,15.8481476568425,1.02801459169547
3.625,0.80895126348586,1.02801459169667,1.02800647478473,15.8842055159444,15.852210011119,15.8481476568425,1.02801459169667
3.626,0.808951263472148,1.02801459169786,1.02800588322123,15.8824026229893,15.8522100111557,15.8481476568425,1.02801459169786
3.627,0.808951263458527,1.02801459169904,1.02800512991357,15.880689874682,15.8522100111921,15.8481476568425,1.02801459169904
3.628,0.808951263444997,1.02801459170021,1.02800422422445,15.87906276379,15.8522100112283,15.8481476568425,1.02801459170021
3.629,0.808951263431557,1.02801459170138,1.02800317503992,15.8775170084426,15.8522100112643,15.8481476568425,1.02801459170138
3.63,0.808951263418206,1.02801459170254,1.02800199079328,15.8760485408626,15.8522100113,15.8481476568425,1.02801459170254
3.631,0.808951263404945,1.02801459170369,1.02800067948778,15.8746534966616,15.8522100113355,15.8481476568425,1.02801459170369
3.632,0.808951263391772,1.02801459170483,1.02799924871817,15.8733282046707,15.8522100113708,15.949744217657,1.02801459170483
3.633,0.808951263378687,1.02801459170597,1.02799770569119,15.87714900532,15.8522100114058,15.9501273610241,1.02801459170597
3.634,0.808951263365689,1.0280145917071,1.02799652408697,15.8807979231052,15.8522100114406,15.9504923866913,1.0280145917071
3.635,0.808951263352778,1.02801459170822,1.02799568569979,15.8842826462845,15.8522100114751,15.9508401640721,1.02801459170822
3.636,0.808951263339953,1.02801459170933,1.02799517315189,15.8876105221739,15.8522100115095,15.9511715233117,1.02801459170933
3.637,0.808951263327213,1.02801459171043,1.02799496985654,15.8907885722308,15.8522100115436,15.9514872570324,1.02801459171043
3.638,0.808951263314558,1.02801459171153,1.02799505998291,15.8938235064709,15.8522100115774,15.9517881220011,1.02801459171153
3.639,0.808951263301988,1.02801459171262,1.02799542842234,15.8967217372474,15.8522100116111,15.9520748407241,1.02801459171262
3.64,0.808951263289501,1.02801459171371,1.0279960607562,15.8994893924212,15.8522100116445,15.95234810297,1.02801459171371
3.641,0.808951263277098,1.02801459171478,1.02799694322516,15.9021323279486,15.8522100116777,15.9526085672262,1.02801459171478
3.642,0.808951263264777,1.02801459171585,1.02799806269977,15.9046561399125,15.8522100117107,15.9528568620906,1.02801459171585
3.643,0.808951263252539,1.02801459171691,1.0279994066524,15.9070661760214,15.8522100117434,15.9530935876013,1.02801459171691
3.644,0.808951263240382,1.02801459171797,1.0280009631304,15.9093675466004,15.8522100117759,15.8518098121845,1.02801459171797
3.645,0.808951263228306,1.02801459171902,1.02800272073045,15.9064896598796,15.8522100118083,15.8518098121845,1.02801459171902
3.646,0.808951263216311,1.02801459172006,1.02800420213211,15.9037556674949,15.8522100118404,15.8518098121845,1.02801459172006
3.647,0.808951263204395,1.02801459172109,1.02800542240075,15.9011583747294,15.8522100118723,15.8518098121845,1.02801459172109
3.648,0.808951263192559,1.02801459172212,1.02800639584012,15.8986909466021,15.8522100119039,15.8518098121845,1.02801459172212
3.649,0.808951263180802,1.02801459172314,1.02800713603044,15.8963468898812,15.8522100119354,15.8518098121845,1.02801459172314
3.65,0.808951263169124,1.02801459172415,1.02800765586468,15.8941200359964,15.8522100119667,15.8518098121845,1.02801459172415
3.651,0.808951263157523,1.02801459172516,1.02800796758297,15.8920045248058,15.8522100119977,15.8518098121845,1.02801459172516
3.652,0.808951263145999,1.02801459172616,1.02800808280524,15.8899947891747,15.8522100120286,15.8518098121845,1.02801459172616
3.653,0.808951263134553,1.02801459172715,1.02800801256239,15.8880855403252,15.8522100120592,15.8518098121845,1.02801459172715
3.654,0.808951263123182,1.02801459172814,1.02800776732568,15.8862717539182,15.8522100120896,15.8518098121845,1.02801459172814
3.655,0.808951263111888,1.02801459172912,1.02800735703485,15.8845486568315,15.8522100121199,15.8518098121845,1.02801459172912
3.656,0.808951263100669,1.02801459173009,1.02800679112472,15.8829117145992,15.8522100121499,15.8518098121845,1.02801459173009
3.657,0.808951263089524,1.02801459173106,1.02800607855047,15.8813566194784,15.8522100121797,15.8518098121845,1.02801459173106
3.658,0.808951263078454,1.02801459173202,1.02800522781171,15.8798792791137,15.8522100122093,15.8518098121845,1.02801459173202
3.659,0.808951263067458,1.02801459173298,1.02800424697528,15.8784758057673,15.8522100122388,15.8518098121845,1.02801459173298
3.66,0.808951263056535,1.02801459173392,1.02800314369697,15.8771425060881,15.852210012268,15.8518098121845,1.02801459173392
3.661,0.808951263045684,1.02801459173487,1.02800192524209,15.875875871393,15.852210012297,15.8518098121845,1.02801459173487
3.662,0.808951263034906,1.0280145917358,1.02800059850508,15.8746725684325,15.8522100123259,15.8518098121845,1.0280145917358
3.663,0.808951263024201,1.02801459173673,1.02799917002807,15.8735294306201,15.8522100123545,15.95341036882,1.02801459173673
3.664,0.808951263013566,1.02801459173765,1.02799764601858,15.8775234775301,15.852210012383,15.9537925584812,1.02801459173765
3.665,0.808951263003002,1.02801459173857,1.0279964992266,15.8813369315777,15.8522100124113,15.954155825501,1.02801459173857
3.666,0.808951262992509,1.02801459173948,1.02799571054065,15.8849778762739,15.8522100124394,15.9545010828802,1.02801459173948
3.667,0.808951262982085,1.02801459174039,1.02799526171957,15.8884540366042,15.8522100124673,15.9548292023383,1.02801459174039
3.668,0.808951262971731,1.02801459174128,1.0279951353537,15.8917727948909,15.852210012495,15.9551410161487,1.02801459174128
3.669,0.808951262961447,1.02801459174218,1.02799531482794,15.8949412059538,15.8522100125225,15.9554373188924,1.02801459174218
3.67,0.80895126295123,1.02801459174306,1.02799578428625,15.8979660116007,15.8522100125498,15.9557188691341,1.02801459174306
3.671,0.808951262941082,1.02801459174394,1.02799652859791,15.9008536544774,15.852210012577,15.9559863910248,1.02801459174394
3.672,0.808951262931002,1.02801459174482,1.02799753332516,15.9036102913047,15.852210012604,15.9562405758324,1.02801459174482
3.673,0.808951262920988,1.02801459174569,1.02799878469228,15.9062418055311,15.8522100126308,15.9564820834054,1.02801459174569
3.674,0.808951262911042,1.02801459174655,1.0280002695561,15.9087538194248,15.8522100126574,15.8551668200957,1.02801459174655
3.675,0.808951262901161,1.02801459174741,1.02800197537775,15.9060744694584,15.8522100126839,15.8551668200957,1.02801459174741
3.676,0.808951262891347,1.02801459174826,1.02800342359196,15.9035290869903,15.8522100127101,15.8551668200957,1.02801459174826
3.677,0.808951262881598,1.02801459174911,1.02800462822786,15.9011109736455,15.8522100127362,15.8551668200957,1.02801459174911
3.678,0.808951262871914,1.02801459174995,1.0280056026055,15.898813765968,15.8522100127621,15.8551668200957,1.02801459174995
3.679,0.808951262862295,1.02801459175078,1.02800635937129,15.8966314186744,15.8522100127879,15.8551668200957,1.02801459175078
3.68,0.80895126285274,1.02801459175161,1.02800691053178,15.8945581887455,15.8522100128135,15.8551668200957,1.02801459175161
3.681,0.808951262843248,1.02801459175243,1.02800726748568,15.892588620313,15.8522100128389,15.8551668200957,1.02801459175243
3.682,0.80895126283382,1.02801459175325,1.02800744105432,15.8907175303021,15.8522100128641,15.8551668200957,1.02801459175325
3.683,0.808951262824454,1.02801459175407,1.02800744151053,15.8889399947918,15.8522100128892,15.8551668200957,1.02801459175407
3.684,0.808951262815151,1.02801459175487,1.02800727860617,15.887251336057,15.8522100129141,15.8551668200957,1.02801459175487
3.685,0.80895126280591,1.02801459175567,1.02800696159819,15.885647110259,15.8522100129388,15.8551668200957,1.02801459175567
3.686,0.808951262796731,1.02801459175647,1.02800649927342,15.8841230957508,15.8522100129634,15.8551668200957,1.02801459175647
3.687,0.808951262787613,1.02801459175726,1.02800589997214,15.882675281968,15.8522100129878,15.8551668200957,1.02801459175726
3.688,0.808951262778555,1.02801459175805,1.02800517161048,15.8812998588744,15.852210013012,15.8551668200957,1.02801459175805
3.689,0.808951262769558,1.02801459175883,1.02800432170163,15.8799932069355,15.8522100130361,15.8551668200957,1.02801459175883
3.69,0.808951262760621,1.0280145917596,1.02800335737603,15.8787518875935,15.85221001306,15.8551668200957,1.0280145917596
3.691,0.808951262751744,1.02801459176038,1.02800228540061,15.8775726342186,15.8522100130838,15.8551668200957,1.02801459176038
3.692,0.808951262742925,1.02801459176114,1.02800111219697,15.8764523435125,15.8522100131074,15.8551668200957,1.02801459176114
3.693,0.808951262734166,1.0280145917619,1.0279998438587,15.8753880673416,15.8522100131308,15.9567331601469,1.0280145917619
3.694,0.808951262725465,1.02801459176266,1.02799848616783,15.8794553219819,15.8522100131541,15.9571068016309,1.02801459176266
3.695,0.808951262716822,1.02801459176341,1.02799751131355,15.8833378959643,15.8522100131772,15.9574612098043,1.02801459176341
3.696,0.808951262708236,1.02801459176415,1.02799689977126,15.8870440616563,15.8522100132002,15.9577973177906,1.02801459176415
3.697,0.808951262699708,1.02801459176489,1.02799663290676,15.8905817244631,15.852210013223,15.9581160164736,1.02801459176489
3.698,0.808951262691237,1.02801459176563,1.02799669293658,15.8939584390636,15.8522100132457,15.958418156376,1.02801459176563
3.699,0.808951262682822,1.02801459176636,1.0279970628901,15.8971814249292,15.8522100132682,15.9587045494538,1.02801459176636
3.7,0.808951262674463,1.02801459176708,1.02799772657334,15.9002575811554,15.8522100132906,15.9589759708127,1.02801459176708
3.701,0.80895126266616,1.0280145917678,1.02799866853427,15.9031935006383,15.8522100133128,15.9592331603474,1.0280145917678
3.702,0.808951262657912,1.02801459176852,1.02799987402979,15.9059954836238,15.8522100133349,15.9594768243086,1.02801459176852
3.703,0.80895126264972,1.02801459176923,1.02800132899409,15.908669550658,15.8522100133568,15.8582167107453,1.02801459176923
3.704,0.808951262641581,1.02801459176994,1.02800302000843,15.9061469086624,15.8522100133786,15.8582167107453,1.02801459176994
3.705,0.808951262633498,1.02801459177064,1.02800446791568,15.9037503987665,15.8522100134002,15.8582167107453,1.02801459177064
3.706,0.808951262625468,1.02801459177133,1.02800568592823,15.9014737143654,15.8522100134217,15.8582167107453,1.02801459177133
3.707,0.808951262617491,1.02801459177203,1.02800668659081,15.8993108641844,15.8522100134431,15.8582167107453,1.02801459177203
3.708,0.808951262609568,1.02801459177271,1.02800748181393,15.8972561565125,15.8522100134643,15.8582167107453,1.02801459177271
3.709,0.808951262601697,1.0280145917734,1.02800808290558,15.8953041842241,15.8522100134853,15.8582167107453,1.0280145917734
3.71,0.80895126259388,1.02801459177407,1.02800850060149,15.8934498105502,15.8522100135063,15.8582167107453,1.02801459177407
3.711,0.808951262586114,1.02801459177475,1.02800874509372,15.8916881555599,15.852210013527,15.8582167107453,1.02801459177475
3.712,0.8089512625784,1.02801459177542,1.0280088260579,15.8900145833192,15.8522100135477,15.8582167107453,1.02801459177542
3.713,0.808951262570737,1.02801459177608,1.02800875267913,15.8884246896905,15.8522100135682,15.8582167107453,1.02801459177608
3.714,0.808951262563125,1.02801459177674,1.02800853367652,15.8869142907433,15.8522100135886,15.8582167107453,1.02801459177674
3.715,0.808951262555564,1.0280145917774,1.02800817732655,15.8854794117434,15.8522100136088,15.8582167107453,1.0280145917774
3.716,0.808951262548054,1.02801459177805,1.02800769148524,15.8841162766935,15.8522100136289,15.8582167107453,1.02801459177805
3.717,0.808951262540594,1.0280145917787,1.02800708360921,15.882821298396,15.8522100136489,15.8582167107453,1.0280145917787
3.718,0.808951262533183,1.02801459177934,1.02800636077572,15.8815910690135,15.8522100136687,15.8582167107453,1.02801459177934
3.719,0.808951262525822,1.02801459177998,1.02800552970163,15.8804223511001,15.8522100136884,15.8582167107453,1.02801459177998
3.72,0.80895126251851,1.02801459178062,1.02800459676153,15.8793120690824,15.852210013708,15.8582167107453,1.02801459178062
3.721,0.808951262511246,1.02801459178125,1.02800356800486,15.8782573011655,15.8522100137274,15.8582167107453,1.02801459178125
3.722,0.808951262504031,1.02801459178187,1.0280024491722,15.8772552716445,15.8522100137467,15.8582167107453,1.02801459178187
3.723,0.808951262496864,1.02801459178249,1.02800124571077,15.8763033435995,15.8522100137659,15.8582167107453,1.02801459178249
3.724,0.808951262489745,1.02801459178311,1.02799996278914,15.8753990119568,15.852210013785,15.959777011603,1.02801459178311
3.725,0.808951262482674,1.02801459178373,1.02799860531123,15.8796179119391,15.8522100138039,15.9601506241559,1.02801459178373
3.726,0.808951262475649,1.02801459178434,1.02799764460486,15.88364454755,15.8522100138227,15.9605042957595,1.02801459178434
3.727,0.808951262468672,1.02801459178494,1.02799706035559,15.8874875349604,15.8522100138414,15.9608389975226,1.02801459178494
3.728,0.808951262461741,1.02801459178554,1.02799683317622,15.8911551080886,15.8522100138599,15.9611556565628,1.02801459178554
3.729,0.808951262454856,1.02801459178614,1.02799694456552,15.8946551355123,15.8522100138784,15.9614551579632,1.02801459178614
3.73,0.808951262448017,1.02801459178673,1.02799737686872,15.8979951366348,15.8522100138967,15.9617383466418,1.02801459178673
3.731,0.808951262441223,1.02801459178732,1.02799811323979,15.9011822971352,15.8522100139148,15.9620060291393,1.02801459178732
3.732,0.808951262434475,1.02801459178791,1.02799913760539,15.9042234837354,15.8522100139329,15.9622589753263,1.02801459178791
3.733,0.808951262427772,1.02801459178849,1.02800043463039,15.9071252583149,15.8522100139508,15.8609615789021,1.02801459178849
3.734,0.808951262421113,1.02801459178907,1.02800198968493,15.9048170743443,15.8522100139687,15.8609615789021,1.02801459178907
3.735,0.808951262414499,1.02801459178964,1.02800332224772,15.9026242995722,15.8522100139864,15.8609615789021,1.02801459178964
3.736,0.808951262407929,1.02801459179021,1.02800444440826,15.9005411635387,15.8522100140039,15.8609615789021,1.02801459179021
3.737,0.808951262401403,1.02801459179078,1.02800536764516,15.8985621843068,15.8522100140214,15.8609615789021,1.02801459179078
3.738,0.80895126239492,1.02801459179134,1.02800610285672,15.8966821540366,15.8522100140388,15.8609615789021,1.02801459179134
3.739,0.808951262388481,1.0280145917919,1.02800666038994,15.8948961252799,15.852210014056,15.8609615789021,1.0280145917919
3.74,0.808951262382084,1.02801459179246,1.02800705006821,15.893199397961,15.8522100140731,15.8609615789021,1.02801459179246
3.741,0.808951262375731,1.02801459179301,1.02800728121745,15.891587507008,15.8522100140901,15.8609615789021,1.02801459179301
3.742,0.808951262369419,1.02801459179355,1.02800736269109,15.8900562106027,15.852210014107,15.8609615789021,1.02801459179355
3.743,0.80895126236315,1.0280145917941,1.0280073028937,15.8886014790177,15.8522100141238,15.8609615789021,1.0280145917941
3.744,0.808951262356922,1.02801459179464,1.02800710980347,15.8872194840119,15.8522100141405,15.8609615789021,1.02801459179464
3.745,0.808951262350736,1.02801459179518,1.02800679099359,15.8859065887564,15.852210014157,15.8609615789021,1.02801459179518
3.746,0.808951262344591,1.02801459179571,1.02800635365255,15.8846593382637,15.8522100141735,15.8609615789021,1.02801459179571
3.747,0.808951262338487,1.02801459179624,1.02800580460338,15.8834744502956,15.8522100141898,15.8609615789021,1.02801459179624
3.748,0.808951262332424,1.02801459179676,1.02800515032199,15.882348806726,15.852210014206,15.8609615789021,1.02801459179676
3.749,0.808951262326401,1.02801459179729,1.02800439695456,15.8812794453348,15.8522100142222,15.8609615789021,1.02801459179729
3.75,0.808951262320418,1.02801459179781,1.02800355033404,15.8802635520131,15.8522100142382,15.8609615789021,1.02801459179781
3.751,0.808951262314475,1.02801459179832,1.02800261599591,15.8792984533576,15.8522100142541,15.8609615789021,1.02801459179832
3.752,0.808951262308572,1.02801459179883,1.02800159919304,15.8783816096348,15.8522100142699,15.8609615789021,1.02801459179883
3.753,0.808951262302709,1.02801459179934,1.02800050490988,15.8775106080982,15.8522100142856,15.8609615789021,1.02801459179934
3.754,0.808951262296884,1.02801459179985,1.02799933787591,15.8766831566384,15.8522100143012,15.9625536123574,1.02801459179985
3.755,0.808951262291098,1.02801459180035,1.02799810257844,15.8809766794243,15.8522100143166,15.9629211158823,1.02801459180035
3.756,0.808951262285351,1.02801459180085,1.0279972700959,15.8850739012472,15.852210014332,15.9632683529669,1.02801459180085
3.757,0.808951262279642,1.02801459180135,1.02799681970258,15.8889836238332,15.8522100143473,15.9635963146828,1.02801459180135
3.758,0.808951262273971,1.02801459180184,1.02799673161983,15.8927142583757,15.8522100143625,15.9639059471677,1.02801459180184
3.759,0.808951262268338,1.02801459180233,1.02799698697385,15.8962738428153,15.8522100143776,15.9641981536245,1.02801459180233
3.76,0.808951262262742,1.02801459180281,1.02799756775537,15.8996700583557,15.8522100143925,15.9644737962318,1.02801459180281
3.761,0.808951262257184,1.02801459180329,1.02799845678107,15.9029102452495,15.8522100144074,15.9647336979691,1.02801459180329
3.762,0.808951262251663,1.02801459180377,1.02799963765679,15.9060014178855,15.8522100144222,15.9649786443624,1.02801459180377
3.763,0.808951262246178,1.02801459180425,1.02800109474228,15.9089502792094,15.8522100144369,15.8637065639744,1.02801459180425
3.764,0.80895126224073,1.02801459180472,1.02800281311757,15.9066880934476,15.8522100144514,15.8637065639744,1.02801459180472
3.765,0.808951262235319,1.02801459180519,1.02800431213959,15.904539016974,15.8522100144659,15.8637065639744,1.02801459180519
3.766,0.808951262229943,1.02801459180566,1.02800560366555,15.902497394324,15.8522100144803,15.8637065639744,1.02801459180566
3.767,0.808951262224604,1.02801459180612,1.02800669895391,15.9005578528065,15.8522100144946,15.8637065639744,1.02801459180612
3.768,0.8089512622193,1.02801459180658,1.02800760869427,15.8987152883649,15.8522100145088,15.8637065639744,1.02801459180658
3.769,0.808951262214031,1.02801459180704,1.02800834303593,15.8969648521454,15.8522100145229,15.8637065639744,1.02801459180704
3.77,0.808951262208798,1.02801459180749,1.02800891161491,15.8953019377368,15.8522100145369,15.8637065639744,1.02801459180749
3.771,0.808951262203599,1.02801459180794,1.02800932357963,15.8937221690487,15.8522100145508,15.8637065639744,1.02801459180794
3.772,0.808951262198435,1.02801459180839,1.02800958761539,15.892221388795,15.8522100145646,15.8637065639744,1.02801459180839
3.773,0.808951262193305,1.02801459180884,1.0280097119675,15.890795647554,15.8522100145784,15.8637065639744,1.02801459180884
3.774,0.80895126218821,1.02801459180928,1.02800970446336,15.889441193375,15.852210014592,15.8637065639744,1.02801459180928
3.775,0.808951262183149,1.02801459180972,1.02800957253337,15.888154461905,15.8522100146055,15.8637065639744,1.02801459180972
3.776,0.808951262178121,1.02801459181016,1.02800932323082,15.8869320670084,15.852210014619,15.8637065639744,1.02801459181016
3.777,0.808951262173127,1.02801459181059,1.02800896325082,15.8857707918567,15.8522100146324,15.8637065639744,1.02801459181059
3.778,0.808951262168166,1.02801459181102,1.02800849894817,15.8846675804626,15.8522100146456,15.8637065639744,1.02801459181102
3.779,0.808951262163238,1.02801459181145,1.0280079363545,15.8836195296382,15.8522100146588,15.8637065639744,1.02801459181145
3.78,0.808951262158343,1.02801459181187,1.02800728119439,15.882623881355,15.8522100146719,15.8637065639744,1.02801459181187
3.781,0.808951262153481,1.02801459181229,1.02800653890081,15.881678015486,15.8522100146849,15.8637065639744,1.02801459181229
3.782,0.808951262148651,1.02801459181271,1.0280057146297,15.8807794429104,15.8522100146979,15.8637065639744,1.02801459181271
3.783,0.808951262143854,1.02801459181313,1.0280048132739,15.8799257989636,15.8522100147107,15.8637065639744,1.02801459181313
3.784,0.808951262139088,1.02801459181354,1.02800383947628,15.8791148372142,15.8522100147235,15.8637065639744,1.02801459181354
3.785,0.808951262134354,1.02801459181395,1.02800279764234,15.8783444235522,15.8522100147361,15.8637065639744,1.02801459181395
3.786,0.808951262129652,1.02801459181436,1.02800169195208,15.8776125305733,15.8522100147487,15.8637065639744,1.02801459181436
3.787,0.808951262124981,1.02801459181477,1.02800052637128,15.8769172322433,15.8522100147612,15.8637065639744,1.02801459181477
3.788,0.808951262120341,1.02801459181517,1.02799930466232,15.8762566988299,15.8522100147736,15.9653002839896,1.02801459181517
3.789,0.808951262115732,1.02801459181557,1.02799803039431,15.8807088780879,15.852210014786,15.9656697714668,1.02801459181557
3.79,0.808951262111154,1.02801459181597,1.02799717378175,15.8849569227568,15.8522100147982,15.966018244851,1.02801459181597
3.791,0.808951262106606,1.02801459181636,1.02799671328008,15.8890099888615,15.8522100148104,15.9663467345338,1.02801459181636
3.792,0.808951262102089,1.02801459181675,1.02799662832979,15.8928768261451,15.8522100148225,15.966656224167,1.02801459181675
3.793,0.808951262097602,1.02801459181714,1.02799689931257,15.8965657960462,15.8522100148345,15.9669476527426,1.02801459181714
3.794,0.808951262093144,1.02801459181753,1.02799750750933,15.9000848888811,15.8522100148464,15.9672219165798,1.02801459181753
3.795,0.808951262088717,1.02801459181791,1.02799843506007,15.903441740266,15.8522100148583,15.9674798712241,1.02801459181791
3.796,0.808951262084319,1.0280145918183,1.02799966492559,15.9066436468139,15.8522100148701,15.967722333263,1.0280145918183
3.797,0.80895126207995,1.02801459181867,1.02800118085085,15.9096975811364,15.8522100148817,15.8664516334089,1.02801459181867
3.798,0.80895126207561,1.02801459181905,1.02800296732998,15.90753528375,15.8522100148934,15.8664516334089,1.02801459181905
3.799,0.8089512620713,1.02801459181943,1.02800454318167,15.9054811012329,15.8522100149049,15.8664516334089,1.02801459181943
3.8,0.808951262067018,1.0280145918198,1.02800591974596,15.9035296278417,15.8522100149164,15.8664516334089,1.0280145918198
3.801,0.808951262062764,1.02801459182017,1.02800710779055,15.9016757281201,15.8522100149277,15.8664516334089,1.02801459182017
3.802,0.808951262058539,1.02801459182053,1.02800811753934,15.8999145233845,15.852210014939,15.8664516334089,1.02801459182053
3.803,0.808951262054342,1.0280145918209,1.02800895869977,15.8982413788858,15.8522100149503,15.8664516334089,1.0280145918209
3.804,0.808951262050173,1.02801459182126,1.02800964048857,15.8966518916119,15.8522100149614,15.8664516334089,1.02801459182126
3.805,0.808951262046032,1.02801459182162,1.02801017165644,15.8951418787018,15.8522100149725,15.8664516334089,1.02801459182162
3.806,0.808951262041919,1.02801459182197,1.02801056051128,15.8937073664371,15.8522100149835,15.8664516334089,1.02801459182197
3.807,0.808951262037833,1.02801459182233,1.02801081494045,15.8923445797857,15.8522100149945,15.8664516334089,1.02801459182233
3.808,0.808951262033774,1.02801459182268,1.02801094243178,15.8910499324669,15.8522100150053,15.8664516334089,1.02801459182268
3.809,0.808951262029742,1.02801459182303,1.02801095009362,15.889820017514,15.8522100150161,15.8664516334089,1.02801459182303
3.81,0.808951262025737,1.02801459182338,1.02801084467379,15.8886515983087,15.8522100150268,15.8664516334089,1.02801459182338
3.811,0.808951262021759,1.02801459182372,1.02801063257771,15.8875416000637,15.8522100150375,15.8664516334089,1.02801459182372
3.812,0.808951262017807,1.02801459182407,1.02801031988551,15.886487101731,15.852210015048,15.8664516334089,1.02801459182407
3.813,0.808951262013882,1.02801459182441,1.02800991236832,15.8854853283149,15.8522100150586,15.8664516334089,1.02801459182441
3.814,0.808951262009982,1.02801459182475,1.02800941550381,15.8845336435696,15.852210015069,15.8664516334089,1.02801459182475
3.815,0.808951262006109,1.02801459182508,1.02800883449081,15.8836295430616,15.8522100150794,15.8664516334089,1.02801459182508
3.816,0.808951262002262,1.02801459182542,1.02800817426337,15.8827706475789,15.8522100150897,15.8664516334089,1.02801459182542
3.817,0.80895126199844,1.02801459182575,1.02800743950398,15.8819546968704,15.8522100150999,15.8664516334089,1.02801459182575
3.818,0.808951261994644,1.02801459182608,1.02800663465618,15.8811795436973,15.85221001511,15.8664516334089,1.02801459182608
3.819,0.808951261990873,1.0280145918264,1.02800576393658,15.8804431481829,15.8522100151201,15.8664516334089,1.0280145918264
3.82,0.808951261987127,1.02801459182673,1.0280048313462,15.8797435724442,15.8522100151302,15.8664516334089,1.02801459182673
3.821,0.808951261983406,1.02801459182705,1.02800384068128,15.8790789754925,15.8522100151401,15.8664516334089,1.02801459182705
3.822,0.80895126197971,1.02801459182737,1.02800279554357,15.8784476083883,15.85221001515,15.8664516334089,1.02801459182737
3.823,0.808951261976039,1.02801459182769,1.0280016993501,15.8778478096393,15.8522100151598,15.8664516334089,1.02801459182769
3.824,0.808951261972392,1.02801459182801,1.0280005553424,15.8772780008278,15.8522100151696,15.8664516334089,1.02801459182801
3.825,0.808951261968769,1.02801459182832,1.02799936659534,15.8767366824569,15.8522100151793,15.9680422085144,1.02801459182832
3.826,0.808951261965171,1.02801459182864,1.02799813602549,15.8813019587597,15.8522100151889,15.9684094675994,1.02801459182864
3.827,0.808951261961597,1.02801459182895,1.02799733321351,15.8856573342017,15.8522100151985,15.9687551929414,1.02801459182895
3.828,0.808951261958046,1.02801459182925,1.02799693601756,15.8898122271387,15.852210015208,15.969080443722,1.02801459182925
3.829,0.808951261954519,1.02801459182956,1.02799692330896,15.8937756379679,15.8522100152174,15.9693862310482,1.02801459182956
3.83,0.808951261951016,1.02801459182986,1.02799727492705,15.8975561676219,15.8522100152268,15.9696735200909,1.02801459182986
3.831,0.808951261947535,1.02801459183017,1.02799797163598,15.9011620352453,15.8522100152361,15.9699432321299,1.02801459183017
3.832,0.808951261944079,1.02801459183047,1.02799899508351,15.9046010950896,15.8522100152454,15.9701962465071,1.02801459183047
3.833,0.808951261940645,1.02801459183076,1.02800032776157,15.9078808526604,15.8522100152546,15.8688916346467,1.02801459183076
3.834,0.808951261937234,1.02801459183106,1.02800195296855,15.9059313917598,15.8522100152637,15.8688916346467,1.02801459183106
3.835,0.808951261933846,1.02801459183135,1.02800338818315,15.9040794039041,15.8522100152728,15.8688916346467,1.02801459183135
3.836,0.80895126193048,1.02801459183165,1.02800464362986,15.9023200154412,15.8522100152818,15.8688916346467,1.02801459183165
3.837,0.808951261927137,1.02801459183194,1.02800572901713,15.9006485964015,15.8522100152907,15.8688916346467,1.02801459183194
3.838,0.808951261923816,1.02801459183222,1.02800665356318,15.8990607483138,15.8522100152996,15.8688916346467,1.02801459183222
3.839,0.808951261920517,1.02801459183251,1.02800742602054,15.8975522926304,15.8522100153084,15.8688916346467,1.02801459183251
3.84,0.80895126191724,1.02801459183279,1.0280080546994,15.8961192597312,15.8522100153172,15.8688916346467,1.02801459183279
3.841,0.808951261913985,1.02801459183308,1.02800854748972,15.894757878477,15.8522100153259,15.8688916346467,1.02801459183308
3.842,0.808951261910752,1.02801459183336,1.02800891188228,15.8934645662855,15.8522100153346,15.8688916346467,1.02801459183336
3.843,0.808951261907541,1.02801459183364,1.0280091549887,15.8922359197035,15.8522100153432,15.8688916346467,1.02801459183364
3.844,0.80895126190435,1.02801459183391,1.0280092835604,15.8910687054507,15.8522100153517,15.8688916346467,1.02801459183391
3.845,0.808951261901181,1.02801459183419,1.02800930400663,15.8899598519105,15.8522100153602,15.8688916346467,1.02801459183419
3.846,0.808951261898033,1.02801459183446,1.02800922241166,15.8889064410473,15.8522100153686,15.8688916346467,1.02801459183446
3.847,0.808951261894907,1.02801459183473,1.028009044551,15.8879057007273,15.852210015377,15.8688916346467,1.02801459183473
3.848,0.808951261891801,1.028014591835,1.0280087759069,15.8869549974233,15.8522100153853,15.8688916346467,1.028014591835
3.849,0.808951261888715,1.02801459183527,1.02800842168306,15.8860518292844,15.8522100153936,15.8688916346467,1.02801459183527
3.85,0.80895126188565,1.02801459183554,1.02800798681852,15.8851938195525,15.8522100154018,15.8688916346467,1.02801459183554
3.851,0.808951261882606,1.0280145918358,1.02800747600102,15.8843787103072,15.8522100154099,15.8688916346467,1.0280145918358
3.852,0.808951261879582,1.02801459183606,1.0280068936795,15.8836043565242,15.852210015418,15.8688916346467,1.02801459183606
3.853,0.808951261876578,1.02801459183632,1.02800624407613,15.8828687204303,15.852210015426,15.8688916346467,1.02801459183632
3.854,0.808951261873594,1.02801459183658,1.02800553119766,15.8821698661412,15.852210015434,15.8688916346467,1.02801459183658
3.855,0.80895126187063,1.02801459183684,1.02800475884621,15.8815059545664,15.852210015442,15.8688916346467,1.02801459183684
3.856,0.808951261867686,1.0280145918371,1.02800393062954,15.8808752385705,15.8522100154498,15.8688916346467,1.0280145918371
3.857,0.808951261864762,1.02801459183735,1.02800304997079,15.8802760583743,15.8522100154577,15.8688916346467,1.02801459183735
3.858,0.808951261861857,1.0280145918376,1.02800212011777,15.8797068371879,15.8522100154654,15.8688916346467,1.0280145918376
3.859,0.808951261858971,1.02801459183785,1.02800114415169,15.8791660770608,15.8522100154732,15.8688916346467,1.02801459183785
3.86,0.808951261856105,1.0280145918381,1.02800012499559,15.8786523549401,15.8522100154808,15.8688916346467,1.0280145918381
3.861,0.808951261853257,1.02801459183835,1.02799906542221,15.8781643189255,15.8522100154885,15.9704975030846,1.02801459183835
3.862,0.808951261850429,1.02801459183859,1.02799796806159,15.8827809781334,15.852210015496,15.9708580437905,1.02801459183859
3.863,0.808951261847619,1.02801459183884,1.02799730229293,15.8871848314163,15.8522100155035,15.9711968357687,1.02801459183884
3.864,0.808951261844828,1.02801459183908,1.02799704568185,15.8913854316339,15.852210015511,15.9715149524719,1.02801459183908
3.865,0.808951261842056,1.02801459183932,1.02799717682143,15.8953919076758,15.8522100155184,15.9718134185956,1.02801459183932
3.866,0.808951261839303,1.02801459183956,1.02799767528646,15.8992129832218,15.8522100155258,15.972093212248,1.02801459183956
3.867,0.808951261836567,1.0280145918398,1.02799852158956,15.9028569946731,15.8522100155331,15.9723552670239,1.0280145918398
3.868,0.80895126183385,1.02801459184003,1.02799969713943,15.9063319082906,15.8522100155404,15.9726004739865,1.02801459184003
3.869,0.808951261831151,1.02801459184027,1.02800118420082,15.9096453365754,15.8522100155476,15.8713314050186,1.02801459184027
3.87,0.80895126182847,1.0280145918405,1.02800296585628,15.9077296399976,15.8522100155548,15.8713314050186,1.0280145918405
3.871,0.808951261825807,1.02801459184073,1.02800455957935,15.9059097282486,15.8522100155619,15.8713314050186,1.02801459184073
3.872,0.808951261823162,1.02801459184096,1.02800597542564,15.9041808120871,15.852210015569,15.8713314050186,1.02801459184096
3.873,0.808951261820534,1.02801459184119,1.0280072229436,15.9025383417337,15.852210015576,15.8713314050186,1.02801459184119
3.874,0.808951261817924,1.02801459184141,1.02800831119988,15.900977994898,15.852210015583,15.8713314050186,1.02801459184141
3.875,0.808951261815331,1.02801459184164,1.02800924880347,15.899495665404,15.85221001559,15.8713314050186,1.02801459184164
3.876,0.808951261812756,1.02801459184186,1.0280100439286,15.8980874523847,15.8522100155968,15.8713314050186,1.02801459184186
3.877,0.808951261810197,1.02801459184208,1.02801070433653,15.8967496500164,15.8522100156037,15.8713314050186,1.02801459184208
3.878,0.808951261807656,1.0280145918423,1.02801123739618,15.8954787377665,15.8522100156105,15.8713314050186,1.0280145918423
3.879,0.808951261805132,1.02801459184252,1.02801165010382,15.8942713711291,15.8522100156173,15.8713314050186,1.02801459184252
3.88,0.808951261802624,1.02801459184274,1.02801194910172,15.8931243728236,15.852210015624,15.8713314050186,1.02801459184274
3.881,0.808951261800133,1.02801459184296,1.02801214069584,15.8920347244334,15.8522100156306,15.8713314050186,1.02801459184296
3.882,0.808951261797659,1.02801459184317,1.02801223087275,15.8909995584626,15.8522100156373,15.8713314050186,1.02801459184317
3.883,0.808951261795201,1.02801459184339,1.02801222531555,15.8900161507904,15.8522100156438,15.8713314050186,1.02801459184339
3.884,0.80895126179276,1.0280145918436,1.02801212941911,15.8890819135018,15.8522100156504,15.8713314050186,1.0280145918436
3.885,0.808951261790335,1.02801459184381,1.02801194830452,15.8881943880777,15.8522100156569,15.8713314050186,1.02801459184381
3.886,0.808951261787926,1.02801459184402,1.02801168683276,15.8873512389247,15.8522100156633,15.8713314050186,1.02801459184402
3.887,0.808951261785533,1.02801459184422,1.02801134961779,15.8865502472294,15.8522100156697,15.8713314050186,1.02801459184422
3.888,0.808951261783156,1.02801459184443,1.02801094103887,15.8857893051189,15.8522100156761,15.8713314050186,1.02801459184443
3.889,0.808951261780795,1.02801459184464,1.02801046525236,15.8850664101139,15.8522100156824,15.8713314050186,1.02801459184464
3.89,0.80895126177845,1.02801459184484,1.02800992620289,15.8843796598591,15.8522100156887,15.8713314050186,1.02801459184484
3.891,0.80895126177612,1.02801459184504,1.02800932763395,15.8837272471171,15.8522100156949,15.8713314050186,1.02801459184504
3.892,0.808951261773806,1.02801459184524,1.02800867309801,15.8831074550122,15.8522100157011,15.8713314050186,1.02801459184524
3.893,0.808951261771508,1.02801459184544,1.02800796596604,15.8825186525125,15.8522100157072,15.8713314050186,1.02801459184544
3.894,0.808951261769224,1.02801459184564,1.02800720943666,15.8819592901378,15.8522100157133,15.8713314050186,1.02801459184564
3.895,0.808951261766956,1.02801459184584,1.02800640654477,15.8814278958818,15.8522100157194,15.8713314050186,1.02801459184584
3.896,0.808951261764703,1.02801459184603,1.02800556016976,15.8809230713387,15.8522100157254,15.8713314050186,1.02801459184603
3.897,0.808951261762465,1.02801459184623,1.02800467304331,15.8804434880227,15.8522100157314,15.8713314050186,1.02801459184623
3.898,0.808951261760242,1.02801459184642,1.02800374775677,15.8799878838725,15.8522100157374,15.8713314050186,1.02801459184642
3.899,0.808951261758034,1.02801459184661,1.02800278676828,15.8795550599298,15.8522100157433,15.8713314050186,1.02801459184661
3.9,0.80895126175584,1.0280145918468,1.02800179240936,15.8791438771842,15.8522100157492,15.8713314050186,1.0280145918468
3.901,0.808951261753661,1.02801459184699,1.02800076689135,15.8787532535759,15.852210015755,15.8713314050186,1.02801459184699
3.902,0.808951261751497,1.02801459184718,1.02799971231136,15.8783821611481,15.8522100157608,15.9729044249392,1.02801459184718
3.903,0.808951261749347,1.02801459184736,1.02799863065809,15.8831082743376,15.8522100157666,15.9732640694926,1.02801459184736
3.904,0.808951261747211,1.02801459184755,1.02799799055102,15.8876160640954,15.8522100157723,15.9736014574577,1.02801459184755
3.905,0.80895126174509,1.02801459184773,1.02799776898232,15.8919153337635,15.8522100157779,15.9739176898888,1.02801459184773
3.906,0.808951261742983,1.02801459184792,1.02799794399851,15.8960154515698,15.8522100157836,15.9742138178074,1.02801459184792
3.907,0.808951261740889,1.0280145918481,1.02799849465341,15.8999253698816,15.8522100157892,15.9744908444293,1.0280145918481
3.908,0.80895126173881,1.02801459184828,1.02799940096321,15.903653643609,15.8522100157948,15.9747497272924,1.02801459184828
3.909,0.808951261736745,1.02801459184846,1.02800064386354,15.9072084477932,15.8522100158003,15.8734656638501,1.02801459184846
3.91,0.808951261734693,1.02801459184864,1.0280022051684,15.9055213085961,15.8522100158058,15.8734656638501,1.02801459184864
3.911,0.808951261732655,1.02801459184881,1.02800360101456,15.9039185263588,15.8522100158112,15.8734656638501,1.02801459184881
3.912,0.808951261730631,1.02801459184899,1.02800484025757,15.9023958832333,15.8522100158166,15.8734656638501,1.02801459184899
3.913,0.80895126172862,1.02801459184916,1.02800593130632,15.9009493722642,15.852210015822,15.8734656638501,1.02801459184916
3.914,0.808951261726623,1.02801459184934,1.02800688214542,15.8995751868435,15.8522100158274,15.8734656638501,1.02801459184934
3.915,0.808951261724639,1.02801459184951,1.02800770035639,15.8982697106938,15.8522100158327,15.8734656638501,1.02801459184951
3.916,0.808951261722668,1.02801459184968,1.02800839313788,15.8970295083516,15.852210015838,15.8734656638501,1.02801459184968
3.917,0.80895126172071,1.02801459184985,1.02800896732482,15.8958513161265,15.8522100158432,15.8734656638501,1.02801459184985
3.918,0.808951261718765,1.02801459185002,1.02800942940664,15.8947320335127,15.8522100158484,15.8734656638501,1.02801459185002
3.919,0.808951261716834,1.02801459185019,1.02800978554458,15.8936687150296,15.8522100158536,15.8734656638501,1.02801459185019
3.92,0.808951261714915,1.02801459185035,1.02801004158808,15.8926585624706,15.8522100158587,15.8734656638501,1.02801459185035
3.921,0.808951261713009,1.02801459185052,1.02801020309047,15.8916989175396,15.8522100158638,15.8734656638501,1.02801459185052
3.922,0.808951261711115,1.02801459185068,1.02801027532371,15.8907872548551,15.8522100158689,15.8734656638501,1.02801459185068
3.923,0.808951261709234,1.02801459185085,1.02801026329256,15.8899211753049,15.8522100158739,15.8734656638501,1.02801459185085
3.924,0.808951261707366,1.02801459185101,1.02801017174792,15.8890983997321,15.8522100158789,15.8734656638501,1.02801459185101
3.925,0.808951261705511,1.02801459185117,1.02801000519957,15.888316762938,15.8522100158839,15.8734656638501,1.02801459185117
3.926,0.808951261703667,1.02801459185133,1.02800976792824,15.8875742079836,15.8522100158888,15.8734656638501,1.02801459185133
3.927,0.808951261701836,1.02801459185149,1.02800946399707,15.886868780777,15.8522100158937,15.8734656638501,1.02801459185149
3.928,0.808951261700017,1.02801459185165,1.02800909726255,15.8861986249306,15.8522100158986,15.8734656638501,1.02801459185165
3.929,0.80895126169821,1.0280145918518,1.02800867138484,15.8855619768766,15.8522100159034,15.8734656638501,1.0280145918518
3.93,0.808951261696416,1.02801459185196,1.02800818983763,15.8849571612253,15.8522100159082,15.8734656638501,1.02801459185196
3.931,0.808951261694633,1.02801459185211,1.0280076559175,15.8843825863565,15.852210015913,15.8734656638501,1.02801459185211
3.932,0.808951261692862,1.02801459185227,1.02800707275275,15.8838367402312,15.8522100159177,15.8734656638501,1.02801459185227
3.933,0.808951261691103,1.02801459185242,1.02800644331188,15.8833181864122,15.8522100159224,15.8734656638501,1.02801459185242
3.934,0.808951261689356,1.02801459185257,1.02800577041161,15.8828255602841,15.8522100159271,15.8734656638501,1.02801459185257
3.935,0.80895126168762,1.02801459185272,1.02800505672443,15.8823575654624,15.8522100159317,15.8734656638501,1.02801459185272
3.936,0.808951261685896,1.02801459185287,1.02800430478592,15.8819129703817,15.8522100159364,15.8734656638501,1.02801459185287
3.937,0.808951261684183,1.02801459185302,1.02800351700153,15.8814906050552,15.8522100159409,15.8734656638501,1.02801459185302
3.938,0.808951261682482,1.02801459185317,1.02800269565319,15.8810893579949,15.8522100159455,15.8734656638501,1.02801459185317
3.939,0.808951261680792,1.02801459185331,1.02800184290544,15.8807081732877,15.85221001595,15.8734656638501,1.02801459185331
3.94,0.808951261679114,1.02801459185346,1.02800096081137,15.8803460478158,15.8522100159545,15.8734656638501,1.02801459185346
3.941,0.808951261677446,1.0280145918536,1.02800005131819,15.8800020286175,15.852210015959,15.8734656638501,1.0280145918536
3.942,0.80895126167579,1.02801459185375,1.02799911627253,15.8796752103791,15.8522100159634,15.9750689501489,1.02801459185375
3.943,0.808951261674145,1.02801459185389,1.02799815742555,15.8844448973676,15.8522100159678,15.9754224494959,1.02801459185389
3.944,0.80895126167251,1.02801459185403,1.02799764331053,15.8889937749741,15.8522100159722,15.9757535117755,1.02801459185403
3.945,0.808951261670887,1.02801459185417,1.02799755066997,15.8933317618141,15.8522100159765,15.9760632502363,1.02801459185417
3.946,0.808951261669274,1.02801459185431,1.02799785731292,15.8974683362352,15.8522100159808,15.9763527275097,1.02801459185431
3.947,0.808951261667673,1.02801459185445,1.02799854206748,15.901412555799,15.8522100159851,15.9766229578631,1.02801459185445
3.948,0.808951261666081,1.02801459185459,1.02799958473526,15.9051730759022,15.8522100159894,15.9768749093533,1.02801459185459
3.949,0.808951261664501,1.02801459185473,1.02800096604799,15.9087581675747,15.8522100159936,15.875600149714,1.02801459185473
3.95,0.808951261662931,1.02801459185486,1.02800266762596,15.9071002666817,15.8522100159978,15.875600149714,1.02801459185486
3.951,0.808951261661371,1.028014591855,1.02800420549711,15.9055252608333,15.852210016002,15.875600149714,1.028014591855
3.952,0.808951261659822,1.02801459185513,1.02800558837096,15.9040290052773,15.8522100160061,15.875600149714,1.02801459185513
3.953,0.808951261658283,1.02801459185527,1.02800682451806,15.9026075624992,15.8522100160103,15.875600149714,1.02801459185527
3.954,0.808951261656755,1.0280145918554,1.02800792179198,15.9012571918599,15.8522100160143,15.875600149714,1.0280145918554
3.955,0.808951261655237,1.02801459185553,1.02800888765014,15.8999743397526,15.8522100160184,15.875600149714,1.02801459185553
3.956,0.808951261653728,1.02801459185566,1.02800972917369,15.8987556302507,15.8522100160224,15.875600149714,1.02801459185566
3.957,0.80895126165223,1.02801459185579,1.02801045308628,15.8975978562239,15.8522100160265,15.875600149714,1.02801459185579
3.958,0.808951261650742,1.02801459185592,1.02801106577205,15.8964979708984,15.8522100160304,15.875600149714,1.02801459185592
3.959,0.808951261649264,1.02801459185605,1.02801157329253,15.8954530798391,15.8522100160344,15.875600149714,1.02801459185605
3.96,0.808951261647795,1.02801459185618,1.02801198140287,15.8944604333329,15.8522100160383,15.875600149714,1.02801459185618
3.961,0.808951261646337,1.0280145918563,1.02801229556714,15.8935174191519,15.8522100160422,15.875600149714,1.0280145918563
3.962,0.808951261644888,1.02801459185643,1.0280125209729,15.89262155568,15.8522100160461,15.875600149714,1.02801459185643
3.963,0.808951261643449,1.02801459185655,1.02801266254508,15.8917704853817,15.85221001605,15.875600149714,1.02801459185655
3.964,0.808951261642019,1.02801459185668,1.02801272495912,15.8909619685984,15.8522100160538,15.875600149714,1.02801459185668
3.965,0.808951261640599,1.0280145918568,1.02801271265346,15.8901938776541,15.8522100160576,15.875600149714,1.0280145918568
3.966,0.808951261639188,1.02801459185692,1.02801262984141,15.8894641912571,15.8522100160614,15.875600149714,1.02801459185692
3.967,0.808951261637787,1.02801459185705,1.02801248052243,15.88877098918,15.8522100160651,15.875600149714,1.02801459185705
3.968,0.808951261636395,1.02801459185717,1.02801226849285,15.8881124472067,15.8522100160688,15.875600149714,1.02801459185717
3.969,0.808951261635013,1.02801459185729,1.02801199735604,15.887486832332,15.8522100160725,15.875600149714,1.02801459185729
3.97,0.808951261633639,1.02801459185741,1.0280116705321,15.8868924982011,15.8522100160762,15.875600149714,1.02801459185741
3.971,0.808951261632275,1.02801459185752,1.028011291267,15.8863278807768,15.8522100160799,15.875600149714,1.02801459185752
3.972,0.80895126163092,1.02801459185764,1.02801086264135,15.8857914942236,15.8522100160835,15.875600149714,1.02801459185764
3.973,0.808951261629574,1.02801459185776,1.02801038757868,15.8852819269982,15.8522100160871,15.875600149714,1.02801459185776
3.974,0.808951261628237,1.02801459185787,1.02800986885328,15.884797838134,15.8522100160907,15.875600149714,1.02801459185787
3.975,0.808951261626908,1.02801459185799,1.02800930909773,15.884337953713,15.8522100160942,15.875600149714,1.02801459185799
3.976,0.808951261625589,1.0280145918581,1.02800871080999,15.883901063513,15.8522100160978,15.875600149714,1.0280145918581
3.977,0.808951261624278,1.02801459185822,1.02800807636013,15.8834860178231,15.8522100161013,15.875600149714,1.02801459185822
3.978,0.808951261622976,1.02801459185833,1.02800740799676,15.8830917244176,15.8522100161048,15.875600149714,1.02801459185833
3.979,0.808951261621683,1.02801459185844,1.02800670785314,15.8827171456824,15.8522100161082,15.875600149714,1.02801459185844
3.98,0.808951261620399,1.02801459185855,1.02800597795293,15.882361295884,15.8522100161117,15.875600149714,1.02801459185855
3.981,0.808951261619123,1.02801459185867,1.02800522021572,15.8820232385755,15.8522100161151,15.875600149714,1.02801459185867
3.982,0.808951261617855,1.02801459185878,1.02800443646224,15.8817020841324,15.8522100161185,15.875600149714,1.02801459185878
3.983,0.808951261616596,1.02801459185888,1.02800362841933,15.8813969874115,15.8522100161218,15.875600149714,1.02801459185888
3.984,0.808951261615346,1.02801459185899,1.02800279772463,15.8811071455266,15.8522100161252,15.875600149714,1.02801459185899
3.985,0.808951261614103,1.0280145918591,1.0280019459311,15.880831795736,15.8522100161285,15.875600149714,1.0280145918591
3.986,0.808951261612869,1.02801459185921,1.02800107451124,15.8805702134349,15.8522100161318,15.875600149714,1.02801459185921
3.987,0.808951261611644,1.02801459185931,1.02800018486113,15.8803217102489,15.8522100161351,15.875600149714,1.02801459185931
3.988,0.808951261610426,1.02801459185942,1.02799927830429,15.8800856322221,15.8522100161384,15.9771952081686,1.02801459185942
3.989,0.808951261609216,1.02801459185953,1.02799835609533,15.8849411110194,15.8522100161416,15.9775468223825,1.02801459185953
3.99,0.808951261608015,1.02801459185963,1.02799788625845,15.8895713965876,15.8522100161448,15.9778756059887,1.02801459185963
3.991,0.808951261606822,1.02801459185973,1.02799784508231,15.8939866070577,15.852210016148,15.9781826941166,1.02801459185973
3.992,0.808951261605636,1.02801459185984,1.02799820994354,15.8981964114106,15.8522100161512,15.9784691702623,1.02801459185984
3.993,0.808951261604459,1.02801459185994,1.02799895925816,15.9022100493532,15.8522100161543,15.978736068588,1.02801459185994
3.994,0.808951261603289,1.02801459186004,1.02800007243523,15.9060363503149,15.8522100161574,15.8774296430021,1.02801459186004
3.995,0.808951261602127,1.02801459186014,1.02800152983253,15.9046060149493,15.8522100161606,15.8774296430021,1.02801459186014
3.996,0.808951261600973,1.02801459186024,1.0280028460644,15.9032471963519,15.8522100161636,15.8774296430021,1.02801459186024
3.997,0.808951261599826,1.02801459186034,1.02800402864442,15.9019563186844,15.8522100161667,15.8774296430021,1.02801459186034
3.998,0.808951261598688,1.02801459186044,1.02800508470745,15.9007299849003,15.8522100161698,15.8774296430021,1.02801459186044
3.999,0.808951261597556,1.02801459186054,1.02800602102859,15.8995649678054,15.8522100161728,15.8774296430021,1.02801459186054
4,0.808951261596433,1.02801459186063,1.02800684404119,15.8984582015653,15.8522100161758,15.8774296430021,1.02801459186063
4.001,0.808951261595316,1.02801459186073,1.02800755985398,15.8974067736371,15.8522100161788,15.8774296430021,1.02801459186073
4.002,0.808951261594208,1.02801459186083,1.02800817426725,15.8964079171053,15.8522100161817,15.8774296430021,1.02801459186083
4.003,0.808951261593106,1.02801459186092,1.02800869278839,15.8954590034002,15.8522100161847,15.8774296430021,1.02801459186092
4.004,0.808951261592012,1.02801459186102,1.02800912064647,15.8945575353803,15.8522100161876,15.8774296430021,1.02801459186102
4.005,0.808951261590926,1.02801459186111,1.02800946280623,15.8937011407614,15.8522100161905,15.8774296430021,1.02801459186111
4.006,0.808951261589846,1.02801459186121,1.02800972398129,15.8928875658734,15.8522100161934,15.8774296430021,1.02801459186121
4.007,0.808951261588774,1.0280145918613,1.02800990864672,15.8921146697299,15.8522100161963,15.8774296430021,1.0280145918613
4.008,0.808951261587709,1.02801459186139,1.02801002105102,15.8913804183935,15.8522100161991,15.8774296430021,1.02801459186139
4.009,0.808951261586651,1.02801459186148,1.02801006522742,15.8906828796239,15.852210016202,15.8774296430021,1.02801459186148
4.01,0.8089512615856,1.02801459186157,1.02801004500471,15.8900202177928,15.8522100162048,15.8774296430021,1.02801459186157
4.011,0.808951261584556,1.02801459186166,1.02800996401745,15.8893906890533,15.8522100162076,15.8774296430021,1.02801459186166
4.012,0.808951261583519,1.02801459186175,1.02800982571569,15.8887926367507,15.8522100162104,15.8774296430021,1.02801459186175
4.013,0.808951261582489,1.02801459186184,1.02800963337426,15.8882244870633,15.8522100162131,15.8774296430021,1.02801459186184
4.014,0.808951261581465,1.02801459186193,1.0280093901015,15.8876847448602,15.8522100162159,15.8774296430021,1.02801459186193
4.015,0.808951261580449,1.02801459186202,1.02800909884764,15.8871719897673,15.8522100162186,15.8774296430021,1.02801459186202
4.016,0.808951261579439,1.02801459186211,1.0280087624127,15.8866848724291,15.8522100162213,15.8774296430021,1.02801459186211
4.017,0.808951261578437,1.0280145918622,1.02800838345402,15.8862221109577,15.852210016224,15.8774296430021,1.0280145918622
4.018,0.80895126157744,1.02801459186228,1.02800796449342,15.8857824875599,15.8522100162266,15.8774296430021,1.02801459186228
4.019,0.808951261576451,1.02801459186237,1.02800750792401,15.8853648453321,15.8522100162293,15.8774296430021,1.02801459186237
4.02,0.808951261575468,1.02801459186245,1.0280070160166,15.8849680852156,15.8522100162319,15.8774296430021,1.02801459186245
4.021,0.808951261574491,1.02801459186254,1.02800649092586,15.8845911631049,15.8522100162345,15.8774296430021,1.02801459186254
4.022,0.808951261573521,1.02801459186262,1.02800593469617,15.8842330870997,15.8522100162371,15.8774296430021,1.02801459186262
4.023,0.808951261572558,1.02801459186271,1.02800534926707,15.8838929148949,15.8522100162397,15.8774296430021,1.02801459186271
4.024,0.808951261571601,1.02801459186279,1.02800473647863,15.8835697513002,15.8522100162423,15.8774296430021,1.02801459186279
4.025,0.80895126157065,1.02801459186287,1.02800409807634,15.8832627458853,15.8522100162448,15.8774296430021,1.02801459186287
4.026,0.808951261569706,1.02801459186295,1.02800343571592,15.8829710907412,15.8522100162473,15.8774296430021,1.02801459186295
4.027,0.808951261568768,1.02801459186304,1.0280027509678,15.8826940183542,15.8522100162499,15.8774296430021,1.02801459186304
4.028,0.808951261567836,1.02801459186312,1.02800204532139,15.8824307995866,15.8522100162523,15.8774296430021,1.02801459186312
4.029,0.808951261566911,1.0280145918632,1.0280013201892,15.8821807417574,15.8522100162548,15.8774296430021,1.0280145918632
4.03,0.808951261565991,1.02801459186328,1.02800057691062,15.8819431868196,15.8522100162573,15.8774296430021,1.02801459186328
4.031,0.808951261565078,1.02801459186336,1.02799981675566,15.8817175096287,15.8522100162597,15.9789973593242,1.02801459186336
4.032,0.808951261564171,1.02801459186343,1.02799904092841,15.8865815021135,15.8522100162622,15.9793414583646,1.02801459186343
4.033,0.80895126156327,1.02801459186351,1.02799871727978,15.8912194999261,15.8522100162646,15.9796627143218,1.02801459186351
4.034,0.808951261562375,1.02801459186359,1.02799882202606,15.8956416606459,15.852210016267,15.9799622660289,1.02801459186359
4.035,0.808951261561485,1.02801459186367,1.02799933247564,15.899857690915,15.8522100162693,15.9802412004888,1.02801459186367
4.036,0.808951261560602,1.02801459186374,1.02800022698018,15.9038768663937,15.8522100162717,15.878953669735,1.02801459186374
4.037,0.808951261559725,1.02801459186382,1.02800148488816,15.9026307065608,15.8522100162741,15.878953669735,1.02801459186382
4.038,0.808951261558853,1.0280145918639,1.02800261988657,15.9014468547195,15.8522100162764,15.878953669735,1.0280145918639
4.039,0.808951261557988,1.02801459186397,1.028003638521,15.9003221954703,15.8522100162787,15.878953669735,1.02801459186397
4.04,0.808951261557128,1.02801459186405,1.02800454700707,15.8992537691835,15.852210016281,15.878953669735,1.02801459186405
4.041,0.808951261556274,1.02801459186412,1.02800535124698,15.8982387642111,15.8522100162833,15.878953669735,1.02801459186412
4.042,0.808951261555425,1.02801459186419,1.02800605684518,15.8972745094873,15.8522100162856,15.878953669735,1.02801459186419
4.043,0.808951261554582,1.02801459186427,1.02800666912329,15.8963584674996,15.8522100162878,15.878953669735,1.02801459186427
4.044,0.808951261553745,1.02801459186434,1.02800719313425,15.8954882276114,15.8522100162901,15.878953669735,1.02801459186434
4.045,0.808951261552914,1.02801459186441,1.02800763367576,15.8946614997176,15.8522100162923,15.878953669735,1.02801459186441
4.046,0.808951261552087,1.02801459186448,1.0280079953031,15.8938761082185,15.8522100162945,15.878953669735,1.02801459186448
4.047,0.808951261551267,1.02801459186455,1.02800828234122,15.8931299862943,15.8522100162967,15.878953669735,1.02801459186455
4.048,0.808951261550452,1.02801459186463,1.0280084988963,15.8924211704663,15.8522100162989,15.878953669735,1.02801459186463
4.049,0.808951261549642,1.0280145918647,1.0280086488667,15.8917477954298,15.852210016301,15.878953669735,1.0280145918647
4.05,0.808951261548838,1.02801459186477,1.02800873595337,15.891108089145,15.8522100163032,15.878953669735,1.02801459186477
4.051,0.808951261548039,1.02801459186483,1.02800876366972,15.8905003681745,15.8522100163053,15.878953669735,1.02801459186483
4.052,0.808951261547245,1.0280145918649,1.02800873535105,15.8899230332525,15.8522100163075,15.878953669735,1.0280145918649
4.053,0.808951261546457,1.02801459186497,1.02800865416344,15.8893745650767,15.8522100163096,15.878953669735,1.02801459186497
4.054,0.808951261545674,1.02801459186504,1.02800852311223,15.8888535203096,15.8522100163117,15.878953669735,1.02801459186504
4.055,0.808951261544896,1.02801459186511,1.02800834505009,15.8883585277808,15.8522100163137,15.878953669735,1.02801459186511
4.056,0.808951261544124,1.02801459186517,1.02800812268466,15.8878882848786,15.8522100163158,15.878953669735,1.02801459186517
4.057,0.808951261543356,1.02801459186524,1.0280078585858,15.8874415541214,15.8522100163179,15.878953669735,1.02801459186524
4.058,0.808951261542594,1.02801459186531,1.02800755519254,15.8870171599021,15.8522100163199,15.878953669735,1.02801459186531
4.059,0.808951261541836,1.02801459186537,1.02800721481959,15.8866139853937,15.8522100163219,15.878953669735,1.02801459186537
4.06,0.808951261541084,1.02801459186544,1.0280068396636,15.8862309696108,15.8522100163239,15.878953669735,1.02801459186544
4.061,0.808951261540337,1.0280145918655,1.02800643180906,15.885867104617,15.8522100163259,15.878953669735,1.0280145918655
4.062,0.808951261539595,1.02801459186557,1.02800599323395,15.8855214328729,15.8522100163279,15.878953669735,1.02801459186557
4.063,0.808951261538858,1.02801459186563,1.02800552581504,15.885193044716,15.8522100163299,15.878953669735,1.02801459186563
4.064,0.808951261538125,1.02801459186569,1.02800503133302,15.8848810759669,15.8522100163319,15.878953669735,1.02801459186569
4.065,0.808951261537398,1.02801459186576,1.02800451147726,15.8845847056553,15.8522100163338,15.878953669735,1.02801459186576
4.066,0.808951261536675,1.02801459186582,1.02800396785044,15.8843031538593,15.8522100163357,15.878953669735,1.02801459186582
4.067,0.808951261535957,1.02801459186588,1.02800340197287,15.8840356796531,15.8522100163377,15.878953669735,1.02801459186588
4.068,0.808951261535244,1.02801459186594,1.02800281528663,15.8837815791572,15.8522100163396,15.878953669735,1.02801459186594
4.069,0.808951261534536,1.02801459186601,1.0280022091595,15.8835401836861,15.8522100163415,15.878953669735,1.02801459186601
4.07,0.808951261533832,1.02801459186607,1.02800158488871,15.8833108579885,15.8522100163434,15.878953669735,1.02801459186607
4.071,0.808951261533133,1.02801459186613,1.02800094370443,15.8830929985758,15.8522100163452,15.878953669735,1.02801459186613
4.072,0.808951261532439,1.02801459186619,1.02800028677319,15.8828860321338,15.8522100163471,15.878953669735,1.02801459186619
4.073,0.80895126153175,1.02801459186625,1.02799961520104,15.8826894140139,15.8522100163489,15.9805316208407,1.02801459186625
4.074,0.808951261531065,1.02801459186631,1.0279989300366,15.8875815243552,15.8522100163508,15.9808711467998,1.02801459186631
4.075,0.808951261530384,1.02801459186637,1.02799869903042,15.8922460054774,15.8522100163526,15.9811877153395,1.02801459186637
4.076,0.808951261529708,1.02801459186643,1.0279988982354,15.8966930909705,15.8522100163544,15.9814824732896,1.02801459186643
4.077,0.808951261529037,1.02801459186648,1.02799950480455,15.9009325600865,15.8522100163562,15.981756515264,1.02801459186648
4.078,0.80895126152837,1.02801459186654,1.02800049694194,15.9049737578454,15.852210016358,15.8804777089835,1.02801459186654
4.079,0.808951261527707,1.0280145918666,1.02800185385573,15.9037489554023,15.8522100163597,15.8804777089835,1.0280145918666
4.08,0.808951261527049,1.02801459186666,1.0280030891627,15.9025853930813,15.8522100163615,15.8804777089835,1.02801459186666
4.081,0.808951261526396,1.02801459186671,1.0280042093016,15.9014800088764,15.8522100163633,15.8804777089835,1.02801459186671
4.082,0.808951261525746,1.02801459186677,1.02800522038683,15.9004298938818,15.852210016365,15.8804777089835,1.02801459186677
4.083,0.808951261525102,1.02801459186682,1.02800612822474,15.8994322846369,15.8522100163667,15.8804777089835,1.02801459186682
4.084,0.808951261524461,1.02801459186688,1.02800693832897,15.8984845558542,15.8522100163684,15.8804777089835,1.02801459186688
4.085,0.808951261523824,1.02801459186694,1.02800765593515,15.8975842135107,15.8522100163701,15.8804777089835,1.02801459186694
4.086,0.808951261523192,1.02801459186699,1.02800828601481,15.8967288882843,15.8522100163718,15.8804777089835,1.02801459186699
4.087,0.808951261522564,1.02801459186704,1.02800883328858,15.8959163293193,15.8522100163735,15.8804777089835,1.02801459186704
4.088,0.808951261521941,1.0280145918671,1.02800930223877,15.8951443983025,15.8522100163752,15.8804777089835,1.0280145918671
4.089,0.808951261521321,1.02801459186715,1.02800969712128,15.8944110638365,15.8522100163768,15.8804777089835,1.02801459186715
4.09,0.808951261520706,1.02801459186721,1.02801002197698,15.8937143960939,15.8522100163785,15.8804777089835,1.02801459186721
4.091,0.808951261520094,1.02801459186726,1.02801028064241,15.8930525617384,15.8522100163801,15.8804777089835,1.02801459186726
4.092,0.808951261519487,1.02801459186731,1.02801047676008,15.8924238191006,15.8522100163817,15.8804777089835,1.02801459186731
4.093,0.808951261518884,1.02801459186736,1.02801061378813,15.8918265135948,15.8522100163834,15.8804777089835,1.02801459186736
4.094,0.808951261518284,1.02801459186742,1.02801069500961,15.8912590733642,15.852210016385,15.8804777089835,1.02801459186742
4.095,0.808951261517689,1.02801459186747,1.02801072354121,15.8907200051452,15.8522100163866,15.8804777089835,1.02801459186747
4.096,0.808951261517098,1.02801459186752,1.02801070234162,15.8902078903371,15.8522100163881,15.8804777089835,1.02801459186752
4.097,0.808951261516511,1.02801459186757,1.02801063421943,15.8897213812694,15.8522100163897,15.8804777089835,1.02801459186757
4.098,0.808951261515927,1.02801459186762,1.02801052184065,15.8892591976551,15.8522100163913,15.8804777089835,1.02801459186762
4.099,0.808951261515348,1.02801459186767,1.02801036773586,15.8888201232215,15.8522100163928,15.8804777089835,1.02801459186767
4.1,0.808951261514772,1.02801459186772,1.028010174307,15.8884030025096,15.8522100163944,15.8804777089835,1.02801459186772
4.101,0.8089512615142,1.02801459186777,1.02800994383379,15.8880067378333,15.8522100163959,15.8804777089835,1.02801459186777
4.102,0.808951261513632,1.02801459186782,1.0280096784799,15.8876302863908,15.8522100163974,15.8804777089835,1.02801459186782
4.103,0.808951261513068,1.02801459186787,1.02800938029873,15.8872726575205,15.8522100163989,15.8804777089835,1.02801459186787
4.104,0.808951261512508,1.02801459186792,1.02800905123892,15.8869329100936,15.8522100164004,15.8804777089835,1.02801459186792
4.105,0.808951261511951,1.02801459186797,1.02800869314968,15.8866101500381,15.8522100164019,15.8804777089835,1.02801459186797
4.106,0.808951261511398,1.02801459186801,1.02800830778568,15.8863035279854,15.8522100164034,15.8804777089835,1.02801459186801
4.107,0.808951261510849,1.02801459186806,1.02800789681186,15.8860122370353,15.8522100164049,15.8804777089835,1.02801459186806
4.108,0.808951261510303,1.02801459186811,1.02800746180789,15.8857355106327,15.8522100164063,15.8804777089835,1.02801459186811
4.109,0.808951261509761,1.02801459186816,1.02800700427248,15.8854726205502,15.8522100164078,15.8804777089835,1.02801459186816
4.11,0.808951261509223,1.0280145918682,1.02800652562741,15.8852228749719,15.8522100164092,15.8804777089835,1.0280145918682
4.111,0.808951261508688,1.02801459186825,1.02800602722141,15.8849856166725,15.8522100164106,15.8804777089835,1.02801459186825
4.112,0.808951261508157,1.0280145918683,1.0280055103338,15.884760221288,15.8522100164121,15.8804777089835,1.0280145918683
4.113,0.808951261507629,1.02801459186834,1.02800497617802,15.8845460956728,15.8522100164135,15.8804777089835,1.02801459186834
4.114,0.808951261507105,1.02801459186839,1.0280044259049,15.8843426763383,15.8522100164149,15.8804777089835,1.02801459186839
4.115,0.808951261506584,1.02801459186843,1.02800386060579,15.8841494279706,15.8522100164163,15.8804777089835,1.02801459186843
4.116,0.808951261506067,1.02801459186848,1.02800328131559,15.8839658420212,15.8522100164177,15.8804777089835,1.02801459186848
4.117,0.808951261505553,1.02801459186852,1.02800268901558,15.8837914353694,15.852210016419,15.8804777089835,1.02801459186852
4.118,0.808951261505043,1.02801459186857,1.02800208463606,15.8836257490501,15.8522100164204,15.8804777089835,1.02801459186857
4.119,0.808951261504536,1.02801459186861,1.02800146905898,15.8834683470467,15.8522100164218,15.8804777089835,1.02801459186861
4.12,0.808951261504032,1.02801459186865,1.02800084312032,15.8833188151436,15.8522100164231,15.8804777089835,1.02801459186865
4.121,0.808951261503532,1.0280145918687,1.02800020761244,15.8831767598356,15.8522100164245,15.8804777089835,1.0280145918687
4.122,0.808951261503035,1.02801459186874,1.02799956328623,15.883041807293,15.8522100164258,15.9820582962819,1.02801459186874
4.123,0.808951261502542,1.02801459186878,1.02799891085323,15.8879926317424,15.8522100164271,15.982396168073,1.02801459186878
4.124,0.808951261502051,1.02801459186883,1.02799871775618,15.8927128085589,15.8522100164284,15.9827108145398,1.02801459186883
4.125,0.808951261501564,1.02801459186887,1.02799895973606,15.897212708858,15.8522100164297,15.983003397562,1.02801459186887
4.126,0.808951261501081,1.02801459186891,1.02799961364868,15.9015022432932,15.852210016431,15.9832750261038,1.02801459186891
4.127,0.8089512615006,1.02801459186895,1.02800065741497,15.9055908824337,15.8522100164323,15.8820017302604,1.02801459186895
4.128,0.808951261500123,1.02801459186899,1.02800206997339,15.904411424825,15.8522100164336,15.8820017302604,1.02801459186899
4.129,0.808951261499649,1.02801459186903,1.02800336472127,15.9032909400968,15.8522100164348,15.8820017302604,1.02801459186903
4.13,0.808951261499178,1.02801459186907,1.02800454786368,15.902226479605,15.8522100164361,15.8820017302604,1.02801459186907
4.131,0.80895126149871,1.02801459186912,1.02800562529334,15.9012152421378,15.8522100164374,15.8820017302604,1.02801459186912
4.132,0.808951261498245,1.02801459186916,1.02800660260627,15.9002545665439,15.8522100164386,15.8820017302604,1.02801459186916
4.133,0.808951261497784,1.0280145918692,1.0280074851166,15.8993419247297,15.8522100164398,15.8820017302604,1.0280145918692
4.134,0.808951261497325,1.02801459186924,1.0280082778707,15.8984749150063,15.8522100164411,15.8820017302604,1.02801459186924
4.135,0.808951261496869,1.02801459186928,1.02800898566061,15.897651255769,15.8522100164423,15.8820017302604,1.02801459186928
4.136,0.808951261496417,1.02801459186931,1.02800961303669,15.8968687794935,15.8522100164435,15.8820017302604,1.02801459186931
4.137,0.808951261495968,1.02801459186935,1.02801016431981,15.8961254270319,15.8522100164447,15.8820017302604,1.02801459186935
4.138,0.808951261495521,1.02801459186939,1.02801064361277,15.8954192421933,15.8522100164459,15.8820017302604,1.02801459186939
4.139,0.808951261495078,1.02801459186943,1.02801105481126,15.8947483665967,15.8522100164471,15.8820017302604,1.02801459186943
4.14,0.808951261494637,1.02801459186947,1.02801140161419,15.8941110347798,15.8522100164483,15.8820017302604,1.02801459186947
4.141,0.8089512614942,1.02801459186951,1.02801168753359,15.8935055695539,15.8522100164494,15.8820017302604,1.02801459186951
4.142,0.808951261493765,1.02801459186954,1.02801191590391,15.8929303775892,15.8522100164506,15.8820017302604,1.02801459186954
4.143,0.808951261493333,1.02801459186958,1.02801208989097,15.8923839452228,15.8522100164517,15.8820017302604,1.02801459186958
4.144,0.808951261492904,1.02801459186962,1.02801221250037,15.8918648344746,15.8522100164529,15.8820017302604,1.02801459186962
4.145,0.808951261492478,1.02801459186966,1.0280122865855,15.8913716792639,15.852210016454,15.8820017302604,1.02801459186966
4.146,0.808951261492055,1.02801459186969,1.0280123148552,15.8909031818138,15.8522100164552,15.8820017302604,1.02801459186969
4.147,0.808951261491635,1.02801459186973,1.02801229988099,15.8904581092361,15.8522100164563,15.8820017302604,1.02801459186973
4.148,0.808951261491217,1.02801459186977,1.02801224410394,15.8900352902873,15.8522100164574,15.8820017302604,1.02801459186977
4.149,0.808951261490803,1.0280145918698,1.02801214984119,15.889633612286,15.8522100164585,15.8820017302604,1.0280145918698
4.15,0.808951261490391,1.02801459186984,1.0280120192922,15.8892520181847,15.8522100164596,15.8820017302604,1.02801459186984
4.151,0.808951261489981,1.02801459186987,1.0280118545446,15.8888895037885,15.8522100164607,15.8820017302604,1.02801459186987
4.152,0.808951261489575,1.02801459186991,1.02801165757983,15.8885451151121,15.8522100164618,15.8820017302604,1.02801459186991
4.153,0.808951261489171,1.02801459186994,1.02801143027845,15.8882179458695,15.8522100164629,15.8820017302604,1.02801459186994
4.154,0.80895126148877,1.02801459186998,1.02801117442519,15.887907135089,15.852210016464,15.8820017302604,1.02801459186998
4.155,0.808951261488371,1.02801459187001,1.02801089171375,15.8876118648476,15.852210016465,15.8820017302604,1.02801459187001
4.156,0.808951261487976,1.02801459187005,1.02801058375139,15.8873313581182,15.8522100164661,15.8820017302604,1.02801459187005
4.157,0.808951261487582,1.02801459187008,1.02801025206322,15.8870648767253,15.8522100164671,15.8820017302604,1.02801459187008
4.158,0.808951261487192,1.02801459187012,1.02800989809636,15.8868117194021,15.8522100164682,15.8820017302604,1.02801459187012
4.159,0.808951261486804,1.02801459187015,1.02800952322384,15.886571219945,15.8522100164692,15.8820017302604,1.02801459187015
4.16,0.808951261486419,1.02801459187018,1.02800912874829,15.8863427454608,15.8522100164703,15.8820017302604,1.02801459187018
4.161,0.808951261486036,1.02801459187022,1.02800871590552,15.8861256947008,15.8522100164713,15.8820017302604,1.02801459187022
4.162,0.808951261485656,1.02801459187025,1.02800828586781,15.8859194964787,15.8522100164723,15.8820017302604,1.02801459187025
4.163,0.808951261485278,1.02801459187028,1.02800783974718,15.8857236081678,15.8522100164733,15.8820017302604,1.02801459187028
4.164,0.808951261484903,1.02801459187031,1.02800737859833,15.8855375142724,15.8522100164743,15.8820017302604,1.02801459187031
4.165,0.80895126148453,1.02801459187035,1.02800690342156,15.8853607250718,15.8522100164753,15.8820017302604,1.02801459187035
4.166,0.80895126148416,1.02801459187038,1.02800641516551,15.8851927753313,15.8522100164763,15.8820017302604,1.02801459187038
4.167,0.808951261483792,1.02801459187041,1.02800591472972,15.8850332230777,15.8522100164773,15.8820017302604,1.02801459187041
4.168,0.808951261483427,1.02801459187044,1.02800540296715,15.8848816484369,15.8522100164783,15.8820017302604,1.02801459187044
4.169,0.808951261483064,1.02801459187047,1.02800488068644,15.884737652528,15.8522100164793,15.8820017302604,1.02801459187047
4.17,0.808951261482704,1.02801459187051,1.02800434865421,15.8846008564147,15.8522100164802,15.8820017302604,1.02801459187051
4.171,0.808951261482346,1.02801459187054,1.02800380759715,15.8844709001069,15.8522100164812,15.8820017302604,1.02801459187054
4.172,0.80895126148199,1.02801459187057,1.028003258204,15.8843474416146,15.8522100164821,15.8820017302604,1.02801459187057
4.173,0.808951261481637,1.0280145918706,1.0280027011275,15.8842301560469,15.8522100164831,15.8820017302604,1.0280145918706
4.174,0.808951261481286,1.02801459187063,1.02800213698616,15.8841187347576,15.852210016484,15.8820017302604,1.02801459187063
4.175,0.808951261480937,1.02801459187066,1.02800156636603,15.8840128845327,15.852210016485,15.8820017302604,1.02801459187066
4.176,0.808951261480591,1.02801459187069,1.02800098982227,15.8839123268191,15.8522100164859,15.8820017302604,1.02801459187069
4.177,0.808951261480247,1.02801459187072,1.02800040788077,15.8838167969912,15.8522100164868,15.8820017302604,1.02801459187072
4.178,0.808951261479905,1.02801459187075,1.02799982103958,15.8837260436546,15.8522100164877,15.9835692290484,1.02801459187075
4.179,0.808951261479566,1.02801459187078,1.02799922977033,15.8887182029243,15.8522100164886,15.9839039557276,1.02801459187078
4.18,0.808951261479229,1.02801459187081,1.02799910122798,15.8934774905645,15.8522100164895,15.9842152755749,1.02801459187081
4.181,0.808951261478894,1.02801459187084,1.02799941092652,15.898014379815,15.8522100164904,15.9845043614799,1.02801459187084
4.182,0.808951261478562,1.02801459187086,1.02800013550567,15.9023388788982,15.8522100164913,15.8832208024484,1.02801459187086
4.183,0.808951261478231,1.02801459187089,1.02800125268068,15.9013829750758,15.8522100164922,15.8832208024484,1.02801459187089
4.184,0.808951261477903,1.02801459187092,1.0280022745592,15.9004748664444,15.8522100164931,15.8832208024484,1.02801459187092
4.185,0.808951261477577,1.02801459187095,1.02800320616899,15.8996121632446,15.8522100164939,15.8832208024484,1.02801459187095
4.186,0.808951261477253,1.02801459187098,1.02800405228464,15.8987925952048,15.8522100164948,15.8832208024484,1.02801459187098
4.187,0.808951261476932,1.02801459187101,1.02800481744029,15.898014005567,15.8522100164957,15.8832208024484,1.02801459187101
4.188,0.808951261476612,1.02801459187103,1.02800550594163,15.897274345411,15.8522100164965,15.8832208024484,1.02801459187103
4.189,0.808951261476295,1.02801459187106,1.02800612187735,15.8965716682629,15.8522100164974,15.8832208024484,1.02801459187106
4.19,0.808951261475979,1.02801459187109,1.02800666913,15.8959041249722,15.8522100164982,15.8832208024484,1.02801459187109
4.191,0.808951261475666,1.02801459187112,1.02800715138632,15.895269958846,15.8522100164991,15.8832208024484,1.02801459187112
4.192,0.808951261475355,1.02801459187114,1.028007572147,15.8946675010261,15.8522100164999,15.8832208024484,1.02801459187114
4.193,0.808951261475046,1.02801459187117,1.02800793473606,15.8940951660972,15.8522100165007,15.8832208024484,1.02801459187117
4.194,0.808951261474739,1.0280145918712,1.02800824230963,15.8935514479148,15.8522100165015,15.8832208024484,1.0280145918712
4.195,0.808951261474434,1.02801459187122,1.02800849786439,15.8930349156415,15.8522100165024,15.8832208024484,1.02801459187122
4.196,0.808951261474131,1.02801459187125,1.02800870424554,15.8925442099818,15.8522100165032,15.8832208024484,1.02801459187125
4.197,0.80895126147383,1.02801459187128,1.02800886415442,15.8920780396051,15.852210016504,15.8832208024484,1.02801459187128
4.198,0.808951261473532,1.0280145918713,1.02800898015565,15.8916351777473,15.8522100165048,15.8832208024484,1.0280145918713
4.199,0.808951261473235,1.02801459187133,1.02800905468403,15.8912144589824,15.8522100165056,15.8832208024484,1.02801459187133
4.2,0.80895126147294,1.02801459187135,1.02800909005102,15.8908147761557,15.8522100165064,15.8832208024484,1.02801459187135
4.201,0.808951261472647,1.02801459187138,1.02800908845093,15.8904350774703,15.8522100165071,15.8832208024484,1.02801459187138
4.202,0.808951261472356,1.0280145918714,1.02800905196676,15.8900743637192,15.8522100165079,15.8832208024484,1.0280145918714
4.203,0.808951261472067,1.02801459187143,1.02800898257582,15.8897316856557,15.8522100165087,15.8832208024484,1.02801459187143
4.204,0.80895126147178,1.02801459187145,1.02800888215498,15.8894061414953,15.8522100165095,15.8832208024484,1.02801459187145
4.205,0.808951261471495,1.02801459187148,1.02800875248574,15.889096874543,15.8522100165102,15.8832208024484,1.02801459187148
4.206,0.808951261471211,1.0280145918715,1.02800859525897,15.8888030709382,15.852210016511,15.8832208024484,1.0280145918715
4.207,0.80895126147093,1.02801459187153,1.0280084120795,15.8885239575138,15.8522100165117,15.8832208024484,1.02801459187153
4.208,0.80895126147065,1.02801459187155,1.02800820447038,15.8882587997605,15.8522100165125,15.8832208024484,1.02801459187155
4.209,0.808951261470373,1.02801459187158,1.02800797387703,15.8880068998949,15.8522100165132,15.8832208024484,1.02801459187158
4.21,0.808951261470097,1.0280145918716,1.02800772167108,15.8877675950226,15.852210016514,15.8832208024484,1.0280145918716
4.211,0.808951261469823,1.02801459187162,1.02800744915411,15.8875402553939,15.8522100165147,15.8832208024484,1.02801459187162
4.212,0.808951261469551,1.02801459187165,1.02800715756115,15.8873242827466,15.8522100165154,15.8832208024484,1.02801459187165
4.213,0.80895126146928,1.02801459187167,1.02800684806402,15.8871191087317,15.8522100165161,15.8832208024484,1.02801459187167
4.214,0.808951261469012,1.02801459187169,1.02800652177447,15.8869241934175,15.8522100165169,15.8832208024484,1.02801459187169
4.215,0.808951261468745,1.02801459187172,1.02800617974725,15.8867390238691,15.8522100165176,15.8832208024484,1.02801459187172
4.216,0.80895126146848,1.02801459187174,1.02800582298292,15.886563112798,15.8522100165183,15.8832208024484,1.02801459187174
4.217,0.808951261468217,1.02801459187176,1.02800545243059,15.8863959972805,15.852210016519,15.8832208024484,1.02801459187176
4.218,0.808951261467956,1.02801459187179,1.0280050689905,15.8862372375389,15.8522100165197,15.8832208024484,1.02801459187179
4.219,0.808951261467696,1.02801459187181,1.02800467351648,15.8860864157844,15.8522100165204,15.8832208024484,1.02801459187181
4.22,0.808951261467438,1.02801459187183,1.02800426681826,15.8859431351176,15.8522100165211,15.8832208024484,1.02801459187183
4.221,0.808951261467182,1.02801459187185,1.02800384966371,15.8858070184842,15.8522100165218,15.8832208024484,1.02801459187185
4.222,0.808951261466927,1.02801459187187,1.02800342278092,15.8856777076824,15.8522100165224,15.8832208024484,1.02801459187187
4.223,0.808951261466674,1.0280145918719,1.0280029868602,15.8855548624207,15.8522100165231,15.8832208024484,1.0280145918719
4.224,0.808951261466423,1.02801459187192,1.028002542556,15.8854381594221,15.8522100165238,15.8832208024484,1.02801459187192
4.225,0.808951261466174,1.02801459187194,1.02800209048869,15.8853272915734,15.8522100165245,15.8832208024484,1.02801459187194
4.226,0.808951261465926,1.02801459187196,1.02800163124628,15.8852219671171,15.8522100165251,15.8832208024484,1.02801459187196
4.227,0.80895126146568,1.02801459187198,1.02800116538605,15.8851219088837,15.8522100165258,15.8832208024484,1.02801459187198
4.228,0.808951261465435,1.028014591872,1.02800069343609,15.8850268535619,15.8522100165264,15.8832208024484,1.028014591872
4.229,0.808951261465192,1.02801459187202,1.02800021589677,15.8849365510063,15.8522100165271,15.8832208024484,1.02801459187202
4.23,0.808951261464951,1.02801459187205,1.02799973324214,15.8848507635784,15.8522100165277,15.9847927595208,1.02801459187205
4.231,0.808951261464712,1.02801459187207,1.02799924592124,15.8898478633755,15.8522100165284,15.98512222116,1.02801459187207
4.232,0.808951261464473,1.02801459187209,1.0279992210883,15.8946115812647,15.852210016529,15.9854282722657,1.02801459187209
4.233,0.808951261464237,1.02801459187211,1.02799963421199,15.8991524158148,15.8522100165296,15.9857120880642,1.02801459187211
4.234,0.808951261464002,1.02801459187213,1.02800046188938,15.9034803994272,15.8522100165303,15.8844398332769,1.02801459187213
4.235,0.808951261463769,1.02801459187215,1.02800168179552,15.9025283711197,15.8522100165309,15.8844398332769,1.02801459187215
4.236,0.808951261463537,1.02801459187217,1.02800280607648,15.9016239442276,15.8522100165315,15.8844398332769,1.02801459187217
4.237,0.808951261463307,1.02801459187219,1.02800383974437,15.90076473868,15.8522100165321,15.8844398332769,1.02801459187219
4.238,0.808951261463078,1.02801459187221,1.02800478755918,15.8999484934099,15.8522100165327,15.8844398332769,1.02801459187221
4.239,0.808951261462851,1.02801459187223,1.02800565404135,15.8991730604032,15.8522100165334,15.8844398332769,1.02801459187223
4.24,0.808951261462625,1.02801459187225,1.0280064434838,15.8984363990469,15.852210016534,15.8844398332769,1.02801459187225
4.241,0.808951261462401,1.02801459187227,1.02800715996329,15.8977365707584,15.8522100165346,15.8844398332769,1.02801459187227
4.242,0.808951261462178,1.02801459187229,1.02800780735124,15.8970717338843,15.8522100165351,15.8844398332769,1.02801459187229
4.243,0.808951261461957,1.02801459187231,1.028008389324,15.896440138854,15.8522100165357,15.8844398332769,1.02801459187231
4.244,0.808951261461737,1.02801459187232,1.02800890937264,15.8958401235751,15.8522100165363,15.8844398332769,1.02801459187232
4.245,0.808951261461519,1.02801459187234,1.0280093708122,15.8952701090602,15.8522100165369,15.8844398332769,1.02801459187234
4.246,0.808951261461302,1.02801459187236,1.02800977679052,15.894728595271,15.8522100165375,15.8844398332769,1.02801459187236
4.247,0.808951261461087,1.02801459187238,1.02801013029658,15.8942141571713,15.8522100165381,15.8844398332769,1.02801459187238
4.248,0.808951261460873,1.0280145918724,1.0280104341685,15.8937254409766,15.8522100165386,15.8844398332769,1.0280145918724
4.249,0.808951261460661,1.02801459187242,1.02801069110102,15.8932611605916,15.8522100165392,15.8844398332769,1.02801459187242
4.25,0.808951261460449,1.02801459187244,1.02801090365277,15.8928200942259,15.8522100165398,15.8844398332769,1.02801459187244
4.251,0.80895126146024,1.02801459187245,1.02801107425301,15.8924010811784,15.8522100165403,15.8844398332769,1.02801459187245
4.252,0.808951261460032,1.02801459187247,1.02801120520813,15.8920030187834,15.8522100165409,15.8844398332769,1.02801459187247
4.253,0.808951261459825,1.02801459187249,1.02801129870784,15.891624859508,15.8522100165414,15.8844398332769,1.02801459187249
4.254,0.808951261459619,1.02801459187251,1.02801135683095,15.8912656081965,15.852210016542,15.8844398332769,1.02801459187251
4.255,0.808951261459415,1.02801459187253,1.02801138155097,15.8909243194505,15.8522100165425,15.8844398332769,1.02801459187253
4.256,0.808951261459212,1.02801459187254,1.02801137474136,15.8906000951418,15.8522100165431,15.8844398332769,1.02801459187254
4.257,0.808951261459011,1.02801459187256,1.02801133818057,15.8902920820486,15.8522100165436,15.8844398332769,1.02801459187256
4.258,0.808951261458811,1.02801459187258,1.02801127355676,15.88999946961,15.8522100165442,15.8844398332769,1.02801459187258
4.259,0.808951261458612,1.0280145918726,1.02801118247237,15.8897214877934,15.8522100165447,15.8844398332769,1.0280145918726
4.26,0.808951261458415,1.02801459187261,1.02801106644836,15.8894574050675,15.8522100165452,15.8844398332769,1.02801459187261
4.261,0.808951261458219,1.02801459187263,1.02801092692834,15.889206526478,15.8522100165457,15.8844398332769,1.02801459187263
4.262,0.808951261458024,1.02801459187265,1.02801076528242,15.8889681918179,15.8522100165463,15.8844398332769,1.02801459187265
4.263,0.808951261457831,1.02801459187266,1.02801058281092,15.8887417738909,15.8522100165468,15.8844398332769,1.02801459187266
4.264,0.808951261457638,1.02801459187268,1.02801038074784,15.8885266768602,15.8522100165473,15.8844398332769,1.02801459187268
4.265,0.808951261457447,1.0280145918727,1.02801016026417,15.888322334681,15.8522100165478,15.8844398332769,1.0280145918727
4.266,0.808951261457258,1.02801459187271,1.02800992247112,15.8881282096108,15.8522100165483,15.8844398332769,1.02801459187271
4.267,0.808951261457069,1.02801459187273,1.02800966842305,15.8879437907941,15.8522100165488,15.8844398332769,1.02801459187273
4.268,0.808951261456882,1.02801459187275,1.02800939912033,15.8877685929183,15.8522100165493,15.8844398332769,1.02801459187275
4.269,0.808951261456696,1.02801459187276,1.02800911551207,15.8876021549362,15.8522100165498,15.8844398332769,1.02801459187276
4.27,0.808951261456512,1.02801459187278,1.0280088184987,15.8874440388532,15.8522100165503,15.8844398332769,1.02801459187278
4.271,0.808951261456328,1.02801459187279,1.02800850893437,15.8872938285744,15.8522100165508,15.8844398332769,1.02801459187279
4.272,0.808951261456146,1.02801459187281,1.02800818762931,15.8871511288095,15.8522100165513,15.8844398332769,1.02801459187281
4.273,0.808951261455965,1.02801459187283,1.02800785535201,15.8870155640329,15.8522100165518,15.8844398332769,1.02801459187283
4.274,0.808951261455786,1.02801459187284,1.02800751283133,15.8868867774951,15.8522100165523,15.8844398332769,1.02801459187284
4.275,0.808951261455607,1.02801459187286,1.0280071607585,15.8867644302842,15.8522100165527,15.8844398332769,1.02801459187286
4.276,0.80895126145543,1.02801459187287,1.02800679978897,15.8866482004338,15.8522100165532,15.8844398332769,1.02801459187287
4.277,0.808951261455253,1.02801459187289,1.02800643054425,15.886537782076,15.8522100165537,15.8844398332769,1.02801459187289
4.278,0.808951261455078,1.0280145918729,1.02800605361359,15.886432884636,15.8522100165542,15.8844398332769,1.0280145918729
4.279,0.808951261454905,1.02801459187292,1.02800566955561,15.8863332320681,15.8522100165546,15.8844398332769,1.02801459187292
4.28,0.808951261454732,1.02801459187293,1.02800527889982,15.8862385621285,15.8522100165551,15.8844398332769,1.02801459187293
4.281,0.80895126145456,1.02801459187295,1.02800488214814,15.8861486256859,15.8522100165555,15.8844398332769,1.02801459187295
4.282,0.80895126145439,1.02801459187296,1.02800447977621,15.8860631860655,15.852210016556,15.8844398332769,1.02801459187296
4.283,0.808951261454221,1.02801459187298,1.02800407223475,15.8859820184261,15.8522100165564,15.8844398332769,1.02801459187298
4.284,0.808951261454053,1.02801459187299,1.02800365995084,15.8859049091686,15.8522100165569,15.8844398332769,1.02801459187299
4.285,0.808951261453886,1.02801459187301,1.02800324332907,15.885831655374,15.8522100165573,15.8844398332769,1.02801459187301
4.286,0.80895126145372,1.02801459187302,1.02800282275266,15.8857620642692,15.8522100165578,15.8844398332769,1.02801459187302
4.287,0.808951261453555,1.02801459187303,1.0280023985846,15.8856959527196,15.8522100165582,15.8844398332769,1.02801459187303
4.288,0.808951261453391,1.02801459187305,1.02800197116859,15.8856331467474,15.8522100165587,15.8844398332769,1.02801459187305
4.289,0.808951261453229,1.02801459187306,1.02800154083009,15.8855734810739,15.8522100165591,15.8844398332769,1.02801459187306
4.29,0.808951261453067,1.02801459187308,1.02800110787717,15.885516798684,15.8522100165595,15.8844398332769,1.02801459187308
4.291,0.808951261452907,1.02801459187309,1.02800067260142,15.8854629504137,15.85221001656,15.8844398332769,1.02801459187309
4.292,0.808951261452748,1.0280145918731,1.02800023527879,15.8854117945569,15.8522100165604,15.8844398332769,1.0280145918731
4.293,0.808951261452589,1.02801459187312,1.02799979617037,15.8853631964929,15.8522100165608,15.9860085949036,1.02801459187312
4.294,0.808951261452432,1.02801459187313,1.02799935552312,15.8903954664134,15.8522100165612,15.9863356769058,1.02801459187313
4.295,0.808951261452276,1.02801459187315,1.02799938028484,15.895192476938,15.8522100165617,15.9866391929375,1.02801459187315
4.296,0.808951261452121,1.02801459187316,1.02799984573219,15.899764812738,15.8522100165621,15.9869203275304,1.02801459187316
4.297,0.808951261451966,1.02801459187317,1.02800072827942,15.9041225884776,15.8522100165625,15.8856587813485,1.02801459187317
4.298,0.808951261451813,1.02801459187319,1.02800200542753,15.9031993981211,15.8522100165629,15.8856587813485,1.02801459187319
4.299,0.808951261451661,1.0280145918732,1.02800318921909,15.9023223672825,15.8522100165633,15.8856587813485,1.0280145918732
4.3,0.80895126145151,1.02801459187321,1.02800428451857,15.9014891879858,15.8522100165637,15.8856587813485,1.02801459187321
4.301,0.80895126145136,1.02801459187323,1.02800529594593,15.9006976676539,15.8522100165641,15.8856587813485,1.02801459187323
4.302,0.808951261451211,1.02801459187324,1.02800622788882,15.8999457233387,15.8522100165645,15.8856587813485,1.02801459187324
4.303,0.808951261451063,1.02801459187325,1.02800708451422,15.8992313762392,15.8522100165649,15.8856587813485,1.02801459187325
4.304,0.808951261450916,1.02801459187326,1.02800786977948,15.8985527464946,15.8522100165653,15.8856587813485,1.02801459187326
4.305,0.80895126145077,1.02801459187328,1.02800858744279,15.8979080482373,15.8522100165657,15.8856587813485,1.02801459187328
4.306,0.808951261450625,1.02801459187329,1.02800924107318,15.8972955848929,15.8522100165661,15.8856587813485,1.02801459187329
4.307,0.80895126145048,1.0280145918733,1.02800983405996,15.8967137447157,15.8522100165665,15.8856587813485,1.0280145918733
4.308,0.808951261450337,1.02801459187331,1.02801036962171,15.8961609965473,15.8522100165668,15.8856587813485,1.02801459187331
4.309,0.808951261450195,1.02801459187333,1.02801085081487,15.8956358857874,15.8522100165672,15.8856587813485,1.02801459187333
4.31,0.808951261450054,1.02801459187334,1.02801128054181,15.8951370305654,15.8522100165676,15.8856587813485,1.02801459187334
4.311,0.808951261449913,1.02801459187335,1.02801166155853,15.8946631181046,15.852210016568,15.8856587813485,1.02801459187335
4.312,0.808951261449774,1.02801459187336,1.02801199648205,15.8942129012668,15.8522100165683,15.8856587813485,1.02801459187336
4.313,0.808951261449635,1.02801459187337,1.0280122877973,15.8937851952708,15.8522100165687,15.8856587813485,1.02801459187337
4.314,0.808951261449498,1.02801459187339,1.02801253786379,15.8933788745747,15.8522100165691,15.8856587813485,1.02801459187339
4.315,0.808951261449361,1.0280145918734,1.02801274892184,15.8929928699134,15.8522100165694,15.8856587813485,1.0280145918734
4.316,0.808951261449226,1.02801459187341,1.02801292309856,15.8926261654852,15.8522100165698,15.8856587813485,1.02801459187341
4.317,0.808951261449091,1.02801459187342,1.02801306241356,15.8922777962783,15.8522100165702,15.8856587813485,1.02801459187342
4.318,0.808951261448957,1.02801459187343,1.02801316878426,15.8919468455318,15.8522100165705,15.8856587813485,1.02801459187343
4.319,0.808951261448824,1.02801459187344,1.02801324403107,15.8916324423227,15.8522100165709,15.8856587813485,1.02801459187344
4.32,0.808951261448692,1.02801459187346,1.02801328988223,15.891333759274,15.8522100165712,15.8856587813485,1.02801459187346
4.321,0.808951261448561,1.02801459187347,1.0280133079784,15.8910500103777,15.8522100165716,15.8856587813485,1.02801459187347
4.322,0.80895126144843,1.02801459187348,1.02801329987708,15.8907804489262,15.8522100165719,15.8856587813485,1.02801459187348
4.323,0.808951261448301,1.02801459187349,1.02801326705677,15.8905243655473,15.8522100165723,15.8856587813485,1.02801459187349
4.324,0.808951261448172,1.0280145918735,1.0280132109209,15.8902810863374,15.8522100165726,15.8856587813485,1.0280145918735
4.325,0.808951261448044,1.02801459187351,1.02801313280165,15.8900499710879,15.852210016573,15.8856587813485,1.02801459187351
4.326,0.808951261447917,1.02801459187352,1.02801303396343,15.889830411601,15.8522100165733,15.8856587813485,1.02801459187352
4.327,0.808951261447791,1.02801459187353,1.02801291560636,15.8896218300883,15.8522100165736,15.8856587813485,1.02801459187353
4.328,0.808951261447666,1.02801459187355,1.02801277886947,15.8894236776514,15.852210016574,15.8856587813485,1.02801459187355
4.329,0.808951261447541,1.02801459187356,1.02801262483372,15.8892354328362,15.8522100165743,15.8856587813485,1.02801459187356
4.33,0.808951261447418,1.02801459187357,1.02801245452497,15.8890566002618,15.8522100165747,15.8856587813485,1.02801459187357
4.331,0.808951261447295,1.02801459187358,1.02801226891669,15.8888867093162,15.852210016575,15.8856587813485,1.02801459187358
4.332,0.808951261447173,1.02801459187359,1.02801206893262,15.8887253129178,15.8522100165753,15.8856587813485,1.02801459187359
4.333,0.808951261447052,1.0280145918736,1.02801185544927,15.8885719863393,15.8522100165756,15.8856587813485,1.0280145918736
4.334,0.808951261446932,1.02801459187361,1.02801162929826,15.8884263260898,15.8522100165759,15.8856587813485,1.02801459187361
4.335,0.808951261446812,1.02801459187362,1.02801139126858,15.8882879488527,15.8522100165763,15.8856587813485,1.02801459187362
4.336,0.808951261446693,1.02801459187363,1.02801114210874,15.8881564904775,15.8522100165766,15.8856587813485,1.02801459187363
4.337,0.808951261446576,1.02801459187364,1.02801088252879,15.888031605021,15.8522100165769,15.8856587813485,1.02801459187364
4.338,0.808951261446458,1.02801459187365,1.02801061320226,15.8879129638374,15.8522100165772,15.8856587813485,1.02801459187365
4.339,0.808951261446342,1.02801459187366,1.02801033476797,15.887800254713,15.8522100165775,15.8856587813485,1.02801459187366
4.34,0.808951261446227,1.02801459187367,1.02801004783182,15.8876931810447,15.8522100165778,15.8856587813485,1.02801459187367
4.341,0.808951261446112,1.02801459187368,1.02800975296839,15.8875914610599,15.8522100165781,15.8856587813485,1.02801459187368
4.342,0.808951261445998,1.02801459187369,1.02800945072253,15.8874948270743,15.8522100165785,15.8856587813485,1.02801459187369
4.343,0.808951261445884,1.0280145918737,1.02800914161087,15.8874030247881,15.8522100165788,15.8856587813485,1.0280145918737
4.344,0.808951261445772,1.02801459187371,1.02800882612322,15.8873158126161,15.8522100165791,15.8856587813485,1.02801459187371
4.345,0.80895126144566,1.02801459187372,1.02800850472392,15.8872329610527,15.8522100165794,15.8856587813485,1.02801459187372
4.346,0.808951261445549,1.02801459187373,1.02800817785313,15.8871542520675,15.8522100165796,15.8856587813485,1.02801459187373
4.347,0.808951261445439,1.02801459187374,1.02800784592804,15.8870794785315,15.8522100165799,15.8856587813485,1.02801459187374
4.348,0.808951261445329,1.02801459187375,1.028007509344,15.8870084436724,15.8522100165802,15.8856587813485,1.02801459187375
4.349,0.80895126144522,1.02801459187376,1.02800716847568,15.8869409605562,15.8522100165805,15.8856587813485,1.02801459187376
4.35,0.808951261445112,1.02801459187377,1.02800682367804,15.8868768515958,15.8522100165808,15.8856587813485,1.02801459187377
4.351,0.808951261445005,1.02801459187378,1.02800647528736,15.8868159480834,15.8522100165811,15.8856587813485,1.02801459187378
4.352,0.808951261444898,1.02801459187379,1.02800612362218,15.8867580897467,15.8522100165814,15.8856587813485,1.02801459187379
4.353,0.808951261444792,1.02801459187379,1.02800576898419,15.8867031243268,15.8522100165817,15.8856587813485,1.02801459187379
4.354,0.808951261444687,1.0280145918738,1.02800541165907,15.8866509071779,15.852210016582,15.8856587813485,1.0280145918738
4.355,0.808951261444582,1.02801459187381,1.02800505191731,15.8866013008864,15.8522100165822,15.8856587813485,1.02801459187381
4.356,0.808951261444478,1.02801459187382,1.02800469001494,15.8865541749095,15.8522100165825,15.8856587813485,1.02801459187382
4.357,0.808951261444375,1.02801459187383,1.02800432619433,15.8865094052314,15.8522100165828,15.8856587813485,1.02801459187383
4.358,0.808951261444273,1.02801459187384,1.0280039606848,15.8864668740373,15.8522100165831,15.8856587813485,1.02801459187384
4.359,0.808951261444171,1.02801459187385,1.02800359370334,15.8864264694028,15.8522100165833,15.8856587813485,1.02801459187385
4.36,0.80895126144407,1.02801459187386,1.02800322545519,15.8863880850001,15.8522100165836,15.8856587813485,1.02801459187386
4.361,0.808951261443969,1.02801459187387,1.02800285613446,15.8863516198175,15.8522100165839,15.8856587813485,1.02801459187387
4.362,0.80895126144387,1.02801459187388,1.02800248592468,15.8863169778941,15.8522100165841,15.8856587813485,1.02801459187388
4.363,0.80895126144377,1.02801459187388,1.02800211499932,15.8862840680668,15.8522100165844,15.8856587813485,1.02801459187388
4.364,0.808951261443672,1.02801459187389,1.02800174352236,15.8862528037309,15.8522100165847,15.8856587813485,1.02801459187389
4.365,0.808951261443574,1.0280145918739,1.02800137164868,15.8862231026118,15.8522100165849,15.8856587813485,1.0280145918739
4.366,0.808951261443477,1.02801459187391,1.02800099952458,15.8861948865486,15.8522100165852,15.8856587813485,1.02801459187391
4.367,0.80895126144338,1.02801459187392,1.02800062728823,15.8861680812886,15.8522100165855,15.8856587813485,1.02801459187392
4.368,0.808951261443285,1.02801459187393,1.02800025507002,15.8861426162916,15.8522100165857,15.8856587813485,1.02801459187393
4.369,0.808951261443189,1.02801459187393,1.02799988299301,15.8861184245444,15.852210016586,15.9872231341906,1.02801459187393
4.37,0.808951261443095,1.02801459187394,1.02799951117325,15.8911736600267,15.8522100165862,15.9875467079609,1.02801459187394
4.371,0.808951261443001,1.02801459187395,1.02799960641418,15.8959923124235,15.8522100165865,15.9878466214029,1.02801459187395
4.372,0.808951261442908,1.02801459187396,1.0280001438598,15.9005850278724,15.8522100165867,15.8865729592995,1.02801459187396
4.373,0.808951261442815,1.02801459187397,1.02800109979821,15.8998844244438,15.852210016587,15.8865729592995,1.02801459187397
4.374,0.808951261442723,1.02801459187397,1.02800198497744,15.8992188511866,15.8522100165872,15.8865729592995,1.02801459187397
4.375,0.808951261442631,1.02801459187398,1.02800280308855,15.8985865565922,15.8522100165875,15.8865729592995,1.02801459187398
4.376,0.80895126144254,1.02801459187399,1.02800355763698,15.8979858767276,15.8522100165877,15.8865729592995,1.02801459187399
4.377,0.80895126144245,1.028014591874,1.02800425195194,15.8974152308562,15.8522100165879,15.8865729592995,1.028014591874
4.378,0.808951261442361,1.02801459187401,1.02800488919512,15.8968731172783,15.8522100165882,15.8865729592995,1.02801459187401
4.379,0.808951261442272,1.02801459187401,1.02800547236916,15.8963581093794,15.8522100165884,15.8865729592995,1.02801459187401
4.38,0.808951261442183,1.02801459187402,1.02800600432557,15.8958688518754,15.8522100165887,15.8865729592995,1.02801459187402
4.381,0.808951261442095,1.02801459187403,1.02800648777228,15.8954040572466,15.8522100165889,15.8865729592995,1.02801459187403
4.382,0.808951261442008,1.02801459187404,1.02800692528085,15.8949625023493,15.8522100165891,15.8865729592995,1.02801459187404
4.383,0.808951261441921,1.02801459187404,1.02800731929331,15.8945430251968,15.8522100165894,15.8865729592995,1.02801459187404
4.384,0.808951261441835,1.02801459187405,1.02800767212859,15.8941445219019,15.8522100165896,15.8865729592995,1.02801459187405
4.385,0.80895126144175,1.02801459187406,1.02800798598873,15.8937659437718,15.8522100165898,15.8865729592995,1.02801459187406
4.386,0.808951261441665,1.02801459187407,1.0280082629647,15.8934062945482,15.85221001659,15.8865729592995,1.02801459187407
4.387,0.80895126144158,1.02801459187407,1.028008505042,15.8930646277858,15.8522100165903,15.8865729592995,1.02801459187407
4.388,0.808951261441496,1.02801459187408,1.02800871410589,15.8927400443614,15.8522100165905,15.8865729592995,1.02801459187408
4.389,0.808951261441413,1.02801459187409,1.02800889194643,15.8924316901083,15.8522100165907,15.8865729592995,1.02801459187409
4.39,0.80895126144133,1.0280145918741,1.02800904026326,15.8921387535679,15.8522100165909,15.8865729592995,1.0280145918741
4.391,0.808951261441248,1.0280145918741,1.02800916067012,15.8918604638545,15.8522100165912,15.8865729592995,1.0280145918741
4.392,0.808951261441167,1.02801459187411,1.02800925469912,15.8915960886267,15.8522100165914,15.8865729592995,1.02801459187411
4.393,0.808951261441086,1.02801459187412,1.02800932380487,15.8913449321604,15.8522100165916,15.8865729592995,1.02801459187412
4.394,0.808951261441005,1.02801459187412,1.02800936936836,15.8911063335173,15.8522100165918,15.8865729592995,1.02801459187412
4.395,0.808951261440925,1.02801459187413,1.0280093927006,15.8908796648064,15.852210016592,15.8865729592995,1.02801459187413
4.396,0.808951261440846,1.02801459187414,1.02800939504619,15.8906643295311,15.8522100165922,15.8865729592995,1.02801459187414
4.397,0.808951261440767,1.02801459187414,1.02800937758658,15.8904597610195,15.8522100165924,15.8865729592995,1.02801459187414
4.398,0.808951261440688,1.02801459187415,1.02800934144329,15.8902654209335,15.8522100165927,15.8865729592995,1.02801459187415
4.399,0.80895126144061,1.02801459187416,1.02800928768088,15.8900807978518,15.8522100165929,15.8865729592995,1.02801459187416
4.4,0.808951261440533,1.02801459187416,1.02800921730981,15.8899054059242,15.8522100165931,15.8865729592995,1.02801459187416
4.401,0.808951261440456,1.02801459187417,1.02800913128917,15.889738783593,15.8522100165933,15.8865729592995,1.02801459187417
4.402,0.80895126144038,1.02801459187418,1.02800903052922,15.8895804923783,15.8522100165935,15.8865729592995,1.02801459187418
4.403,0.808951261440304,1.02801459187418,1.02800891589385,15.8894301157244,15.8522100165937,15.8865729592995,1.02801459187418
4.404,0.808951261440228,1.02801459187419,1.02800878820294,15.8892872579031,15.8522100165939,15.8865729592995,1.02801459187419
4.405,0.808951261440154,1.0280145918742,1.02800864823451,15.8891515429729,15.8522100165941,15.8865729592995,1.0280145918742
4.406,0.808951261440079,1.0280145918742,1.02800849672684,15.8890226137893,15.8522100165943,15.8865729592995,1.0280145918742
4.407,0.808951261440005,1.02801459187421,1.02800833438049,15.8889001310648,15.8522100165945,15.8865729592995,1.02801459187421
4.408,0.808951261439932,1.02801459187422,1.02800816186014,15.8887837724765,15.8522100165947,15.8865729592995,1.02801459187422
4.409,0.808951261439859,1.02801459187422,1.02800797979644,15.8886732318177,15.8522100165949,15.8865729592995,1.02801459187422
4.41,0.808951261439787,1.02801459187423,1.02800778878769,15.8885682181918,15.8522100165951,15.8865729592995,1.02801459187423
4.411,0.808951261439715,1.02801459187424,1.02800758940145,15.8884684552472,15.8522100165953,15.8865729592995,1.02801459187424
4.412,0.808951261439643,1.02801459187424,1.02800738217614,15.8883736804498,15.8522100165954,15.8865729592995,1.02801459187424
4.413,0.808951261439573,1.02801459187425,1.02800716762241,15.8882836443923,15.8522100165956,15.8865729592995,1.02801459187425
4.414,0.808951261439502,1.02801459187425,1.02800694622462,15.8881981101376,15.8522100165958,15.8865729592995,1.02801459187425
4.415,0.808951261439432,1.02801459187426,1.02800671844213,15.8881168525957,15.852210016596,15.8865729592995,1.02801459187426
4.416,0.808951261439363,1.02801459187427,1.02800648471052,15.8880396579309,15.8522100165962,15.8865729592995,1.02801459187427
4.417,0.808951261439294,1.02801459187427,1.02800624544285,15.8879663229993,15.8522100165964,15.8865729592995,1.02801459187427
4.418,0.808951261439225,1.02801459187428,1.02800600103073,15.8878966548144,15.8522100165966,15.8865729592995,1.02801459187428
4.419,0.808951261439157,1.02801459187428,1.02800575184544,15.8878304700386,15.8522100165968,15.8865729592995,1.02801459187428
4.42,0.808951261439089,1.02801459187429,1.02800549823893,15.8877675945017,15.8522100165969,15.8865729592995,1.02801459187429
4.421,0.808951261439022,1.0280145918743,1.02800524054479,15.8877078627416,15.8522100165971,15.8865729592995,1.0280145918743
4.422,0.808951261438955,1.0280145918743,1.0280049790792,15.8876511175695,15.8522100165973,15.8865729592995,1.0280145918743
4.423,0.808951261438889,1.02801459187431,1.02800471414177,15.887597209656,15.8522100165975,15.8865729592995,1.02801459187431
4.424,0.808951261438823,1.02801459187431,1.02800444601639,15.8875459971381,15.8522100165976,15.8865729592995,1.02801459187431
4.425,0.808951261438757,1.02801459187432,1.02800417497203,15.8874973452462,15.8522100165978,15.8865729592995,1.02801459187432
4.426,0.808951261438692,1.02801459187432,1.02800390126346,15.8874511259489,15.852210016598,15.8865729592995,1.02801459187432
4.427,0.808951261438627,1.02801459187433,1.02800362513201,15.8874072176164,15.8522100165982,15.8865729592995,1.02801459187433
4.428,0.808951261438563,1.02801459187434,1.02800334680621,15.8873655047006,15.8522100165983,15.8865729592995,1.02801459187434
4.429,0.808951261438499,1.02801459187434,1.02800306650245,15.8873258774305,15.8522100165985,15.8865729592995,1.02801459187434
4.43,0.808951261438436,1.02801459187435,1.0280027844256,15.887288231524,15.8522100165987,15.8865729592995,1.02801459187435
4.431,0.808951261438373,1.02801459187435,1.02800250076955,15.8872524679127,15.8522100165989,15.8865729592995,1.02801459187435
4.432,0.808951261438311,1.02801459187436,1.02800221571783,15.8872184924821,15.852210016599,15.8865729592995,1.02801459187436
4.433,0.808951261438249,1.02801459187436,1.02800192944407,15.887186215823,15.8522100165992,15.8865729592995,1.02801459187436
4.434,0.808951261438187,1.02801459187437,1.02800164211254,15.8871555529968,15.8522100165993,15.8865729592995,1.02801459187437
4.435,0.808951261438126,1.02801459187437,1.0280013538786,15.8871264233119,15.8522100165995,15.8865729592995,1.02801459187437
4.436,0.808951261438065,1.02801459187438,1.02800106488918,15.8870987501113,15.8522100165997,15.8865729592995,1.02801459187438
4.437,0.808951261438005,1.02801459187438,1.02800077528315,15.8870724605707,15.8522100165998,15.8865729592995,1.02801459187438
4.438,0.808951261437945,1.02801459187439,1.02800048519179,15.8870474855072,15.8522100166,15.8865729592995,1.02801459187439
4.439,0.808951261437885,1.02801459187439,1.02800019473914,15.8870237591968,15.8522100166002,15.8865729592995,1.02801459187439
4.44,0.808951261437826,1.0280145918744,1.02799990404236,15.8870012192019,15.8522100166003,15.9881362432722,1.0280145918744
4.441,0.808951261437767,1.0280145918744,1.02799961321211,15.8920579704054,15.8522100166005,15.9884557012532,1.0280145918744
4.442,0.808951261437709,1.02801459187441,1.02799978904191,15.8968778569478,15.8522100166006,15.9887515069121,1.02801459187441
4.443,0.808951261437651,1.02801459187441,1.02800040665255,15.901471539446,15.8522100166008,15.8874870906786,1.02801459187441
4.444,0.808951261437593,1.02801459187442,1.02800144231043,15.9007723170077,15.8522100166009,15.8874870906786,1.02801459187442
4.445,0.808951261437536,1.02801459187442,1.02800240680459,15.9001080556912,15.8522100166011,15.8874870906786,1.02801459187442
4.446,0.808951261437479,1.02801459187443,1.02800330382241,15.8994770074406,15.8522100166012,15.8874870906786,1.02801459187443
4.447,0.808951261437422,1.02801459187443,1.02800413686607,15.8988775116025,15.8522100166014,15.8874870906786,1.02801459187443
4.448,0.808951261437366,1.02801459187444,1.02800490926175,15.8983079905563,15.8522100166015,15.8874870906786,1.02801459187444
4.449,0.80895126143731,1.02801459187444,1.0280056241685,15.8977669455624,15.8522100166017,15.8874870906786,1.02801459187444
4.45,0.808951261437255,1.02801459187445,1.02800628458656,15.8972529528182,15.8522100166018,15.8874870906786,1.02801459187445
4.451,0.8089512614372,1.02801459187445,1.02800689336531,15.8967646597112,15.852210016602,15.8874870906786,1.02801459187445
4.452,0.808951261437145,1.02801459187446,1.02800745321084,15.8963007812596,15.8522100166021,15.8874870906786,1.02801459187446
4.453,0.808951261437091,1.02801459187446,1.02800796669311,15.8958600967305,15.8522100166023,15.8874870906786,1.02801459187446
4.454,0.808951261437037,1.02801459187447,1.02800843625276,15.8954414464279,15.8522100166024,15.8874870906786,1.02801459187447
4.455,0.808951261436983,1.02801459187447,1.02800886420758,15.8950437286405,15.8522100166026,15.8874870906786,1.02801459187447
4.456,0.80895126143693,1.02801459187448,1.02800925275864,15.8946658967424,15.8522100166027,15.8874870906786,1.02801459187448
4.457,0.808951261436877,1.02801459187448,1.02800960399619,15.8943069564392,15.8522100166029,15.8874870906786,1.02801459187448
4.458,0.808951261436825,1.02801459187449,1.02800991990513,15.8939659631512,15.852210016603,15.8874870906786,1.02801459187449
4.459,0.808951261436773,1.02801459187449,1.02801020237034,15.8936420195275,15.8522100166031,15.8874870906786,1.02801459187449
4.46,0.808951261436721,1.0280145918745,1.02801045318166,15.8933342730851,15.8522100166033,15.8874870906786,1.0280145918745
4.461,0.80895126143667,1.0280145918745,1.02801067403866,15.8930419139648,15.8522100166034,15.8874870906786,1.0280145918745
4.462,0.808951261436618,1.0280145918745,1.02801086655514,15.8927641728004,15.8522100166035,15.8874870906786,1.0280145918745
4.463,0.808951261436568,1.02801459187451,1.02801103226345,15.8925003186944,15.8522100166037,15.8874870906786,1.02801459187451
4.464,0.808951261436517,1.02801459187451,1.02801117261855,15.8922496572936,15.8522100166038,15.8874870906786,1.02801459187451
4.465,0.808951261436467,1.02801459187452,1.02801128900188,15.8920115289628,15.852210016604,15.8874870906786,1.02801459187452
4.466,0.808951261436417,1.02801459187452,1.02801138272506,15.8917853070486,15.8522100166041,15.8874870906786,1.02801459187452
4.467,0.808951261436368,1.02801459187453,1.02801145503336,15.8915703962301,15.8522100166042,15.8874870906786,1.02801459187453
4.468,0.808951261436319,1.02801459187453,1.02801150710906,15.8913662309525,15.8522100166043,15.8874870906786,1.02801459187453
4.469,0.80895126143627,1.02801459187453,1.02801154007457,15.8911722739388,15.8522100166045,15.8874870906786,1.02801459187453
4.47,0.808951261436222,1.02801459187454,1.02801155499544,15.8909880147758,15.8522100166046,15.8874870906786,1.02801459187454
4.471,0.808951261436174,1.02801459187454,1.02801155288321,15.890812968571,15.8522100166047,15.8874870906786,1.02801459187454
4.472,0.808951261436126,1.02801459187455,1.02801153469812,15.8906466746763,15.8522100166049,15.8874870906786,1.02801459187455
4.473,0.808951261436078,1.02801459187455,1.02801150135166,15.8904886954764,15.852210016605,15.8874870906786,1.02801459187455
4.474,0.808951261436031,1.02801459187456,1.02801145370904,15.8903386152366,15.8522100166051,15.8874870906786,1.02801459187456
4.475,0.808951261435984,1.02801459187456,1.0280113925915,15.8901960390087,15.8522100166052,15.8874870906786,1.02801459187456
4.476,0.808951261435938,1.02801459187456,1.02801131877849,15.8900605915921,15.8522100166054,15.8874870906786,1.02801459187456
4.477,0.808951261435892,1.02801459187457,1.0280112330098,15.8899319165465,15.8522100166055,15.8874870906786,1.02801459187457
4.478,0.808951261435846,1.02801459187457,1.02801113598751,15.8898096752531,15.8522100166056,15.8874870906786,1.02801459187457
4.479,0.8089512614358,1.02801459187458,1.02801102837793,15.8896935460243,15.8522100166057,15.8874870906786,1.02801459187458
4.48,0.808951261435755,1.02801459187458,1.02801091081333,15.8895832232571,15.8522100166059,15.8874870906786,1.02801459187458
4.481,0.80895126143571,1.02801459187458,1.02801078389371,15.8894784166281,15.852210016606,15.8874870906786,1.02801459187458
4.482,0.808951261435665,1.02801459187459,1.02801064818838,15.8893788503307,15.8522100166061,15.8874870906786,1.02801459187459
4.483,0.808951261435621,1.02801459187459,1.02801050423749,15.8892842623481,15.8522100166062,15.8874870906786,1.02801459187459
4.484,0.808951261435577,1.02801459187459,1.02801035255353,15.8891944037646,15.8522100166063,15.8874870906786,1.02801459187459
4.485,0.808951261435533,1.0280145918746,1.02801019362269,15.8891090381103,15.8522100166065,15.8874870906786,1.0280145918746
4.486,0.808951261435489,1.0280145918746,1.02801002790619,15.8890279407387,15.8522100166066,15.8874870906786,1.0280145918746
4.487,0.808951261435446,1.02801459187461,1.02800985584152,15.8889508982357,15.8522100166067,15.8874870906786,1.02801459187461
4.488,0.808951261435403,1.02801459187461,1.02800967784366,15.8888777078578,15.8522100166068,15.8874870906786,1.02801459187461
4.489,0.80895126143536,1.02801459187461,1.02800949430618,15.8888081769989,15.8522100166069,15.8874870906786,1.02801459187461
4.49,0.808951261435318,1.02801459187462,1.02800930560231,15.8887421226829,15.852210016607,15.8874870906786,1.02801459187462
4.491,0.808951261435276,1.02801459187462,1.028009112086,15.8886793710826,15.8522100166071,15.8874870906786,1.02801459187462
4.492,0.808951261435234,1.02801459187462,1.02800891409285,15.8886197570624,15.8522100166073,15.8874870906786,1.02801459187462
4.493,0.808951261435192,1.02801459187463,1.02800871194107,15.8885631237432,15.8522100166074,15.8874870906786,1.02801459187463
4.494,0.808951261435151,1.02801459187463,1.02800850593229,15.88850932209,15.8522100166075,15.8874870906786,1.02801459187463
4.495,0.80895126143511,1.02801459187463,1.02800829635248,15.8884582105194,15.8522100166076,15.8874870906786,1.02801459187463
4.496,0.808951261435069,1.02801459187464,1.02800808347265,15.8884096545274,15.8522100166077,15.8874870906786,1.02801459187464
4.497,0.808951261435029,1.02801459187464,1.02800786754967,15.888363526335,15.8522100166078,15.8874870906786,1.02801459187464
4.498,0.808951261434989,1.02801459187465,1.02800764882695,15.8883197045521,15.8522100166079,15.8874870906786,1.02801459187465
4.499,0.808951261434949,1.02801459187465,1.0280074275351,15.8882780738585,15.852210016608,15.8874870906786,1.02801459187465
4.5,0.808951261434909,1.02801459187465,1.02800720389262,15.8882385246995,15.8522100166081,15.8874870906786,1.02801459187465
4.501,0.80895126143487,1.02801459187466,1.02800697810649,15.8882009529984,15.8522100166082,15.8874870906786,1.02801459187466
4.502,0.808951261434831,1.02801459187466,1.02800675037271,15.8881652598824,15.8522100166083,15.8874870906786,1.02801459187466
4.503,0.808951261434792,1.02801459187466,1.02800652087691,15.8881313514222,15.8522100166084,15.8874870906786,1.02801459187466
4.504,0.808951261434753,1.02801459187467,1.02800628979487,15.888099138385,15.8522100166085,15.8874870906786,1.02801459187467
4.505,0.808951261434715,1.02801459187467,1.02800605729295,15.8880685359997,15.8522100166086,15.8874870906786,1.02801459187467
4.506,0.808951261434677,1.02801459187467,1.02800582352866,15.8880394637337,15.8522100166087,15.8874870906786,1.02801459187467
4.507,0.808951261434639,1.02801459187468,1.02800558865102,15.8880118450809,15.8522100166088,15.8874870906786,1.02801459187468
4.508,0.808951261434602,1.02801459187468,1.02800535280104,15.8879856073608,15.8522100166089,15.8874870906786,1.02801459187468
4.509,0.808951261434564,1.02801459187468,1.02800511611212,15.8879606815267,15.852210016609,15.8874870906786,1.02801459187468
4.51,0.808951261434527,1.02801459187469,1.02800487871042,15.8879370019843,15.8522100166091,15.8874870906786,1.02801459187469
4.511,0.80895126143449,1.02801459187469,1.02800464071522,15.887914506419,15.8522100166092,15.8874870906786,1.02801459187469
4.512,0.808951261434454,1.02801459187469,1.02800440223928,15.887893135632,15.8522100166093,15.8874870906786,1.02801459187469
4.513,0.808951261434417,1.02801459187469,1.02800416338918,15.8878728333843,15.8522100166094,15.8874870906786,1.02801459187469
4.514,0.808951261434381,1.0280145918747,1.02800392426562,15.887853546249,15.8522100166095,15.8874870906786,1.0280145918747
4.515,0.808951261434345,1.0280145918747,1.02800368496371,15.8878352234705,15.8522100166096,15.8874870906786,1.0280145918747
4.516,0.80895126143431,1.0280145918747,1.02800344557325,15.8878178168309,15.8522100166097,15.8874870906786,1.0280145918747
4.517,0.808951261434274,1.02801459187471,1.02800320617905,15.8878012805233,15.8522100166098,15.8874870906786,1.02801459187471
4.518,0.808951261434239,1.02801459187471,1.0280029668611,15.887785571031,15.8522100166099,15.8874870906786,1.02801459187471
4.519,0.808951261434204,1.02801459187471,1.02800272769488,15.8877706470134,15.85221001661,15.8874870906786,1.02801459187471
4.52,0.80895126143417,1.02801459187472,1.02800248875157,15.8877564691967,15.8522100166101,15.8874870906786,1.02801459187472
4.521,0.808951261434135,1.02801459187472,1.02800225009825,15.8877430002708,15.8522100166102,15.8874870906786,1.02801459187472
4.522,0.808951261434101,1.02801459187472,1.02800201179815,15.8877302047912,15.8522100166103,15.8874870906786,1.02801459187472
4.523,0.808951261434067,1.02801459187473,1.0280017739108,15.8877180490855,15.8522100166104,15.8874870906786,1.02801459187473
4.524,0.808951261434033,1.02801459187473,1.02800153649224,15.8877065011652,15.8522100166105,15.8874870906786,1.02801459187473
4.525,0.808951261434,1.02801459187473,1.02800129959521,15.8876955306409,15.8522100166105,15.8874870906786,1.02801459187473
4.526,0.808951261433967,1.02801459187473,1.02800106326928,15.8876851086427,15.8522100166106,15.8874870906786,1.02801459187473
4.527,0.808951261433933,1.02801459187474,1.02800082756107,15.8876752077445,15.8522100166107,15.8874870906786,1.02801459187474
4.528,0.808951261433901,1.02801459187474,1.02800059251434,15.8876658018912,15.8522100166108,15.8874870906786,1.02801459187474
4.529,0.808951261433868,1.02801459187474,1.02800035817018,15.8876568663306,15.8522100166109,15.8874870906786,1.02801459187474
4.53,0.808951261433836,1.02801459187475,1.02800012456712,15.887648377548,15.852210016611,15.8874870906786,1.02801459187475
4.531,0.808951261433803,1.02801459187475,1.0279998917413,15.8876403132045,15.8522100166111,15.9890509992895,1.02801459187475
4.532,0.808951261433771,1.02801459187475,1.02799965972652,15.8927108475088,15.8522100166112,15.9893674725415,1.02801459187475
4.533,0.80895126143374,1.02801459187475,1.02799989524637,15.8975436787604,15.8522100166113,15.9896602401011,1.02801459187475
4.534,0.808951261433708,1.02801459187476,1.02800057333876,15.9021495068275,15.8522100166113,15.8884012006667,1.02801459187476
4.535,0.808951261433677,1.02801459187476,1.02800167019137,15.9014620915194,15.8522100166114,15.8884012006667,1.02801459187476
4.536,0.808951261433645,1.02801459187476,1.02800269655738,15.9008090469768,15.8522100166115,15.8884012006667,1.02801459187476
4.537,0.808951261433615,1.02801459187476,1.02800365606542,15.9001886546613,15.8522100166116,15.8884012006667,1.02801459187476
4.538,0.808951261433584,1.02801459187477,1.02800455216198,15.8995992819615,15.8522100166117,15.8884012006667,1.02801459187477
4.539,0.808951261433553,1.02801459187477,1.02800538812054,15.8990393778968,15.8522100166117,15.8884012006667,1.02801459187477
4.54,0.808951261433523,1.02801459187477,1.02800616705022,15.8985074690353,15.8522100166118,15.8884012006667,1.02801459187477
4.541,0.808951261433493,1.02801459187478,1.02800689190401,15.8980021556169,15.8522100166119,15.8884012006667,1.02801459187478
4.542,0.808951261433463,1.02801459187478,1.02800756548656,15.8975221078694,15.852210016612,15.8884012006667,1.02801459187478
4.543,0.808951261433433,1.02801459187478,1.02800819046164,15.8970660625092,15.8522100166121,15.8884012006667,1.02801459187478
4.544,0.808951261433404,1.02801459187478,1.02800876935912,15.8966328194171,15.8522100166122,15.8884012006667,1.02801459187478
4.545,0.808951261433374,1.02801459187479,1.02800930458176,15.8962212384796,15.8522100166122,15.8884012006667,1.02801459187479
4.546,0.808951261433345,1.02801459187479,1.02800979841149,15.8958302365889,15.8522100166123,15.8884012006667,1.02801459187479
4.547,0.808951261433316,1.02801459187479,1.0280102530155,15.8954587847928,15.8522100166124,15.8884012006667,1.02801459187479
4.548,0.808951261433287,1.02801459187479,1.02801067045198,15.8951059055865,15.8522100166125,15.8884012006667,1.02801459187479
4.549,0.808951261433259,1.0280145918748,1.02801105267555,15.8947706703405,15.8522100166125,15.8884012006667,1.0280145918748
4.55,0.80895126143323,1.0280145918748,1.02801140154246,15.8944521968568,15.8522100166126,15.8884012006667,1.0280145918748
4.551,0.808951261433202,1.0280145918748,1.02801171881551,15.8941496470473,15.8522100166127,15.8884012006667,1.0280145918748
4.552,0.808951261433174,1.0280145918748,1.02801200616875,15.8938622247283,15.8522100166128,15.8884012006667,1.0280145918748
4.553,0.808951261433146,1.02801459187481,1.02801226519185,15.8935891735252,15.8522100166128,15.8884012006667,1.02801459187481
4.554,0.808951261433119,1.02801459187481,1.02801249739442,15.8933297748823,15.8522100166129,15.8884012006667,1.02801459187481
4.555,0.808951261433091,1.02801459187481,1.02801270420995,15.8930833461715,15.852210016613,15.8884012006667,1.02801459187481
4.556,0.808951261433064,1.02801459187481,1.02801288699962,15.8928492388963,15.8522100166131,15.8884012006667,1.02801459187481
4.557,0.808951261433037,1.02801459187481,1.02801304705597,15.8926268369848,15.8522100166131,15.8884012006667,1.02801459187481
4.558,0.80895126143301,1.02801459187482,1.0280131856063,15.8924155551689,15.8522100166132,15.8884012006667,1.02801459187482
4.559,0.808951261432983,1.02801459187482,1.02801330381591,15.8922148374438,15.8522100166133,15.8884012006667,1.02801459187482
4.56,0.808951261432957,1.02801459187482,1.02801340279127,15.8920241556049,15.8522100166133,15.8884012006667,1.02801459187482
4.561,0.808951261432931,1.02801459187482,1.02801348358292,15.891843007858,15.8522100166134,15.8884012006667,1.02801459187482
4.562,0.808951261432904,1.02801459187483,1.02801354718828,15.8916709174984,15.8522100166135,15.8884012006667,1.02801459187483
4.563,0.808951261432878,1.02801459187483,1.0280135945543,15.8915074316569,15.8522100166136,15.8884012006667,1.02801459187483
4.564,0.808951261432852,1.02801459187483,1.02801362658001,15.8913521201074,15.8522100166136,15.8884012006667,1.02801459187483
4.565,0.808951261432827,1.02801459187483,1.02801364411891,15.8912045741353,15.8522100166137,15.8884012006667,1.02801459187483
4.566,0.808951261432801,1.02801459187484,1.02801364798124,15.8910644054619,15.8522100166138,15.8884012006667,1.02801459187484
4.567,0.808951261432776,1.02801459187484,1.02801363893616,15.8909312452221,15.8522100166138,15.8884012006667,1.02801459187484
4.568,0.808951261432751,1.02801459187484,1.02801361771381,15.8908047429944,15.8522100166139,15.8884012006667,1.02801459187484
4.569,0.808951261432726,1.02801459187484,1.02801358500724,15.890684565878,15.852210016614,15.8884012006667,1.02801459187484
4.57,0.808951261432701,1.02801459187484,1.0280135414743,15.8905703976174,15.852210016614,15.8884012006667,1.02801459187484
4.571,0.808951261432676,1.02801459187485,1.02801348773939,15.8904619377699,15.8522100166141,15.8884012006667,1.02801459187485
4.572,0.808951261432652,1.02801459187485,1.02801342439512,15.8903589009147,15.8522100166142,15.8884012006667,1.02801459187485
4.573,0.808951261432627,1.02801459187485,1.02801335200395,15.8902610159023,15.8522100166142,15.8884012006667,1.02801459187485
4.574,0.808951261432603,1.02801459187485,1.02801327109964,15.8901680251405,15.8522100166143,15.8884012006667,1.02801459187485
4.575,0.808951261432579,1.02801459187485,1.02801318218874,15.8900796839168,15.8522100166144,15.8884012006667,1.02801459187485
4.576,0.808951261432555,1.02801459187486,1.02801308575191,15.8899957597543,15.8522100166144,15.8884012006667,1.02801459187486
4.577,0.808951261432532,1.02801459187486,1.02801298224528,15.8899160318,15.8522100166145,15.8884012006667,1.02801459187486
4.578,0.808951261432508,1.02801459187486,1.0280128721016,15.8898402902433,15.8522100166145,15.8884012006667,1.02801459187486
4.579,0.808951261432485,1.02801459187486,1.02801275573147,15.8897683357645,15.8522100166146,15.8884012006667,1.02801459187486
4.58,0.808951261432462,1.02801459187486,1.02801263352445,15.8896999790096,15.8522100166147,15.8884012006667,1.02801459187486
4.581,0.808951261432438,1.02801459187487,1.02801250585007,15.8896350400924,15.8522100166147,15.8884012006667,1.02801459187487
4.582,0.808951261432416,1.02801459187487,1.0280123730589,15.8895733481211,15.8522100166148,15.8884012006667,1.02801459187487
4.583,0.808951261432393,1.02801459187487,1.02801223548345,15.8895147407484,15.8522100166149,15.8884012006667,1.02801459187487
4.584,0.80895126143237,1.02801459187487,1.02801209343907,15.8894590637443,15.8522100166149,15.8884012006667,1.02801459187487
4.585,0.808951261432348,1.02801459187487,1.02801194722488,15.8894061705905,15.852210016615,15.8884012006667,1.02801459187487
4.586,0.808951261432325,1.02801459187488,1.02801179712451,15.8893559220943,15.852210016615,15.8884012006667,1.02801459187488
4.587,0.808951261432303,1.02801459187488,1.02801164340692,15.8893081860229,15.8522100166151,15.8884012006667,1.02801459187488
4.588,0.808951261432281,1.02801459187488,1.02801148632711,15.8892628367551,15.8522100166152,15.8884012006667,1.02801459187488
4.589,0.808951261432259,1.02801459187488,1.02801132612685,15.8892197549507,15.8522100166152,15.8884012006667,1.02801459187488
4.59,0.808951261432238,1.02801459187488,1.02801116303532,15.8891788272365,15.8522100166153,15.8884012006667,1.02801459187488
4.591,0.808951261432216,1.02801459187489,1.02801099726977,15.889139945908,15.8522100166153,15.8884012006667,1.02801459187489
4.592,0.808951261432195,1.02801459187489,1.02801082903608,15.8891030086459,15.8522100166154,15.8884012006667,1.02801459187489
4.593,0.808951261432173,1.02801459187489,1.02801065852938,15.889067918247,15.8522100166154,15.8884012006667,1.02801459187489
4.594,0.808951261432152,1.02801459187489,1.02801048593454,15.8890345823679,15.8522100166155,15.8884012006667,1.02801459187489
4.595,0.808951261432131,1.02801459187489,1.02801031142672,15.8890029132829,15.8522100166156,15.8884012006667,1.02801459187489
4.596,0.80895126143211,1.0280145918749,1.02801013517187,15.8889728276521,15.8522100166156,15.8884012006667,1.0280145918749
4.597,0.80895126143209,1.0280145918749,1.02800995732715,15.8889442463028,15.8522100166157,15.8884012006667,1.0280145918749
4.598,0.808951261432069,1.0280145918749,1.02800977804139,15.888917094021,15.8522100166157,15.8884012006667,1.0280145918749
4.599,0.808951261432049,1.0280145918749,1.02800959745555,15.8888912993533,15.8522100166158,15.8884012006667,1.0280145918749
4.6,0.808951261432028,1.0280145918749,1.02800941570306,15.888866794419,15.8522100166158,15.8884012006667,1.0280145918749
4.601,0.808951261432008,1.0280145918749,1.02800923291022,15.8888435147313,15.8522100166159,15.8884012006667,1.0280145918749
4.602,0.808951261431988,1.02801459187491,1.02800904919657,15.8888213990281,15.8522100166159,15.8884012006667,1.02801459187491
4.603,0.808951261431968,1.02801459187491,1.02800886467522,15.88880038911,15.852210016616,15.8884012006667,1.02801459187491
4.604,0.808951261431949,1.02801459187491,1.02800867945317,15.8887804296879,15.852210016616,15.8884012006667,1.02801459187491
4.605,0.808951261431929,1.02801459187491,1.02800849363165,15.8887614682368,15.8522100166161,15.8884012006667,1.02801459187491
4.606,0.808951261431909,1.02801459187491,1.02800830730636,15.8887434548583,15.8522100166162,15.8884012006667,1.02801459187491
4.607,0.80895126143189,1.02801459187491,1.02800812056778,15.8887263421487,15.8522100166162,15.8884012006667,1.02801459187491
4.608,0.808951261431871,1.02801459187492,1.02800793350145,15.8887100850746,15.8522100166163,15.8884012006667,1.02801459187492
4.609,0.808951261431852,1.02801459187492,1.02800774618819,15.8886946408542,15.8522100166163,15.8884012006667,1.02801459187492
4.61,0.808951261431833,1.02801459187492,1.02800755870434,15.8886799688449,15.8522100166164,15.8884012006667,1.02801459187492
4.611,0.808951261431814,1.02801459187492,1.02800737112201,15.8886660304359,15.8522100166164,15.8884012006667,1.02801459187492
4.612,0.808951261431795,1.02801459187492,1.02800718350927,15.8886527889475,15.8522100166165,15.8884012006667,1.02801459187492
4.613,0.808951261431776,1.02801459187492,1.02800699593038,15.8886402095334,15.8522100166165,15.8884012006667,1.02801459187492
4.614,0.808951261431758,1.02801459187493,1.02800680844595,15.8886282590901,15.8522100166165,15.8884012006667,1.02801459187493
4.615,0.808951261431739,1.02801459187493,1.02800662111315,15.8886169061689,15.8522100166166,15.8884012006667,1.02801459187493
4.616,0.808951261431721,1.02801459187493,1.0280064339859,15.8886061208938,15.8522100166166,15.8884012006667,1.02801459187493
4.617,0.808951261431703,1.02801459187493,1.02800624711498,15.8885958748825,15.8522100166167,15.8884012006667,1.02801459187493
4.618,0.808951261431685,1.02801459187493,1.02800606054824,15.8885861411717,15.8522100166167,15.8884012006667,1.02801459187493
4.619,0.808951261431667,1.02801459187493,1.02800587433075,15.8885768941464,15.8522100166168,15.8884012006667,1.02801459187493
4.62,0.80895126143165,1.02801459187494,1.02800568850489,15.8885681094724,15.8522100166168,15.8884012006667,1.02801459187494
4.621,0.808951261431632,1.02801459187494,1.02800550311056,15.8885597640322,15.8522100166169,15.8884012006667,1.02801459187494
4.622,0.808951261431614,1.02801459187494,1.02800531818522,15.8885518358639,15.8522100166169,15.8884012006667,1.02801459187494
4.623,0.808951261431597,1.02801459187494,1.02800513376412,15.888544304104,15.852210016617,15.8884012006667,1.02801459187494
4.624,0.80895126143158,1.02801459187494,1.02800494988031,15.8885371489322,15.852210016617,15.8884012006667,1.02801459187494
4.625,0.808951261431562,1.02801459187494,1.02800476656483,15.8885303515189,15.8522100166171,15.8884012006667,1.02801459187494
4.626,0.808951261431545,1.02801459187494,1.02800458384676,15.8885238939763,15.8522100166171,15.8884012006667,1.02801459187494
4.627,0.808951261431528,1.02801459187495,1.02800440175335,15.8885177593108,15.8522100166172,15.8884012006667,1.02801459187495
4.628,0.808951261431511,1.02801459187495,1.02800422031012,15.8885119313786,15.8522100166172,15.8884012006667,1.02801459187495
4.629,0.808951261431495,1.02801459187495,1.02800403954092,15.888506394843,15.8522100166173,15.8884012006667,1.02801459187495
4.63,0.808951261431478,1.02801459187495,1.02800385946803,15.8885011351342,15.8522100166173,15.8884012006667,1.02801459187495
4.631,0.808951261431461,1.02801459187495,1.02800368011225,15.8884961384108,15.8522100166174,15.8884012006667,1.02801459187495
4.632,0.808951261431445,1.02801459187495,1.02800350149298,15.8884913915236,15.8522100166174,15.8884012006667,1.02801459187495
4.633,0.808951261431429,1.02801459187495,1.02800332362825,15.8884868819808,15.8522100166174,15.8884012006667,1.02801459187495
4.634,0.808951261431412,1.02801459187496,1.02800314653486,15.8884825979151,15.8522100166175,15.8884012006667,1.02801459187496
4.635,0.808951261431396,1.02801459187496,1.02800297022838,15.8884785280526,15.8522100166175,15.8884012006667,1.02801459187496
4.636,0.80895126143138,1.02801459187496,1.02800279472325,15.8884746616833,15.8522100166176,15.8884012006667,1.02801459187496
4.637,0.808951261431365,1.02801459187496,1.02800262003283,15.8884709886325,15.8522100166176,15.8884012006667,1.02801459187496
4.638,0.808951261431349,1.02801459187496,1.02800244616945,15.8884674992342,15.8522100166176,15.8884012006667,1.02801459187496
4.639,0.808951261431333,1.02801459187496,1.02800227314449,15.8884641843058,15.8522100166177,15.8884012006667,1.02801459187496
4.64,0.808951261431318,1.02801459187496,1.02800210096838,15.8884610351239,15.8522100166177,15.8884012006667,1.02801459187496
4.641,0.808951261431302,1.02801459187497,1.0280019296507,15.888458043401,15.8522100166178,15.8884012006667,1.02801459187497
4.642,0.808951261431287,1.02801459187497,1.02800175920019,15.8884552012643,15.8522100166178,15.8884012006667,1.02801459187497
4.643,0.808951261431272,1.02801459187497,1.02800158962482,15.8884525012344,15.8522100166178,15.8884012006667,1.02801459187497
4.644,0.808951261431257,1.02801459187497,1.02800142093182,15.888449936206,15.8522100166179,15.8884012006667,1.02801459187497
4.645,0.808951261431242,1.02801459187497,1.02800125312771,15.8884474994291,15.8522100166179,15.8884012006667,1.02801459187497
4.646,0.808951261431227,1.02801459187497,1.02800108621836,15.888445184491,15.852210016618,15.8884012006667,1.02801459187497
4.647,0.808951261431212,1.02801459187497,1.02800092020898,15.8884429852997,15.852210016618,15.8884012006667,1.02801459187497
4.648,0.808951261431197,1.02801459187497,1.02800075510423,15.8884408960681,15.8522100166181,15.8884012006667,1.02801459187497
4.649,0.808951261431182,1.02801459187498,1.02800059090817,15.888438911298,15.8522100166181,15.8884012006667,1.02801459187498
4.65,0.808951261431168,1.02801459187498,1.02800042762436,15.8884370257665,15.8522100166181,15.8884012006667,1.02801459187498
4.651,0.808951261431153,1.02801459187498,1.02800026525581,15.8884352345115,15.8522100166182,15.8884012006667,1.02801459187498
4.652,0.808951261431139,1.02801459187498,1.02800010380511,15.8884335328192,15.8522100166182,15.8884012006667,1.02801459187498
4.653,0.808951261431125,1.02801459187498,1.02799994327435,15.8884319162116,15.8522100166183,15.9899624924699,1.02801459187498
4.654,0.808951261431111,1.02801459187498,1.02799978366524,15.8935084450245,15.8522100166183,15.9902752811695,1.02801459187498
4.655,0.808951261431097,1.02801459187498,1.02800009165894,15.8983467868318,15.8522100166183,15.889010592732,1.02801459187498
4.656,0.808951261431083,1.02801459187498,1.02800084224847,15.8978799771268,15.8522100166184,15.889010592732,1.02801459187498
4.657,0.808951261431069,1.02801459187499,1.02800154493372,15.897436507907,15.8522100166184,15.889010592732,1.02801459187499
4.658,0.808951261431055,1.02801459187499,1.02800220217907,15.8970152121483,15.8522100166184,15.889010592732,1.02801459187499
4.659,0.808951261431041,1.02801459187499,1.02800281632524,15.8966149811775,15.8522100166185,15.889010592732,1.02801459187499
4.66,0.808951261431028,1.02801459187499,1.02800338959541,15.8962347617552,15.8522100166185,15.889010592732,1.02801459187499
4.661,0.808951261431014,1.02801459187499,1.02800392410119,15.895873553304,15.8522100166185,15.889010592732,1.02801459187499
4.662,0.808951261431001,1.02801459187499,1.02800442184812,15.8955304052754,15.8522100166186,15.889010592732,1.02801459187499
4.663,0.808951261430988,1.02801459187499,1.02800488474105,15.8952044146483,15.8522100166186,15.889010592732,1.02801459187499
4.664,0.808951261430974,1.02801459187499,1.02800531458912,15.8948947235525,15.8522100166186,15.889010592732,1.02801459187499
4.665,0.808951261430961,1.02801459187499,1.02800571311058,15.8946005170114,15.8522100166187,15.889010592732,1.02801459187499
4.666,0.808951261430948,1.028014591875,1.0280060819373,15.8943210207975,15.8522100166187,15.889010592732,1.028014591875
4.667,0.808951261430935,1.028014591875,1.02800642261916,15.8940554993942,15.8522100166187,15.889010592732,1.028014591875
4.668,0.808951261430922,1.028014591875,1.0280067366281,15.8938032540611,15.8522100166188,15.889010592732,1.028014591875
4.669,0.808951261430909,1.028014591875,1.028007025362,15.8935636209946,15.8522100166188,15.889010592732,1.028014591875
4.67,0.808951261430897,1.028014591875,1.02800729014847,15.8933359695815,15.8522100166188,15.889010592732,1.028014591875
4.671,0.808951261430884,1.028014591875,1.02800753224826,15.893119700739,15.8522100166189,15.889010592732,1.028014591875
4.672,0.808951261430871,1.028014591875,1.02800775285871,15.8929142453387,15.8522100166189,15.889010592732,1.028014591875
4.673,0.808951261430859,1.028014591875,1.02800795311683,15.8927190627083,15.8522100166189,15.889010592732,1.028014591875
4.674,0.808951261430847,1.028014591875,1.0280081341024,15.8925336392095,15.852210016619,15.889010592732,1.028014591875
4.675,0.808951261430834,1.02801459187501,1.02800829684076,15.8923574868856,15.852210016619,15.889010592732,1.02801459187501
4.676,0.808951261430822,1.02801459187501,1.0280084423056,15.892190142178,15.8522100166191,15.889010592732,1.02801459187501
4.677,0.80895126143081,1.02801459187501,1.02800857142151,15.8920311647057,15.8522100166191,15.889010592732,1.02801459187501
4.678,0.808951261430798,1.02801459187501,1.02800868506644,15.891880136107,15.8522100166191,15.889010592732,1.02801459187501
4.679,0.808951261430786,1.02801459187501,1.02800878407403,15.8917366589382,15.8522100166192,15.889010592732,1.02801459187501
4.68,0.808951261430774,1.02801459187501,1.02800886923586,15.8916003556279,15.8522100166192,15.889010592732,1.02801459187501
4.681,0.808951261430762,1.02801459187501,1.02800894130351,15.8914708674831,15.8522100166192,15.889010592732,1.02801459187501
4.682,0.808951261430751,1.02801459187501,1.02800900099061,15.8913478537456,15.8522100166193,15.889010592732,1.02801459187501
4.683,0.808951261430739,1.02801459187501,1.02800904897469,15.8912309906949,15.8522100166193,15.889010592732,1.02801459187501
4.684,0.808951261430727,1.02801459187502,1.02800908589903,15.8911199707967,15.8522100166193,15.889010592732,1.02801459187502
4.685,0.808951261430716,1.02801459187502,1.02800911237435,15.8910145018935,15.8522100166194,15.889010592732,1.02801459187502
4.686,0.808951261430704,1.02801459187502,1.02800912898045,15.8909143064354,15.8522100166194,15.889010592732,1.02801459187502
4.687,0.808951261430693,1.02801459187502,1.02800913626778,15.8908191207502,15.8522100166194,15.889010592732,1.02801459187502
4.688,0.808951261430682,1.02801459187502,1.02800913475885,15.8907286943493,15.8522100166194,15.889010592732,1.02801459187502
4.689,0.808951261430671,1.02801459187502,1.02800912494969,15.8906427892685,15.8522100166195,15.889010592732,1.02801459187502
4.69,0.808951261430659,1.02801459187502,1.02800910731114,15.8905611794416,15.8522100166195,15.889010592732,1.02801459187502
4.691,0.808951261430648,1.02801459187502,1.02800908229016,15.8904836501062,15.8522100166195,15.889010592732,1.02801459187502
4.692,0.808951261430637,1.02801459187502,1.02800905031094,15.8904099972375,15.8522100166195,15.889010592732,1.02801459187502
4.693,0.808951261430627,1.02801459187502,1.02800901177614,15.8903400270122,15.8522100166196,15.889010592732,1.02801459187502
4.694,0.808951261430616,1.02801459187502,1.0280089670679,15.8902735552982,15.8522100166196,15.889010592732,1.02801459187502
4.695,0.808951261430605,1.02801459187503,1.02800891654888,15.8902104071699,15.8522100166196,15.889010592732,1.02801459187503
4.696,0.808951261430594,1.02801459187503,1.02800886056327,15.890150416448,15.8522100166197,15.889010592732,1.02801459187503
4.697,0.808951261430584,1.02801459187503,1.02800879943768,15.8900934252622,15.8522100166197,15.889010592732,1.02801459187503
4.698,0.808951261430573,1.02801459187503,1.02800873348205,15.8900392836357,15.8522100166197,15.889010592732,1.02801459187503
4.699,0.808951261430563,1.02801459187503,1.02800866299044,15.8899878490905,15.8522100166197,15.889010592732,1.02801459187503
4.7,0.808951261430552,1.02801459187503,1.02800858824188,15.8899389862726,15.8522100166198,15.889010592732,1.02801459187503
4.701,0.808951261430542,1.02801459187503,1.02800850950109,15.8898925665955,15.8522100166198,15.889010592732,1.02801459187503
4.702,0.808951261430532,1.02801459187503,1.02800842701923,15.8898484679023,15.8522100166198,15.889010592732,1.02801459187503
4.703,0.808951261430521,1.02801459187503,1.02800834103452,15.8898065741438,15.8522100166198,15.889010592732,1.02801459187503
4.704,0.808951261430511,1.02801459187503,1.02800825177296,15.8897667750732,15.8522100166199,15.889010592732,1.02801459187503
4.705,0.808951261430501,1.02801459187503,1.0280081594489,15.8897289659562,15.8522100166199,15.889010592732,1.02801459187503
4.706,0.808951261430491,1.02801459187504,1.02800806426563,15.889693047295,15.8522100166199,15.889010592732,1.02801459187504
4.707,0.808951261430481,1.02801459187504,1.02800796641595,15.8896589245668,15.85221001662,15.889010592732,1.02801459187504
4.708,0.808951261430471,1.02801459187504,1.02800786608268,15.8896265079751,15.85221001662,15.889010592732,1.02801459187504
4.709,0.808951261430462,1.02801459187504,1.02800776343918,15.8895957122129,15.85221001662,15.889010592732,1.02801459187504
4.71,0.808951261430452,1.02801459187504,1.02800765864981,15.8895664562389,15.85221001662,15.889010592732,1.02801459187504
4.711,0.808951261430442,1.02801459187504,1.02800755187037,15.8895386630635,15.8522100166201,15.889010592732,1.02801459187504
4.712,0.808951261430433,1.02801459187504,1.02800744324858,15.889512259547,15.8522100166201,15.889010592732,1.02801459187504
4.713,0.808951261430423,1.02801459187504,1.02800733292441,15.8894871762062,15.8522100166201,15.889010592732,1.02801459187504
4.714,0.808951261430414,1.02801459187504,1.02800722103055,15.8894633470325,15.8522100166201,15.889010592732,1.02801459187504
4.715,0.808951261430404,1.02801459187504,1.02800710769272,15.8894407093175,15.8522100166202,15.889010592732,1.02801459187504
4.716,0.808951261430395,1.02801459187504,1.02800699303005,15.8894192034882,15.8522100166202,15.889010592732,1.02801459187504
4.717,0.808951261430386,1.02801459187504,1.02800687715538,15.8893987729504,15.8522100166202,15.889010592732,1.02801459187504
4.718,0.808951261430376,1.02801459187505,1.02800676017563,15.8893793639395,15.8522100166203,15.889010592732,1.02801459187505
4.719,0.808951261430367,1.02801459187505,1.02800664219202,15.8893609253791,15.8522100166203,15.889010592732,1.02801459187505
4.72,0.808951261430358,1.02801459187505,1.02800652330045,15.8893434087467,15.8522100166203,15.889010592732,1.02801459187505
4.721,0.808951261430349,1.02801459187505,1.02800640359169,15.889326767946,15.8522100166203,15.889010592732,1.02801459187505
4.722,0.80895126143034,1.02801459187505,1.02800628315168,15.8893109591853,15.8522100166204,15.889010592732,1.02801459187505
4.723,0.808951261430331,1.02801459187505,1.02800616206177,15.8892959408626,15.8522100166204,15.889010592732,1.02801459187505
4.724,0.808951261430322,1.02801459187505,1.02800604039891,15.8892816734561,15.8522100166204,15.889010592732,1.02801459187505
4.725,0.808951261430314,1.02801459187505,1.02800591823596,15.8892681194199,15.8522100166204,15.889010592732,1.02801459187505
4.726,0.808951261430305,1.02801459187505,1.02800579564179,15.8892552430855,15.8522100166204,15.889010592732,1.02801459187505
4.727,0.808951261430296,1.02801459187505,1.02800567268156,15.8892430105678,15.8522100166205,15.889010592732,1.02801459187505
4.728,0.808951261430288,1.02801459187505,1.02800554941689,15.889231389676,15.8522100166205,15.889010592732,1.02801459187505
4.729,0.808951261430279,1.02801459187505,1.02800542590601,15.8892203498288,15.8522100166205,15.889010592732,1.02801459187505
4.73,0.808951261430271,1.02801459187505,1.02800530220396,15.889209861974,15.8522100166205,15.889010592732,1.02801459187505
4.731,0.808951261430262,1.02801459187506,1.02800517836274,15.8891998985119,15.8522100166205,15.889010592732,1.02801459187506
4.732,0.808951261430254,1.02801459187506,1.02800505443148,15.8891904332229,15.8522100166206,15.889010592732,1.02801459187506
4.733,0.808951261430245,1.02801459187506,1.02800493045656,15.8891814411983,15.8522100166206,15.889010592732,1.02801459187506
4.734,0.808951261430237,1.02801459187506,1.02800480648176,15.889172898775,15.8522100166206,15.889010592732,1.02801459187506
4.735,0.808951261430229,1.02801459187506,1.0280046825484,15.8891647834729,15.8522100166206,15.889010592732,1.02801459187506
4.736,0.808951261430221,1.02801459187506,1.02800455869545,15.8891570739358,15.8522100166206,15.889010592732,1.02801459187506
4.737,0.808951261430212,1.02801459187506,1.02800443495968,15.8891497498756,15.8522100166207,15.889010592732,1.02801459187506
4.738,0.808951261430204,1.02801459187506,1.02800431137572,15.8891427920185,15.8522100166207,15.889010592732,1.02801459187506
4.739,0.808951261430196,1.02801459187506,1.02800418797623,15.8891361820541,15.8522100166207,15.889010592732,1.02801459187506
4.74,0.808951261430188,1.02801459187506,1.02800406479193,15.889129902588,15.8522100166207,15.889010592732,1.02801459187506
4.741,0.80895126143018,1.02801459187506,1.02800394185177,15.8891239370952,15.8522100166208,15.889010592732,1.02801459187506
4.742,0.808951261430173,1.02801459187506,1.02800381918297,15.8891182698771,15.8522100166208,15.889010592732,1.02801459187506
4.743,0.808951261430165,1.02801459187506,1.02800369681115,15.8891128860198,15.8522100166208,15.889010592732,1.02801459187506
4.744,0.808951261430157,1.02801459187506,1.02800357476035,15.8891077713554,15.8522100166208,15.889010592732,1.02801459187506
4.745,0.808951261430149,1.02801459187506,1.02800345305318,15.8891029124242,15.8522100166208,15.889010592732,1.02801459187506
4.746,0.808951261430142,1.02801459187507,1.02800333171085,15.8890982964396,15.8522100166209,15.889010592732,1.02801459187507
4.747,0.808951261430134,1.02801459187507,1.02800321075326,15.8890939112542,15.8522100166209,15.889010592732,1.02801459187507
4.748,0.808951261430127,1.02801459187507,1.02800309019905,15.8890897453281,15.8522100166209,15.889010592732,1.02801459187507
4.749,0.808951261430119,1.02801459187507,1.02800297006567,15.8890857876983,15.8522100166209,15.889010592732,1.02801459187507
4.75,0.808951261430112,1.02801459187507,1.02800285036948,15.88908202795,15.8522100166209,15.889010592732,1.02801459187507
4.751,0.808951261430104,1.02801459187507,1.02800273112574,15.8890784561891,15.852210016621,15.889010592732,1.02801459187507
4.752,0.808951261430097,1.02801459187507,1.0280026123487,15.8890750630163,15.852210016621,15.889010592732,1.02801459187507
4.753,0.80895126143009,1.02801459187507,1.02800249405168,15.889071839502,15.852210016621,15.889010592732,1.02801459187507
4.754,0.808951261430082,1.02801459187507,1.02800237624706,15.8890687771635,15.852210016621,15.889010592732,1.02801459187507
4.755,0.808951261430075,1.02801459187507,1.02800225894636,15.889065867942,15.852210016621,15.889010592732,1.02801459187507
4.756,0.808951261430068,1.02801459187507,1.02800214216032,15.8890631041815,15.8522100166211,15.889010592732,1.02801459187507
4.757,0.808951261430061,1.02801459187507,1.02800202589885,15.889060478609,15.8522100166211,15.889010592732,1.02801459187507
4.758,0.808951261430054,1.02801459187507,1.02800191017117,15.8890579843151,15.8522100166211,15.889010592732,1.02801459187507
4.759,0.808951261430047,1.02801459187507,1.02800179498578,15.889055614736,15.8522100166211,15.889010592732,1.02801459187507
4.76,0.80895126143004,1.02801459187507,1.02800168035052,15.8890533636358,15.8522100166211,15.889010592732,1.02801459187507
4.761,0.808951261430033,1.02801459187508,1.02800156627262,15.8890512250906,15.8522100166212,15.889010592732,1.02801459187508
4.762,0.808951261430026,1.02801459187508,1.0280014527587,15.8890491934727,15.8522100166212,15.889010592732,1.02801459187508
4.763,0.808951261430019,1.02801459187508,1.02800133981484,15.8890472634356,15.8522100166212,15.889010592732,1.02801459187508
4.764,0.808951261430013,1.02801459187508,1.02800122744656,15.8890454299004,15.8522100166212,15.889010592732,1.02801459187508
4.765,0.808951261430006,1.02801459187508,1.0280011156589,15.889043688042,15.8522100166212,15.889010592732,1.02801459187508
4.766,0.808951261429999,1.02801459187508,1.02800100445641,15.8890420332765,15.8522100166213,15.889010592732,1.02801459187508
4.767,0.808951261429993,1.02801459187508,1.0280008938432,15.8890404612493,15.8522100166213,15.889010592732,1.02801459187508
4.768,0.808951261429986,1.02801459187508,1.02800078382294,15.8890389678234,15.8522100166213,15.889010592732,1.02801459187508
4.769,0.808951261429979,1.02801459187508,1.0280006743989,15.8890375490689,15.8522100166213,15.889010592732,1.02801459187508
4.77,0.808951261429973,1.02801459187508,1.02800056557396,15.889036201252,15.8522100166213,15.889010592732,1.02801459187508
4.771,0.808951261429966,1.02801459187508,1.02800045735066,15.889034920826,15.8522100166214,15.889010592732,1.02801459187508
4.772,0.80895126142996,1.02801459187508,1.02800034973118,15.8890337044213,15.8522100166214,15.889010592732,1.02801459187508
4.773,0.808951261429954,1.02801459187508,1.02800024271737,15.8890325488368,15.8522100166214,15.889010592732,1.02801459187508
4.774,0.808951261429947,1.02801459187508,1.02800013631079,15.8890314510316,15.8522100166214,15.889010592732,1.02801459187508
4.775,0.808951261429941,1.02801459187508,1.02800003051269,15.8890304081166,15.8522100166214,15.889010592732,1.02801459187508
4.776,0.808951261429935,1.02801459187508,1.02799992532407,15.8890294173474,15.8522100166214,15.9905727960362,1.02801459187508
4.777,0.808951261429929,1.02801459187508,1.02799982074566,15.8941065862818,15.8522100166214,15.990882793055,1.02801459187508
4.778,0.808951261429922,1.02801459187508,1.02800018346202,15.8989453966205,15.8522100166215,15.889619981883,1.02801459187508
4.779,0.808951261429916,1.02801459187509,1.02800098845244,15.8984791258836,15.8522100166215,15.889619981883,1.02801459187509
4.78,0.80895126142991,1.02801459187509,1.02800174522545,15.8980361686836,15.8522100166215,15.889619981883,1.02801459187509
4.781,0.808951261429904,1.02801459187509,1.02800245624504,15.8976153593436,15.8522100166215,15.889619981883,1.02801459187509
4.782,0.808951261429898,1.02801459187509,1.02800312385163,15.8972155904705,15.8522100166215,15.889619981883,1.02801459187509
4.783,0.808951261429892,1.02801459187509,1.02800375026831,15.8968358100412,15.8522100166215,15.889619981883,1.02801459187509
4.784,0.808951261429886,1.02801459187509,1.02800433760662,15.8964750186333,15.8522100166215,15.889619981883,1.02801459187509
4.785,0.80895126142988,1.02801459187509,1.0280048878722,15.8961322667957,15.8522100166216,15.889619981883,1.02801459187509
4.786,0.808951261429875,1.02801459187509,1.02800540297006,15.8958066525501,15.8522100166216,15.889619981883,1.02801459187509
4.787,0.808951261429869,1.02801459187509,1.02800588470962,15.8954973190168,15.8522100166216,15.889619981883,1.02801459187509
4.788,0.808951261429863,1.02801459187509,1.02800633480947,15.8952034521601,15.8522100166216,15.889619981883,1.02801459187509
4.789,0.808951261429857,1.02801459187509,1.02800675490197,15.8949242786462,15.8522100166216,15.889619981883,1.02801459187509
4.79,0.808951261429852,1.02801459187509,1.02800714653748,15.8946590638081,15.8522100166216,15.889619981883,1.02801459187509
4.791,0.808951261429846,1.02801459187509,1.02800751118854,15.8944071097118,15.8522100166216,15.889619981883,1.02801459187509
4.792,0.80895126142984,1.02801459187509,1.02800785025373,15.8941677533204,15.8522100166217,15.889619981883,1.02801459187509
4.793,0.808951261429835,1.02801459187509,1.02800816506137,15.8939403647485,15.8522100166217,15.889619981883,1.02801459187509
4.794,0.808951261429829,1.02801459187509,1.02800845687301,15.8937243456052,15.8522100166217,15.889619981883,1.02801459187509
4.795,0.808951261429824,1.02801459187509,1.02800872688684,15.8935191274191,15.8522100166217,15.889619981883,1.02801459187509
4.796,0.808951261429818,1.02801459187509,1.0280089762408,15.8933241701423,15.8522100166217,15.889619981883,1.02801459187509
4.797,0.808951261429813,1.02801459187509,1.02800920601559,15.8931389607294,15.8522100166217,15.889619981883,1.02801459187509
4.798,0.808951261429807,1.02801459187509,1.02800941723761,15.892963011787,15.8522100166217,15.889619981883,1.02801459187509
4.799,0.808951261429802,1.02801459187509,1.02800961088156,15.8927958602918,15.8522100166217,15.889619981883,1.02801459187509
4.8,0.808951261429797,1.02801459187509,1.02800978787315,15.8926370663714,15.8522100166218,15.889619981883,1.02801459187509
4.801,0.808951261429791,1.0280145918751,1.02800994909145,15.892486212147,15.8522100166218,15.889619981883,1.0280145918751
4.802,0.808951261429786,1.0280145918751,1.02801009537128,15.8923429006338,15.8522100166218,15.889619981883,1.0280145918751
4.803,0.808951261429781,1.0280145918751,1.02801022750543,15.8922067546962,15.8522100166218,15.889619981883,1.0280145918751
4.804,0.808951261429776,1.0280145918751,1.02801034624672,15.8920774160556,15.8522100166218,15.889619981883,1.0280145918751
4.805,0.80895126142977,1.0280145918751,1.02801045231003,15.891954544347,15.8522100166218,15.889619981883,1.0280145918751
4.806,0.808951261429765,1.0280145918751,1.0280105463742,15.8918378162238,15.8522100166218,15.889619981883,1.0280145918751
4.807,0.80895126142976,1.0280145918751,1.02801062908383,15.8917269245067,15.8522100166219,15.889619981883,1.0280145918751
4.808,0.808951261429755,1.0280145918751,1.02801070105099,15.8916215773755,15.8522100166219,15.889619981883,1.0280145918751
4.809,0.80895126142975,1.0280145918751,1.02801076285684,15.8915214976009,15.8522100166219,15.889619981883,1.0280145918751
4.81,0.808951261429745,1.0280145918751,1.02801081505321,15.891426421815,15.8522100166219,15.889619981883,1.0280145918751
4.811,0.80895126142974,1.0280145918751,1.02801085816404,15.8913360998184,15.8522100166219,15.889619981883,1.0280145918751
4.812,0.808951261429735,1.0280145918751,1.02801089268676,15.8912502939217,15.8522100166219,15.889619981883,1.0280145918751
4.813,0.808951261429731,1.0280145918751,1.02801091909367,15.8911687783197,15.8522100166219,15.889619981883,1.0280145918751
4.814,0.808951261429726,1.0280145918751,1.02801093783316,15.8910913384979,15.852210016622,15.889619981883,1.0280145918751
4.815,0.808951261429721,1.0280145918751,1.02801094933091,15.8910177706671,15.852210016622,15.889619981883,1.0280145918751
4.816,0.808951261429716,1.0280145918751,1.02801095399105,15.8909478812279,15.852210016622,15.889619981883,1.0280145918751
4.817,0.808951261429711,1.0280145918751,1.0280109521972,15.8908814862607,15.852210016622,15.889619981883,1.0280145918751
4.818,0.808951261429707,1.0280145918751,1.02801094431353,15.8908184110418,15.852210016622,15.889619981883,1.0280145918751
4.819,0.808951261429702,1.0280145918751,1.02801093068574,15.8907584895839,15.852210016622,15.889619981883,1.0280145918751
4.82,0.808951261429697,1.0280145918751,1.02801091164194,15.8907015641988,15.852210016622,15.889619981883,1.0280145918751
4.821,0.808951261429693,1.0280145918751,1.0280108874936,15.890647485083,15.852210016622,15.889619981883,1.0280145918751
4.822,0.808951261429688,1.0280145918751,1.02801085853632,15.890596109923,15.8522100166221,15.889619981883,1.0280145918751
4.823,0.808951261429683,1.0280145918751,1.02801082505065,15.890547303521,15.8522100166221,15.889619981883,1.0280145918751
4.824,0.808951261429679,1.02801459187511,1.02801078730286,15.8905009374391,15.8522100166221,15.889619981883,1.02801459187511
4.825,0.808951261429674,1.02801459187511,1.02801074554562,15.8904568896613,15.8522100166221,15.889619981883,1.02801459187511
4.826,0.80895126142967,1.02801459187511,1.02801070001872,15.8904150442724,15.8522100166221,15.889619981883,1.02801459187511
4.827,0.808951261429665,1.02801459187511,1.02801065094969,15.890375291153,15.8522100166221,15.889619981883,1.02801459187511
4.828,0.808951261429661,1.02801459187511,1.02801059855444,15.8903375256895,15.8522100166221,15.889619981883,1.02801459187511
4.829,0.808951261429657,1.02801459187511,1.02801054303779,15.8903016484991,15.8522100166222,15.889619981883,1.02801459187511
4.83,0.808951261429652,1.02801459187511,1.02801048459411,15.8902675651683,15.8522100166222,15.889619981883,1.02801459187511
4.831,0.808951261429648,1.02801459187511,1.02801042340775,15.8902351860041,15.8522100166222,15.889619981883,1.02801459187511
4.832,0.808951261429644,1.02801459187511,1.02801035965362,15.890204425798,15.8522100166222,15.889619981883,1.02801459187511
4.833,0.808951261429639,1.02801459187511,1.02801029349762,15.8901752036023,15.8522100166222,15.889619981883,1.02801459187511
4.834,0.808951261429635,1.02801459187511,1.0280102250971,15.8901474425163,15.8522100166222,15.889619981883,1.02801459187511
4.835,0.808951261429631,1.02801459187511,1.02801015460132,15.8901210694846,15.8522100166222,15.889619981883,1.02801459187511
4.836,0.808951261429627,1.02801459187511,1.02801008215179,15.8900960151046,15.8522100166223,15.889619981883,1.02801459187511
4.837,0.808951261429623,1.02801459187511,1.02801000788274,15.8900722134435,15.8522100166223,15.889619981883,1.02801459187511
4.838,0.808951261429618,1.02801459187511,1.02800993192141,15.8900496018655,15.8522100166223,15.889619981883,1.02801459187511
4.839,0.808951261429614,1.02801459187511,1.02800985438846,15.8900281208663,15.8522100166223,15.889619981883,1.02801459187511
4.84,0.80895126142961,1.02801459187511,1.02800977539827,15.8900077139172,15.8522100166223,15.889619981883,1.02801459187511
4.841,0.808951261429606,1.02801459187511,1.02800969505926,15.8899883273155,15.8522100166223,15.889619981883,1.02801459187511
4.842,0.808951261429602,1.02801459187511,1.02800961347419,15.8899699100438,15.8522100166223,15.889619981883,1.02801459187511
4.843,0.808951261429598,1.02801459187511,1.02800953074045,15.8899524136358,15.8522100166224,15.889619981883,1.02801459187511
4.844,0.808951261429594,1.02801459187511,1.02800944695034,15.8899357920482,15.8522100166224,15.889619981883,1.02801459187511
4.845,0.80895126142959,1.02801459187511,1.02800936219128,15.8899200015399,15.8522100166224,15.889619981883,1.02801459187511
4.846,0.808951261429586,1.02801459187512,1.02800927654611,15.8899050005571,15.8522100166224,15.889619981883,1.02801459187512
4.847,0.808951261429583,1.02801459187512,1.02800919009331,15.8898907496234,15.8522100166224,15.889619981883,1.02801459187512
4.848,0.808951261429579,1.02801459187512,1.02800910290718,15.8898772112364,15.8522100166224,15.889619981883,1.02801459187512
4.849,0.808951261429575,1.02801459187512,1.0280090150581,15.8898643497687,15.8522100166224,15.889619981883,1.02801459187512
4.85,0.808951261429571,1.02801459187512,1.02800892661269,15.8898521313744,15.8522100166224,15.889619981883,1.02801459187512
4.851,0.808951261429567,1.02801459187512,1.02800883763404,15.8898405238998,15.8522100166224,15.889619981883,1.02801459187512
4.852,0.808951261429563,1.02801459187512,1.02800874818184,15.889829496799,15.8522100166224,15.889619981883,1.02801459187512
4.853,0.80895126142956,1.02801459187512,1.02800865831258,15.8898190210532,15.8522100166224,15.889619981883,1.02801459187512
4.854,0.808951261429556,1.02801459187512,1.02800856807972,15.8898090690947,15.8522100166224,15.889619981883,1.02801459187512
4.855,0.808951261429552,1.02801459187512,1.02800847753381,15.8897996147341,15.8522100166225,15.889619981883,1.02801459187512
4.856,0.808951261429549,1.02801459187512,1.02800838672268,15.8897906330916,15.8522100166225,15.889619981883,1.02801459187512
4.857,0.808951261429545,1.02801459187512,1.02800829569153,15.8897821005311,15.8522100166225,15.889619981883,1.02801459187512
4.858,0.808951261429541,1.02801459187512,1.02800820448311,15.8897739945987,15.8522100166225,15.889619981883,1.02801459187512
4.859,0.808951261429538,1.02801459187512,1.02800811313779,15.8897662939629,15.8522100166225,15.889619981883,1.02801459187512
4.86,0.808951261429534,1.02801459187512,1.02800802169375,15.8897589783589,15.8522100166225,15.889619981883,1.02801459187512
4.861,0.808951261429531,1.02801459187512,1.02800793018702,15.8897520285351,15.8522100166225,15.889619981883,1.02801459187512
4.862,0.808951261429527,1.02801459187512,1.02800783865164,15.8897454262025,15.8522100166225,15.889619981883,1.02801459187512
4.863,0.808951261429524,1.02801459187512,1.02800774711974,15.8897391539866,15.8522100166225,15.889619981883,1.02801459187512
4.864,0.80895126142952,1.02801459187512,1.02800765562162,15.8897331953814,15.8522100166225,15.889619981883,1.02801459187512
4.865,0.808951261429517,1.02801459187512,1.02800756418589,15.8897275347065,15.8522100166225,15.889619981883,1.02801459187512
4.866,0.808951261429513,1.02801459187512,1.02800747283951,15.8897221570653,15.8522100166225,15.889619981883,1.02801459187512
4.867,0.80895126142951,1.02801459187512,1.02800738160789,15.8897170483062,15.8522100166225,15.889619981883,1.02801459187512
4.868,0.808951261429507,1.02801459187512,1.02800729051498,15.889712194985,15.8522100166225,15.889619981883,1.02801459187512
4.869,0.808951261429503,1.02801459187512,1.02800719958333,15.8897075843299,15.8522100166225,15.889619981883,1.02801459187512
4.87,0.8089512614295,1.02801459187512,1.02800710883417,15.8897032042076,15.8522100166226,15.889619981883,1.02801459187512
4.871,0.808951261429497,1.02801459187512,1.02800701828747,15.8896990430914,15.8522100166226,15.889619981883,1.02801459187512
4.872,0.808951261429493,1.02801459187512,1.02800692796199,15.8896950900309,15.8522100166226,15.889619981883,1.02801459187512
4.873,0.80895126142949,1.02801459187512,1.0280068378754,15.8896913346235,15.8522100166226,15.889619981883,1.02801459187512
4.874,0.808951261429487,1.02801459187512,1.02800674804426,15.8896877669865,15.8522100166226,15.889619981883,1.02801459187512
4.875,0.808951261429484,1.02801459187512,1.02800665848412,15.8896843777313,15.8522100166226,15.889619981883,1.02801459187512
4.876,0.80895126142948,1.02801459187512,1.02800656920958,15.8896811579389,15.8522100166226,15.889619981883,1.02801459187512
4.877,0.808951261429477,1.02801459187512,1.02800648023429,15.8896780991361,15.8522100166226,15.889619981883,1.02801459187512
4.878,0.808951261429474,1.02801459187512,1.02800639157107,15.8896751932735,15.8522100166226,15.889619981883,1.02801459187512
4.879,0.808951261429471,1.02801459187512,1.02800630323188,15.889672432704,15.8522100166226,15.889619981883,1.02801459187512
4.88,0.808951261429468,1.02801459187512,1.02800621522792,15.8896698101629,15.8522100166226,15.889619981883,1.02801459187512
4.881,0.808951261429465,1.02801459187512,1.02800612756964,15.8896673187489,15.8522100166226,15.889619981883,1.02801459187512
4.882,0.808951261429462,1.02801459187512,1.02800604026678,15.8896649519056,15.8522100166226,15.889619981883,1.02801459187512
4.883,0.808951261429459,1.02801459187512,1.02800595332843,15.8896627034045,15.8522100166226,15.889619981883,1.02801459187512
4.884,0.808951261429456,1.02801459187512,1.02800586676303,15.8896605673284,15.8522100166227,15.889619981883,1.02801459187512
4.885,0.808951261429453,1.02801459187512,1.02800578057842,15.8896585380562,15.8522100166227,15.889619981883,1.02801459187512
4.886,0.80895126142945,1.02801459187512,1.02800569478188,15.8896566102475,15.8522100166227,15.889619981883,1.02801459187512
4.887,0.808951261429447,1.02801459187512,1.02800560938016,15.8896547788293,15.8522100166227,15.889619981883,1.02801459187512
4.888,0.808951261429444,1.02801459187512,1.02800552437946,15.889653038982,15.8522100166227,15.889619981883,1.02801459187512
4.889,0.808951261429441,1.02801459187512,1.02800543978555,15.889651386127,15.8522100166227,15.889619981883,1.02801459187512
4.89,0.808951261429438,1.02801459187512,1.02800535560369,15.8896498159148,15.8522100166227,15.889619981883,1.02801459187512
4.891,0.808951261429435,1.02801459187513,1.02800527183875,15.8896483242132,15.8522100166227,15.889619981883,1.02801459187513
4.892,0.808951261429432,1.02801459187513,1.02800518849514,15.8896469070967,15.8522100166227,15.889619981883,1.02801459187513
4.893,0.808951261429429,1.02801459187513,1.02800510557693,15.889645560836,15.8522100166227,15.889619981883,1.02801459187513
4.894,0.808951261429426,1.02801459187513,1.02800502308778,15.8896442818884,15.8522100166227,15.889619981883,1.02801459187513
4.895,0.808951261429423,1.02801459187513,1.02800494103103,15.8896430668881,15.8522100166227,15.889619981883,1.02801459187513
4.896,0.808951261429421,1.02801459187513,1.02800485940965,15.8896419126379,15.8522100166227,15.889619981883,1.02801459187513
4.897,0.808951261429418,1.02801459187513,1.02800477822635,15.8896408161001,15.8522100166227,15.889619981883,1.02801459187513
4.898,0.808951261429415,1.02801459187513,1.02800469748349,15.8896397743893,15.8522100166227,15.889619981883,1.02801459187513
4.899,0.808951261429412,1.02801459187513,1.02800461718318,15.889638784764,15.8522100166228,15.889619981883,1.02801459187513
4.9,0.80895126142941,1.02801459187513,1.02800453732726,15.8896378446199,15.8522100166228,15.889619981883,1.02801459187513
4.901,0.808951261429407,1.02801459187513,1.02800445791732,15.8896369514831,15.8522100166228,15.889619981883,1.02801459187513
4.902,0.808951261429404,1.02801459187513,1.02800437895469,15.8896361030031,15.8522100166228,15.889619981883,1.02801459187513
4.903,0.808951261429402,1.02801459187513,1.02800430044051,15.8896352969471,15.8522100166228,15.889619981883,1.02801459187513
4.904,0.808951261429399,1.02801459187513,1.02800422237567,15.8896345311939,15.8522100166228,15.889619981883,1.02801459187513
4.905,0.808951261429396,1.02801459187513,1.02800414476089,15.8896338037283,15.8522100166228,15.889619981883,1.02801459187513
4.906,0.808951261429394,1.02801459187513,1.0280040675967,15.8896331126361,15.8522100166228,15.889619981883,1.02801459187513
4.907,0.808951261429391,1.02801459187513,1.02800399088341,15.8896324560984,15.8522100166228,15.889619981883,1.02801459187513
4.908,0.808951261429388,1.02801459187513,1.02800391462121,15.8896318323876,15.8522100166228,15.889619981883,1.02801459187513
4.909,0.808951261429386,1.02801459187513,1.02800383881011,15.8896312398624,15.8522100166228,15.889619981883,1.02801459187513
4.91,0.808951261429383,1.02801459187513,1.02800376344996,15.8896306769634,15.8522100166228,15.889619981883,1.02801459187513
4.911,0.808951261429381,1.02801459187513,1.02800368854048,15.8896301422094,15.8522100166228,15.889619981883,1.02801459187513
4.912,0.808951261429378,1.02801459187513,1.02800361408125,15.8896296341931,15.8522100166228,15.889619981883,1.02801459187513
4.913,0.808951261429376,1.02801459187513,1.02800354007173,15.8896291515776,15.8522100166229,15.889619981883,1.02801459187513
4.914,0.808951261429373,1.02801459187513,1.02800346651126,15.8896286930929,15.8522100166229,15.889619981883,1.02801459187513
4.915,0.808951261429371,1.02801459187513,1.02800339339905,15.8896282575324,15.8522100166229,15.889619981883,1.02801459187513
4.916,0.808951261429368,1.02801459187513,1.02800332073423,15.8896278437499,15.8522100166229,15.889619981883,1.02801459187513
4.917,0.808951261429366,1.02801459187513,1.02800324851581,15.8896274506566,15.8522100166229,15.889619981883,1.02801459187513
4.918,0.808951261429363,1.02801459187513,1.02800317674272,15.8896270772179,15.8522100166229,15.889619981883,1.02801459187513
4.919,0.808951261429361,1.02801459187513,1.0280031054138,15.8896267224511,15.8522100166229,15.889619981883,1.02801459187513
4.92,0.808951261429359,1.02801459187513,1.02800303452781,15.8896263854227,15.8522100166229,15.889619981883,1.02801459187513
4.921,0.808951261429356,1.02801459187513,1.02800296408341,15.8896260652458,15.8522100166229,15.889619981883,1.02801459187513
4.922,0.808951261429354,1.02801459187513,1.02800289407922,15.8896257610776,15.8522100166229,15.889619981883,1.02801459187513
4.923,0.808951261429352,1.02801459187513,1.02800282451377,15.8896254721179,15.8522100166229,15.889619981883,1.02801459187513
4.924,0.808951261429349,1.02801459187513,1.02800275538553,15.8896251976062,15.8522100166229,15.889619981883,1.02801459187513
4.925,0.808951261429347,1.02801459187513,1.02800268669292,15.88962493682,15.8522100166229,15.889619981883,1.02801459187513
4.926,0.808951261429345,1.02801459187513,1.0280026184343,15.8896246890731,15.8522100166229,15.889619981883,1.02801459187513
4.927,0.808951261429342,1.02801459187513,1.02800255060796,15.8896244537136,15.8522100166229,15.889619981883,1.02801459187513
4.928,0.80895126142934,1.02801459187513,1.02800248321217,15.8896242301221,15.852210016623,15.889619981883,1.02801459187513
4.929,0.808951261429338,1.02801459187513,1.02800241624514,15.8896240177102,15.852210016623,15.889619981883,1.02801459187513
4.93,0.808951261429336,1.02801459187513,1.02800234970503,15.8896238159188,15.852210016623,15.889619981883,1.02801459187513
4.931,0.808951261429333,1.02801459187513,1.02800228358998,15.889623624217,15.852210016623,15.889619981883,1.02801459187513
4.932,0.808951261429331,1.02801459187513,1.02800221789808,15.8896234421003,15.852210016623,15.889619981883,1.02801459187513
4.933,0.808951261429329,1.02801459187513,1.02800215262738,15.8896232690895,15.852210016623,15.889619981883,1.02801459187513
4.934,0.808951261429327,1.02801459187513,1.02800208777593,15.8896231047291,15.852210016623,15.889619981883,1.02801459187513
4.935,0.808951261429325,1.02801459187513,1.02800202334171,15.8896229485868,15.852210016623,15.889619981883,1.02801459187513
4.936,0.808951261429322,1.02801459187514,1.02800195932271,15.8896228002516,15.852210016623,15.889619981883,1.02801459187514
4.937,0.80895126142932,1.02801459187514,1.02800189571687,15.8896226593332,15.852210016623,15.889619981883,1.02801459187514
4.938,0.808951261429318,1.02801459187514,1.02800183252211,15.8896225254607,15.852210016623,15.889619981883,1.02801459187514
4.939,0.808951261429316,1.02801459187514,1.02800176973635,15.8896223982818,15.852210016623,15.889619981883,1.02801459187514
4.94,0.808951261429314,1.02801459187514,1.02800170735747,15.8896222774619,15.852210016623,15.889619981883,1.02801459187514
4.941,0.808951261429312,1.02801459187514,1.02800164538335,15.8896221626829,15.852210016623,15.889619981883,1.02801459187514
4.942,0.80895126142931,1.02801459187514,1.02800158381185,15.8896220536429,15.8522100166231,15.889619981883,1.02801459187514
4.943,0.808951261429308,1.02801459187514,1.02800152264079,15.8896219500549,15.8522100166231,15.889619981883,1.02801459187514
4.944,0.808951261429306,1.02801459187514,1.02800146186803,15.8896218516463,15.8522100166231,15.889619981883,1.02801459187514
4.945,0.808951261429304,1.02801459187514,1.02800140149137,15.8896217581582,15.8522100166231,15.889619981883,1.02801459187514
4.946,0.808951261429302,1.02801459187514,1.02800134150863,15.8896216693444,15.8522100166231,15.889619981883,1.02801459187514
4.947,0.8089512614293,1.02801459187514,1.02800128191762,15.8896215849714,15.8522100166231,15.889619981883,1.02801459187514
4.948,0.808951261429298,1.02801459187514,1.02800122271612,15.8896215048169,15.8522100166231,15.889619981883,1.02801459187514
4.949,0.808951261429296,1.02801459187514,1.02800116390194,15.8896214286702,15.8522100166231,15.889619981883,1.02801459187514
4.95,0.808951261429294,1.02801459187514,1.02800110547285,15.8896213563309,15.8522100166231,15.889619981883,1.02801459187514
4.951,0.808951261429292,1.02801459187514,1.02800104742664,15.8896212876085,15.8522100166231,15.889619981883,1.02801459187514
4.952,0.80895126142929,1.02801459187514,1.02800098976109,15.8896212223222,15.8522100166231,15.889619981883,1.02801459187514
4.953,0.808951261429288,1.02801459187514,1.02800093247398,15.8896211603003,15.8522100166231,15.889619981883,1.02801459187514
4.954,0.808951261429286,1.02801459187514,1.02800087556308,15.8896211013794,15.8522100166231,15.889619981883,1.02801459187514
4.955,0.808951261429284,1.02801459187514,1.02800081902617,15.8896210454046,15.8522100166231,15.889619981883,1.02801459187514
4.956,0.808951261429283,1.02801459187514,1.02800076286103,15.8896209922285,15.8522100166231,15.889619981883,1.02801459187514
4.957,0.808951261429281,1.02801459187514,1.02800070706544,15.8896209417112,15.8522100166232,15.889619981883,1.02801459187514
4.958,0.808951261429279,1.02801459187514,1.02800065163718,15.8896208937198,15.8522100166232,15.889619981883,1.02801459187514
4.959,0.808951261429277,1.02801459187514,1.02800059657403,15.889620848128,15.8522100166232,15.889619981883,1.02801459187514
4.96,0.808951261429275,1.02801459187514,1.02800054187377,15.8896208048157,15.8522100166232,15.889619981883,1.02801459187514
4.961,0.808951261429273,1.02801459187514,1.0280004875342,15.8896207636691,15.8522100166232,15.889619981883,1.02801459187514
4.962,0.808951261429272,1.02801459187514,1.02800043355312,15.8896207245798,15.8522100166232,15.889619981883,1.02801459187514
4.963,0.80895126142927,1.02801459187514,1.02800037992832,15.889620687445,15.8522100166232,15.889619981883,1.02801459187514
4.964,0.808951261429268,1.02801459187514,1.0280003266576,15.8896206521669,15.8522100166232,15.889619981883,1.02801459187514
4.965,0.808951261429266,1.02801459187514,1.02800027373878,15.8896206186527,15.8522100166232,15.889619981883,1.02801459187514
4.966,0.808951261429264,1.02801459187514,1.02800022116967,15.8896205868142,15.8522100166232,15.889619981883,1.02801459187514
4.967,0.808951261429263,1.02801459187514,1.0280001689481,15.8896205565676,15.8522100166232,15.889619981883,1.02801459187514
4.968,0.808951261429261,1.02801459187514,1.02800011707189,15.8896205278334,15.8522100166232,15.889619981883,1.02801459187514
4.969,0.808951261429259,1.02801459187514,1.02800006553888,15.8896205005359,15.8522100166232,15.889619981883,1.02801459187514
4.97,0.808951261429257,1.02801459187514,1.02800001434691,15.8896204746032,15.8522100166232,15.889619981883,1.02801459187514
4.971,0.808951261429256,1.02801459187514,1.02799996349384,15.8896204499672,15.8522100166232,15.9911802469566,1.02801459187514
4.972,0.808951261429254,1.02801459187514,1.02799991297753,15.8946984398167,15.8522100166233,15.99148749293,1.02801459187514
4.973,0.808951261429252,1.02801459187514,1.02800032947103,15.8995378924724,15.8522100166233,15.890229351169,1.02801459187514
4.974,0.808951261429251,1.02801459187514,1.0280011879391,15.8990724654072,15.8522100166233,15.890229351169,1.02801459187514
4.975,0.808951261429249,1.02801459187514,1.02800199791077,15.8986303096953,15.8522100166233,15.890229351169,1.02801459187514
4.976,0.808951261429247,1.02801459187514,1.02800276184802,15.898210261769,15.8522100166233,15.890229351169,1.02801459187514
4.977,0.808951261429246,1.02801459187514,1.02800348208948,15.897811216239,15.8522100166233,15.890229351169,1.02801459187514
4.978,0.808951261429244,1.02801459187514,1.02800416085658,15.8974321229855,15.8522100166233,15.890229351169,1.02801459187514
4.979,0.808951261429242,1.02801459187514,1.02800480025947,15.8970719843947,15.8522100166233,15.890229351169,1.02801459187514
4.98,0.808951261429241,1.02801459187514,1.02800540230253,15.8967298527334,15.8522100166233,15.890229351169,1.02801459187514
4.981,0.808951261429239,1.02801459187515,1.02800596888969,15.8964048276552,15.8522100166233,15.890229351169,1.02801459187515
4.982,0.808951261429238,1.02801459187515,1.02800650182942,15.8960960538308,15.8522100166233,15.890229351169,1.02801459187515
4.983,0.808951261429236,1.02801459187515,1.02800700283955,15.8958027186978,15.8522100166233,15.890229351169,1.02801459187515
4.984,0.808951261429235,1.02801459187515,1.02800747355178,15.8955240503213,15.8522100166233,15.890229351169,1.02801459187515
4.985,0.808951261429233,1.02801459187515,1.028007915516,15.8952593153637,15.8522100166233,15.890229351169,1.02801459187515
4.986,0.808951261429232,1.02801459187515,1.02800833020434,15.895007817154,15.8522100166234,15.890229351169,1.02801459187515
4.987,0.80895126142923,1.02801459187515,1.02800871901512,15.8947688938547,15.8522100166234,15.890229351169,1.02801459187515
4.988,0.808951261429228,1.02801459187515,1.0280090832765,15.8945419167204,15.8522100166234,15.890229351169,1.02801459187515
4.989,0.808951261429227,1.02801459187515,1.02800942425003,15.8943262884429,15.8522100166234,15.890229351169,1.02801459187515
4.99,0.808951261429225,1.02801459187515,1.02800974313391,15.8941214415792,15.8522100166234,15.890229351169,1.02801459187515
4.991,0.808951261429224,1.02801459187515,1.02801004106623,15.8939268370587,15.8522100166234,15.890229351169,1.02801459187515
4.992,0.808951261429223,1.02801459187515,1.02801031912797,15.8937419627642,15.8522100166234,15.890229351169,1.02801459187515
4.993,0.808951261429221,1.02801459187515,1.02801057834581,15.8935663321844,15.8522100166234,15.890229351169,1.02801459187515
4.994,0.80895126142922,1.02801459187515,1.02801081969487,15.8933994831337,15.8522100166234,15.890229351169,1.02801459187515
4.995,0.808951261429218,1.02801459187515,1.02801104410133,15.8932409765354,15.8522100166234,15.890229351169,1.02801459187515
4.996,0.808951261429217,1.02801459187515,1.0280112524448,15.8930903952671,15.8522100166234,15.890229351169,1.02801459187515
4.997,0.808951261429215,1.02801459187515,1.02801144556073,15.8929473430622,15.8522100166234,15.890229351169,1.02801459187515
4.998,0.808951261429214,1.02801459187515,1.02801162424256,15.8928114434675,15.8522100166234,15.890229351169,1.02801459187515
4.999,0.808951261429212,1.02801459187515,1.02801178924385,15.8926823388526,15.8522100166234,15.890229351169,1.02801459187515
5,0.808951261429211,1.02801459187515,1.02801194128027,15.8925596894684,15.8522100166234,15.890229351169,1.02801459187515
